N,y,q,r,y_digits,q_digits,q_norm,q_bin,y_six_digits,exact,correct_digits,valid_digits
247,4669,18,223,4,2,0.07317073,Q0_25,False,0,1,3
247,25191,101,244,5,3,0.41056911,Q25_50,False,0,1,3
247,43879,177,160,5,3,0.7195122,Q50_75,False,0,1,3
247,38860,157,81,5,3,0.63821138,Q50_75,False,0,1,2
247,48617,196,205,5,3,0.79674797,Q75_100,False,0,1,3
247,36703,148,147,5,3,0.60162602,Q50_75,False,0,1,3
247,50936,206,54,5,3,0.83739837,Q75_100,False,0,0,2
247,8580,34,182,4,2,0.13821138,Q0_25,False,0,2,3
247,55038,222,204,5,3,0.90243902,Q75_100,False,0,1,3
247,37862,153,71,5,3,0.62195122,Q50_75,False,0,1,2
247,42896,173,165,5,3,0.70325203,Q50_75,False,0,1,3
247,51589,208,213,5,3,0.84552846,Q75_100,False,0,2,3
247,3175,12,211,4,2,0.04878049,Q0_25,False,0,2,3
247,54045,218,199,5,3,0.88617886,Q75_100,False,0,0,3
247,13641,55,56,5,2,0.22357724,Q0_25,False,0,1,2
247,18303,74,25,5,2,0.30081301,Q25_50,False,0,0,2
247,12795,51,198,5,2,0.20731707,Q0_25,False,0,0,3
247,25321,102,127,5,3,0.41463415,Q25_50,False,0,1,3
247,4284,17,85,4,2,0.06910569,Q0_25,False,0,1,2
247,43609,176,137,5,3,0.71544715,Q50_75,False,0,1,3
247,59785,242,11,5,3,0.98373984,Q75_100,False,1,2,2
247,53730,217,131,5,3,0.88211382,Q75_100,False,0,1,3
247,16821,68,25,5,2,0.27642276,Q25_50,False,0,0,2
247,55463,224,135,5,3,0.91056911,Q75_100,False,0,2,3
247,34959,141,132,5,3,0.57317073,Q50_75,False,0,1,3
247,24814,100,114,5,3,0.40650407,Q25_50,False,0,1,3
247,43787,177,68,5,3,0.7195122,Q50_75,False,0,0,2
247,55295,223,214,5,3,0.90650407,Q75_100,False,0,1,3
247,47435,192,11,5,3,0.7804878,Q75_100,False,1,2,2
247,50194,203,53,5,3,0.82520325,Q75_100,False,0,0,2
247,1741,7,12,4,1,0.02845528,Q0_25,False,0,1,2
247,2727,11,10,4,2,0.04471545,Q0_25,False,0,0,2
247,662,2,168,3,1,0.00813008,Q0_25,False,0,1,3
247,5128,20,188,4,2,0.08130081,Q0_25,False,0,0,3
247,12648,51,51,5,2,0.20731707,Q0_25,False,0,0,2
247,2970,12,6,4,2,0.04878049,Q0_25,False,0,0,1
247,52935,214,77,5,3,0.8699187,Q75_100,False,0,0,2
247,11417,46,55,5,2,0.18699187,Q0_25,False,0,0,2
247,3957,16,5,4,2,0.06504065,Q0_25,False,0,0,1
247,46757,189,74,5,3,0.76829268,Q75_100,False,0,1,2
247,16848,68,52,5,2,0.27642276,Q25_50,False,0,0,2
247,15074,61,7,5,2,0.24796748,Q0_25,False,1,1,1
247,31835,128,219,5,3,0.5203252,Q50_75,False,0,2,3
247,55508,224,180,5,3,0.91056911,Q75_100,False,0,1,3
247,55476,224,148,5,3,0.91056911,Q75_100,False,0,2,3
247,45542,184,94,5,3,0.74796748,Q50_75,False,0,1,2
247,20338,82,84,5,2,0.33333333,Q25_50,False,0,0,2
247,31500,127,131,5,3,0.51626016,Q50_75,False,0,2,3
247,2928,11,211,4,2,0.04471545,Q0_25,False,0,2,3
247,44961,182,7,5,3,0.7398374,Q50_75,False,0,0,1
247,7267,29,104,4,2,0.11788618,Q0_25,False,0,2,3
247,35902,145,87,5,3,0.58943089,Q50_75,False,0,0,2
247,55072,222,238,5,3,0.90243902,Q75_100,False,0,1,3
247,13628,55,43,5,2,0.22357724,Q0_25,False,0,0,2
247,21511,87,22,5,2,0.35365854,Q25_50,False,0,0,2
247,4969,20,29,4,2,0.08130081,Q0_25,False,0,1,2
247,4116,16,164,4,2,0.06504065,Q0_25,False,0,1,3
247,25708,104,20,5,3,0.42276423,Q25_50,False,0,0,2
247,22684,91,207,5,2,0.3699187,Q25_50,False,0,1,3
247,19721,79,208,5,2,0.32113821,Q25_50,False,0,1,3
247,46214,187,25,5,3,0.7601626,Q75_100,False,0,0,2
247,28260,114,102,5,3,0.46341463,Q25_50,False,0,0,3
247,4433,17,234,4,2,0.06910569,Q0_25,False,0,1,3
247,35680,144,112,5,3,0.58536585,Q50_75,False,0,2,3
247,38257,154,219,5,3,0.62601626,Q50_75,False,0,1,3
247,26323,106,141,5,3,0.43089431,Q25_50,False,0,1,3
247,29518,119,125,5,3,0.48373984,Q25_50,False,0,2,3
247,34790,140,210,5,3,0.56910569,Q50_75,False,0,2,3
247,10002,40,122,5,2,0.16260163,Q0_25,False,0,2,3
247,38959,157,180,5,3,0.63821138,Q50_75,False,0,1,3
247,13608,55,23,5,2,0.22357724,Q0_25,False,0,0,2
247,40404,163,143,5,3,0.66260163,Q50_75,False,0,1,3
247,4454,18,8,4,2,0.07317073,Q0_25,False,0,0,1
247,21894,88,158,5,2,0.35772358,Q25_50,False,0,1,3
247,31229,126,107,5,3,0.51219512,Q50_75,False,0,1,3
247,41637,168,141,5,3,0.68292683,Q50_75,False,0,1,3
247,53633,217,34,5,3,0.88211382,Q75_100,False,0,0,2
247,10370,41,243,5,2,0.16666667,Q0_25,False,0,1,3
247,58674,237,135,5,3,0.96341463,Q75_100,False,0,1,3
247,9829,39,196,4,2,0.15853659,Q0_25,False,0,1,3
247,40567,164,59,5,3,0.66666667,Q50_75,False,0,0,2
247,58273,235,228,5,3,0.95528455,Q75_100,False,0,1,3
247,21751,88,15,5,2,0.35772358,Q25_50,False,0,1,2
247,56075,227,6,5,3,0.92276423,Q75_100,False,0,0,1
247,29859,120,219,5,3,0.48780488,Q25_50,False,0,1,3
247,3722,15,17,4,2,0.06097561,Q0_25,False,0,0,2
247,58569,237,30,5,3,0.96341463,Q75_100,False,0,0,2
247,32933,133,82,5,3,0.54065041,Q50_75,False,0,1,2
247,9102,36,210,4,2,0.14634146,Q0_25,False,0,2,3
247,1580,6,98,4,1,0.02439024,Q0_25,False,0,0,2
247,54779,221,192,5,3,0.89837398,Q75_100,False,0,0,3
247,58335,236,43,5,3,0.95934959,Q75_100,False,0,0,2
247,25503,103,62,5,3,0.41869919,Q25_50,False,0,0,2
247,14249,57,170,5,2,0.23170732,Q0_25,False,0,1,3
247,33886,137,47,5,3,0.55691057,Q50_75,False,0,0,2
247,17045,69,2,5,2,0.2804878,Q25_50,False,0,0,1
247,15071,61,4,5,2,0.24796748,Q0_25,False,0,0,1
247,58586,237,47,5,3,0.96341463,Q75_100,False,0,0,2
247,16036,64,228,5,2,0.2601626,Q25_50,False,0,1,3
247,44902,181,195,5,3,0.73577236,Q50_75,False,0,1,3
247,30179,122,45,5,3,0.49593496,Q25_50,False,0,0,2
247,9988,40,108,4,2,0.16260163,Q0_25,False,0,1,3
247,44325,179,112,5,3,0.72764228,Q50_75,False,0,1,3
247,60617,245,102,5,3,0.99593496,Q75_100,False,0,1,3
247,55630,225,55,5,3,0.91463415,Q75_100,False,0,0,2
247,73,0,73,2,1,0.0,Q0_25,False,0,0,2
247,10634,43,13,5,2,0.17479675,Q0_25,False,0,1,2
247,51854,209,231,5,3,0.8495935,Q75_100,False,1,3,3
247,3643,14,185,4,2,0.05691057,Q0_25,False,0,1,3
247,24503,99,50,5,2,0.40243902,Q25_50,False,0,0,2
247,56407,228,91,5,3,0.92682927,Q75_100,False,0,0,2
247,4395,17,196,4,2,0.06910569,Q0_25,False,0,1,3
247,45615,184,167,5,3,0.74796748,Q50_75,False,0,1,3
247,12288,49,185,5,2,0.19918699,Q0_25,False,0,1,3
247,10763,43,142,5,2,0.17479675,Q0_25,False,0,1,3
247,33585,135,240,5,3,0.54878049,Q50_75,False,0,1,3
247,14547,58,221,5,2,0.23577236,Q0_25,False,0,1,3
247,44849,181,142,5,3,0.73577236,Q50_75,False,0,2,3
247,37298,151,1,5,3,0.61382114,Q50_75,False,0,0,1
247,56200,227,131,5,3,0.92276423,Q75_100,False,0,2,3
247,49029,198,123,5,3,0.80487805,Q75_100,False,0,1,3
247,43420,175,195,5,3,0.71138211,Q50_75,False,0,1,3
247,40339,163,78,5,3,0.66260163,Q50_75,False,0,0,2
247,20878,84,130,5,2,0.34146341,Q25_50,False,0,1,3
247,34460,139,127,5,3,0.56504065,Q50_75,False,0,1,3
247,23643,95,178,5,2,0.38617886,Q25_50,False,0,1,3
247,56567,229,4,5,3,0.93089431,Q75_100,False,1,1,1
247,6063,24,135,4,2,0.09756098,Q0_25,False,0,1,3
247,12113,49,10,5,2,0.19918699,Q0_25,False,0,1,2
247,23694,95,229,5,2,0.38617886,Q25_50,False,0,1,3
247,35138,142,64,5,3,0.57723577,Q50_75,False,0,0,2
247,1277,5,42,4,1,0.0203252,Q0_25,False,0,1,2
247,55974,226,152,5,3,0.91869919,Q75_100,False,0,1,3
247,37140,150,90,5,3,0.6097561,Q50_75,False,0,0,2
247,33157,134,59,5,3,0.54471545,Q50_75,False,0,0,2
247,30510,123,129,5,3,0.5,Q50_75,False,0,1,3
247,40630,164,122,5,3,0.66666667,Q50_75,False,0,1,3
247,46933,190,3,5,3,0.77235772,Q75_100,False,0,0,1
247,20453,82,199,5,2,0.33333333,Q25_50,False,0,0,3
247,23864,96,152,5,2,0.3902439,Q25_50,False,0,1,3
247,17172,69,129,5,2,0.2804878,Q25_50,False,0,1,3
247,45092,182,138,5,3,0.7398374,Q50_75,False,0,2,3
247,42118,170,128,5,3,0.69105691,Q50_75,False,0,1,3
247,25342,102,148,5,3,0.41463415,Q25_50,False,0,1,3
247,11924,48,68,5,2,0.19512195,Q0_25,False,0,0,2
247,20475,82,221,5,2,0.33333333,Q25_50,False,0,2,3
247,16394,66,92,5,2,0.26829268,Q25_50,False,0,0,2
247,8962,36,70,4,2,0.14634146,Q0_25,False,0,1,2
247,41975,169,232,5,3,0.68699187,Q50_75,False,0,1,3
247,20531,83,30,5,2,0.33739837,Q25_50,False,0,0,2
247,49921,202,27,5,3,0.82113821,Q75_100,False,0,1,2
247,11599,46,237,5,2,0.18699187,Q0_25,False,0,1,3
247,240,0,240,3,1,0.0,Q0_25,False,0,1,3
247,46140,186,198,5,3,0.75609756,Q75_100,False,0,1,3
247,9078,36,186,4,2,0.14634146,Q0_25,False,0,1,3
247,9729,39,96,4,2,0.15853659,Q0_25,False,0,1,2
247,29718,120,78,5,3,0.48780488,Q25_50,False,0,0,2
247,26672,107,243,5,3,0.43495935,Q25_50,False,0,1,3
247,52255,211,138,5,3,0.85772358,Q75_100,False,0,2,3
247,42773,173,42,5,3,0.70325203,Q50_75,False,0,0,2
247,44332,179,119,5,3,0.72764228,Q50_75,False,0,1,3
247,12228,49,125,5,2,0.19918699,Q0_25,False,0,1,3
247,21274,86,32,5,2,0.3495935,Q25_50,False,0,1,2
247,34950,141,123,5,3,0.57317073,Q50_75,False,0,1,3
247,53,0,53,2,1,0.0,Q0_25,False,0,0,2
247,59311,240,31,5,3,0.97560976,Q75_100,False,0,1,2
247,51890,210,20,5,3,0.85365854,Q75_100,False,0,0,2
247,59855,242,81,5,3,0.98373984,Q75_100,False,0,0,2
247,47726,193,55,5,3,0.78455285,Q75_100,False,0,0,2
247,27954,113,43,5,3,0.45934959,Q25_50,False,0,0,2
247,40726,164,218,5,3,0.66666667,Q50_75,False,0,2,3
247,56439,228,123,5,3,0.92682927,Q75_100,False,0,1,3
247,51738,209,115,5,3,0.8495935,Q75_100,False,0,1,3
247,3362,13,151,4,2,0.05284553,Q0_25,False,0,1,3
247,5227,21,40,4,2,0.08536585,Q0_25,False,0,0,2
247,9276,37,137,4,2,0.1504065,Q0_25,False,0,1,3
247,10108,40,228,5,2,0.16260163,Q0_25,False,0,1,3
247,56257,227,188,5,3,0.92276423,Q75_100,False,0,1,3
247,13260,53,169,5,2,0.21544715,Q0_25,False,0,1,3
247,60969,246,207,5,3,1.0,Q75_100,False,0,1,3
247,14330,58,4,5,2,0.23577236,Q0_25,False,0,0,1
247,20823,84,75,5,2,0.34146341,Q25_50,False,0,0,2
247,59430,240,150,5,3,0.97560976,Q75_100,False,0,1,3
247,2966,12,2,4,2,0.04878049,Q0_25,False,0,0,1
247,7037,28,121,4,2,0.11382114,Q0_25,False,0,2,3
247,48707,197,48,5,3,0.80081301,Q75_100,False,0,0,2
247,33277,134,179,5,3,0.54471545,Q50_75,False,0,1,3
247,9008,36,116,4,2,0.14634146,Q0_25,False,0,1,3
247,53354,216,2,5,3,0.87804878,Q75_100,False,0,0,1
247,15773,63,212,5,2,0.25609756,Q25_50,False,0,2,3
247,33029,133,178,5,3,0.54065041,Q50_75,False,0,1,3
247,56463,228,147,5,3,0.92682927,Q75_100,False,0,2,3
247,48923,198,17,5,3,0.80487805,Q75_100,False,0,1,2
247,35256,142,182,5,3,0.57723577,Q50_75,False,0,1,3
247,490,1,243,3,1,0.00406504,Q0_25,False,0,1,3
247,1233,4,245,4,1,0.01626016,Q0_25,False,0,1,3
247,38173,154,135,5,3,0.62601626,Q50_75,False,0,1,3
247,23893,96,181,5,2,0.3902439,Q25_50,False,0,2,3
247,5566,22,132,4,2,0.08943089,Q0_25,False,0,1,3
247,55628,225,53,5,3,0.91463415,Q75_100,False,0,0,2
247,43573,176,101,5,3,0.71544715,Q50_75,False,0,1,3
247,14004,56,172,5,2,0.22764228,Q0_25,False,0,1,3
247,35214,142,140,5,3,0.57723577,Q50_75,False,0,1,3
247,30357,122,223,5,3,0.49593496,Q25_50,False,0,2,3
247,33630,136,38,5,3,0.55284553,Q50_75,False,0,0,2
247,32150,130,40,5,3,0.52845528,Q50_75,False,0,0,2
247,58338,236,46,5,3,0.95934959,Q75_100,False,0,0,2
247,37001,149,198,5,3,0.60569106,Q50_75,False,0,0,3
247,42463,171,226,5,3,0.69512195,Q50_75,False,0,1,3
247,51730,209,107,5,3,0.8495935,Q75_100,False,0,1,3
247,32509,131,152,5,3,0.53252033,Q50_75,False,0,1,3
247,55061,222,227,5,3,0.90243902,Q75_100,False,0,1,3
247,54739,221,152,5,3,0.89837398,Q75_100,False,0,1,3
247,51694,209,71,5,3,0.8495935,Q75_100,False,0,1,2
247,4361,17,162,4,2,0.06910569,Q0_25,False,0,2,3
247,31011,125,136,5,3,0.50813008,Q50_75,False,0,2,3
247,14913,60,93,5,2,0.24390244,Q0_25,False,0,0,2
247,17689,71,152,5,2,0.28861789,Q25_50,False,0,2,3
247,41220,166,218,5,3,0.67479675,Q50_75,False,0,2,3
247,50922,206,40,5,3,0.83739837,Q75_100,False,0,0,2
247,48701,197,42,5,3,0.80081301,Q75_100,False,0,0,2
247,37426,151,129,5,3,0.61382114,Q50_75,False,0,1,3
247,29665,120,25,5,3,0.48780488,Q25_50,False,0,1,2
247,5924,23,243,4,2,0.09349593,Q0_25,False,0,2,3
247,2371,9,148,4,1,0.03658537,Q0_25,False,0,1,3
247,4185,16,233,4,2,0.06504065,Q0_25,False,1,3,3
247,43720,177,1,5,3,0.7195122,Q50_75,False,1,1,1
247,17841,72,57,5,2,0.29268293,Q25_50,False,0,0,2
247,48825,197,166,5,3,0.80081301,Q75_100,False,0,1,3
247,21772,88,36,5,2,0.35772358,Q25_50,False,0,1,2
247,25317,102,123,5,3,0.41463415,Q25_50,False,0,1,3
247,51363,207,234,5,3,0.84146341,Q75_100,False,0,2,3
247,56290,227,221,5,3,0.92276423,Q75_100,False,0,1,3
247,15239,61,172,5,2,0.24796748,Q0_25,False,0,1,3
247,41609,168,113,5,3,0.68292683,Q50_75,False,0,2,3
247,60458,244,190,5,3,0.99186992,Q75_100,False,0,1,3
247,31343,126,221,5,3,0.51219512,Q50_75,False,0,2,3
247,5303,21,116,4,2,0.08536585,Q0_25,False,0,2,3
247,35910,145,95,5,3,0.58943089,Q50_75,False,0,0,2
247,56568,229,5,5,3,0.93089431,Q75_100,False,0,0,1
247,9901,40,21,4,2,0.16260163,Q0_25,False,0,1,2
247,60710,245,195,5,3,0.99593496,Q75_100,False,0,1,3
247,15577,63,16,5,2,0.25609756,Q25_50,False,0,1,2
247,4984,20,44,4,2,0.08130081,Q0_25,False,0,1,2
247,20205,81,198,5,2,0.32926829,Q25_50,False,0,1,3
247,45647,184,199,5,3,0.74796748,Q50_75,False,0,0,3
247,33356,135,11,5,3,0.54878049,Q50_75,False,1,2,2
247,4295,17,96,4,2,0.06910569,Q0_25,False,0,1,2
247,50577,204,189,5,3,0.82926829,Q75_100,False,0,1,3
247,58309,236,17,5,3,0.95934959,Q75_100,False,0,0,2
247,41569,168,73,5,3,0.68292683,Q50_75,False,0,0,2
247,29986,121,99,5,3,0.49186992,Q25_50,False,0,0,2
247,45295,183,94,5,3,0.74390244,Q50_75,False,0,0,2
247,2036,8,60,4,1,0.03252033,Q0_25,False,0,0,2
247,60853,246,91,5,3,1.0,Q75_100,False,0,1,2
247,54634,221,47,5,3,0.89837398,Q75_100,False,0,1,2
247,59117,239,84,5,3,0.97154472,Q75_100,False,0,0,2
247,38438,155,153,5,3,0.6300813,Q50_75,False,0,1,3
247,22791,92,67,5,2,0.37398374,Q25_50,False,0,0,2
247,40872,165,117,5,3,0.67073171,Q50_75,False,0,1,3
247,48741,197,82,5,3,0.80081301,Q75_100,False,0,0,2
247,8927,36,35,4,2,0.14634146,Q0_25,False,0,0,2
247,20241,81,234,5,2,0.32926829,Q25_50,False,0,1,3
247,12423,50,73,5,2,0.20325203,Q0_25,False,0,0,2
247,47209,191,32,5,3,0.77642276,Q75_100,False,0,1,2
247,51802,209,179,5,3,0.8495935,Q75_100,False,0,1,3
247,51076,206,194,5,3,0.83739837,Q75_100,False,0,0,3
247,21864,88,128,5,2,0.35772358,Q25_50,False,0,1,3
247,38571,156,39,5,3,0.63414634,Q50_75,False,0,0,2
247,8368,33,217,4,2,0.13414634,Q0_25,False,0,1,3
247,39040,158,14,5,3,0.64227642,Q50_75,False,0,1,2
247,51414,208,38,5,3,0.84552846,Q75_100,False,0,0,2
247,12109,49,6,5,2,0.19918699,Q0_25,False,0,0,1
247,60022,243,1,5,3,0.98780488,Q75_100,False,1,1,1
247,4931,19,238,4,2,0.07723577,Q0_25,False,0,1,3
247,56879,230,69,5,3,0.93495935,Q75_100,False,0,0,2
247,44188,178,222,5,3,0.72357724,Q50_75,False,0,1,3
247,8158,33,7,4,2,0.13414634,Q0_25,False,0,0,1
247,52664,213,53,5,3,0.86585366,Q75_100,False,0,0,2
247,31883,129,20,5,3,0.52439024,Q50_75,False,0,0,2
247,24937,100,237,5,3,0.40650407,Q25_50,False,0,2,3
247,48427,196,15,5,3,0.79674797,Q75_100,False,0,1,2
247,17556,71,19,5,2,0.28861789,Q25_50,False,0,1,2
247,26402,106,220,5,3,0.43089431,Q25_50,False,0,1,3
247,25188,101,241,5,3,0.41056911,Q25_50,False,0,2,3
247,38123,154,85,5,3,0.62601626,Q50_75,False,0,0,2
247,27334,110,164,5,3,0.44715447,Q25_50,False,0,1,3
247,50917,206,35,5,3,0.83739837,Q75_100,False,0,0,2
247,23576,95,111,5,2,0.38617886,Q25_50,False,1,3,3
247,21087,85,92,5,2,0.34552846,Q25_50,False,0,1,2
247,45568,184,120,5,3,0.74796748,Q50_75,False,0,1,3
247,2901,11,184,4,2,0.04471545,Q0_25,False,0,2,3
247,42063,170,73,5,3,0.69105691,Q50_75,False,0,0,2
247,3355,13,144,4,2,0.05284553,Q0_25,False,0,2,3
247,42545,172,61,5,3,0.69918699,Q50_75,False,0,1,2
247,3759,15,54,4,2,0.06097561,Q0_25,False,0,0,2
247,4761,19,68,4,2,0.07723577,Q0_25,False,0,1,2
247,2940,11,223,4,2,0.04471545,Q0_25,False,0,2,3
247,3203,12,239,4,2,0.04878049,Q0_25,False,0,1,3
247,26108,105,173,5,3,0.42682927,Q25_50,False,0,1,3
247,35645,144,77,5,3,0.58536585,Q50_75,False,0,0,2
247,40530,164,22,5,3,0.66666667,Q50_75,False,0,0,2
247,45704,185,9,5,3,0.75203252,Q75_100,False,0,0,1
247,31566,127,197,5,3,0.51626016,Q50_75,False,0,1,3
247,57310,232,6,5,3,0.94308943,Q75_100,False,0,0,1
247,26109,105,174,5,3,0.42682927,Q25_50,False,0,1,3
247,27147,109,224,5,3,0.44308943,Q25_50,False,0,2,3
247,33631,136,39,5,3,0.55284553,Q50_75,False,0,0,2
247,60346,244,78,5,3,0.99186992,Q75_100,False,0,0,2
247,2447,9,224,4,1,0.03658537,Q0_25,False,0,2,3
247,43763,177,44,5,3,0.7195122,Q50_75,False,0,1,2
247,57416,232,112,5,3,0.94308943,Q75_100,False,0,1,3
247,31888,129,25,5,3,0.52439024,Q50_75,False,0,0,2
247,45102,182,148,5,3,0.7398374,Q50_75,False,0,1,3
247,49558,200,158,5,3,0.81300813,Q75_100,False,0,1,3
247,46560,188,124,5,3,0.76422764,Q75_100,False,0,2,3
247,41737,168,241,5,3,0.68292683,Q50_75,False,0,1,3
247,6930,28,14,4,2,0.11382114,Q0_25,False,0,0,2
247,22435,90,205,5,2,0.36585366,Q25_50,False,0,1,3
247,21001,85,6,5,2,0.34552846,Q25_50,False,0,0,1
247,4973,20,33,4,2,0.08130081,Q0_25,False,0,0,2
247,16800,68,4,5,2,0.27642276,Q25_50,False,0,0,1
247,15463,62,149,5,2,0.25203252,Q25_50,False,0,1,3
247,7906,32,2,4,2,0.1300813,Q0_25,False,0,0,1
247,46888,189,205,5,3,0.76829268,Q75_100,False,0,1,3
247,451,1,204,3,1,0.00406504,Q0_25,False,0,1,3
247,26666,107,237,5,3,0.43495935,Q25_50,False,0,1,3
247,19446,78,180,5,2,0.31707317,Q25_50,False,0,1,3
247,58468,236,176,5,3,0.95934959,Q75_100,False,0,1,3
247,12395,50,45,5,2,0.20325203,Q0_25,False,0,0,2
247,10840,43,219,5,2,0.17479675,Q0_25,False,0,2,3
247,57282,231,225,5,3,0.93902439,Q75_100,False,0,1,3
247,42209,170,219,5,3,0.69105691,Q50_75,False,0,2,3
247,35892,145,77,5,3,0.58943089,Q50_75,False,0,0,2
247,43839,177,120,5,3,0.7195122,Q50_75,False,0,1,3
247,56130,227,61,5,3,0.92276423,Q75_100,False,0,0,2
247,52272,211,155,5,3,0.85772358,Q75_100,False,0,1,3
247,2016,8,40,4,1,0.03252033,Q0_25,False,0,1,2
247,23846,96,134,5,2,0.3902439,Q25_50,False,0,1,3
247,12482,50,132,5,2,0.20325203,Q0_25,False,0,1,3
247,15351,62,37,5,2,0.25203252,Q25_50,False,0,0,2
247,21642,87,153,5,2,0.35365854,Q25_50,False,0,1,3
247,57536,232,232,5,3,0.94308943,Q75_100,False,0,2,3
247,23784,96,72,5,2,0.3902439,Q25_50,False,0,0,2
247,38888,157,109,5,3,0.63821138,Q50_75,False,0,0,3
247,119,0,119,3,1,0.0,Q0_25,False,0,1,3
247,44934,181,227,5,3,0.73577236,Q50_75,False,0,2,3
247,24302,98,96,5,2,0.39837398,Q25_50,False,0,0,2
247,55571,224,243,5,3,0.91056911,Q75_100,False,0,1,3
247,52083,210,213,5,3,0.85365854,Q75_100,False,0,2,3
247,21669,87,180,5,2,0.35365854,Q25_50,False,0,1,3
247,32458,131,101,5,3,0.53252033,Q50_75,False,0,2,3
247,54023,218,177,5,3,0.88617886,Q75_100,False,0,1,3
247,998,4,10,3,1,0.01626016,Q0_25,False,0,0,2
247,4986,20,46,4,2,0.08130081,Q0_25,False,0,1,2
247,39944,161,177,5,3,0.65447154,Q50_75,False,0,1,3
247,21118,85,123,5,2,0.34552846,Q25_50,False,0,1,3
247,9019,36,127,4,2,0.14634146,Q0_25,False,0,1,3
247,21655,87,166,5,2,0.35365854,Q25_50,False,0,1,3
247,27682,112,18,5,3,0.45528455,Q25_50,False,0,1,2
247,35822,145,7,5,3,0.58943089,Q50_75,False,0,0,1
247,44292,179,79,5,3,0.72764228,Q50_75,False,0,0,2
247,32212,130,102,5,3,0.52845528,Q50_75,False,0,1,3
247,6881,27,212,4,2,0.1097561,Q0_25,False,0,2,3
247,31501,127,132,5,3,0.51626016,Q50_75,False,0,1,3
247,38194,154,156,5,3,0.62601626,Q50_75,False,0,1,3
247,32948,133,97,5,3,0.54065041,Q50_75,False,0,0,2
247,35937,145,122,5,3,0.58943089,Q50_75,False,0,1,3
247,52620,213,9,5,3,0.86585366,Q75_100,False,0,0,1
247,36350,147,41,5,3,0.59756098,Q50_75,False,0,1,2
247,45331,183,130,5,3,0.74390244,Q50_75,False,0,2,3
247,1791,7,62,4,1,0.02845528,Q0_25,False,0,1,2
247,25281,102,87,5,3,0.41463415,Q25_50,False,0,0,2
247,3223,13,12,4,2,0.05284553,Q0_25,False,0,1,2
247,51339,207,210,5,3,0.84146341,Q75_100,False,0,1,3
247,57895,234,97,5,3,0.95121951,Q75_100,False,0,0,2
247,59501,240,221,5,3,0.97560976,Q75_100,False,0,0,3
247,41258,167,9,5,3,0.67886179,Q50_75,False,0,0,1
247,5020,20,80,4,2,0.08130081,Q0_25,False,0,0,2
247,60265,243,244,5,3,0.98780488,Q75_100,False,0,1,3
247,48771,197,112,5,3,0.80081301,Q75_100,False,0,1,3
247,24173,97,214,5,2,0.39430894,Q25_50,False,0,2,3
247,26851,108,175,5,3,0.43902439,Q25_50,False,0,1,3
247,32219,130,109,5,3,0.52845528,Q50_75,False,0,1,3
247,23299,94,81,5,2,0.38211382,Q25_50,False,0,1,2
247,47923,194,5,5,3,0.78861789,Q75_100,False,0,0,1
247,32133,130,23,5,3,0.52845528,Q50_75,False,0,0,2
247,54509,220,169,5,3,0.89430894,Q75_100,False,0,1,3
247,48506,196,94,5,3,0.79674797,Q75_100,False,0,0,2
247,15150,61,83,5,2,0.24796748,Q0_25,False,0,0,2
247,47071,190,141,5,3,0.77235772,Q75_100,False,0,2,3
247,28686,116,34,5,3,0.47154472,Q25_50,False,0,0,2
247,22474,90,244,5,2,0.36585366,Q25_50,False,0,1,3
247,39983,161,216,5,3,0.65447154,Q50_75,False,0,2,3
247,11360,45,245,5,2,0.18292683,Q0_25,False,0,1,3
247,35729,144,161,5,3,0.58536585,Q50_75,False,0,1,3
247,27684,112,20,5,3,0.45528455,Q25_50,False,0,0,2
247,10791,43,170,5,2,0.17479675,Q0_25,False,0,1,3
247,56289,227,220,5,3,0.92276423,Q75_100,False,0,1,3
247,38444,155,159,5,3,0.6300813,Q50_75,False,0,1,3
247,54933,222,99,5,3,0.90243902,Q75_100,False,0,0,2
247,40750,164,242,5,3,0.66666667,Q50_75,False,0,1,3
247,52914,214,56,5,3,0.8699187,Q75_100,False,0,1,2
247,19026,77,7,5,2,0.31300813,Q25_50,False,0,0,1
247,18897,76,125,5,2,0.30894309,Q25_50,False,0,0,3
247,8722,35,77,4,2,0.14227642,Q0_25,False,0,1,2
247,17761,71,224,5,2,0.28861789,Q25_50,False,0,2,3
247,34450,139,117,5,3,0.56504065,Q50_75,False,0,1,3
247,8611,34,213,4,2,0.13821138,Q0_25,False,0,2,3
247,59530,241,3,5,3,0.9796748,Q75_100,False,0,0,1
247,32321,130,211,5,3,0.52845528,Q50_75,False,0,2,3
247,27315,110,145,5,3,0.44715447,Q25_50,False,0,1,3
247,56301,227,232,5,3,0.92276423,Q75_100,False,0,2,3
247,60834,246,72,5,3,1.0,Q75_100,False,0,0,2
247,46382,187,193,5,3,0.7601626,Q75_100,False,0,1,3
247,53416,216,64,5,3,0.87804878,Q75_100,False,0,0,2
247,3337,13,126,4,2,0.05284553,Q0_25,False,0,2,3
247,10764,43,143,5,2,0.17479675,Q0_25,False,0,1,3
247,45348,183,147,5,3,0.74390244,Q50_75,False,0,1,3
247,2200,8,224,4,1,0.03252033,Q0_25,False,0,2,3
247,21886,88,150,5,2,0.35772358,Q25_50,False,0,1,3
247,50264,203,123,5,3,0.82520325,Q75_100,False,0,1,3
247,41911,169,168,5,3,0.68699187,Q50_75,False,0,1,3
247,47085,190,155,5,3,0.77235772,Q75_100,False,0,1,3
247,48734,197,75,5,3,0.80081301,Q75_100,False,0,0,2
247,27803,112,139,5,3,0.45528455,Q25_50,False,0,1,3
247,41815,169,72,5,3,0.68699187,Q50_75,False,0,0,2
247,20087,81,80,5,2,0.32926829,Q25_50,False,0,0,2
247,23523,95,58,5,2,0.38617886,Q25_50,False,0,0,2
247,5395,21,208,4,2,0.08536585,Q0_25,False,0,1,3
247,45463,184,15,5,3,0.74796748,Q50_75,False,0,1,2
247,37016,149,213,5,3,0.60569106,Q50_75,False,0,2,3
247,29226,118,80,5,3,0.4796748,Q25_50,False,0,0,2
247,3920,15,215,4,2,0.06097561,Q0_25,False,0,2,3
247,10079,40,199,5,2,0.16260163,Q0_25,False,0,0,3
247,11500,46,138,5,2,0.18699187,Q0_25,False,0,1,3
247,11780,47,171,5,2,0.19105691,Q0_25,False,0,2,3
247,20346,82,92,5,2,0.33333333,Q25_50,False,0,0,2
247,10486,42,112,5,2,0.17073171,Q0_25,False,0,2,3
247,34161,138,75,5,3,0.56097561,Q50_75,False,0,0,2
247,48078,194,160,5,3,0.78861789,Q75_100,False,0,1,3
247,40710,164,202,5,3,0.66666667,Q50_75,False,0,1,3
247,30158,122,24,5,3,0.49593496,Q25_50,False,0,0,2
247,53513,216,161,5,3,0.87804878,Q75_100,False,0,1,3
247,8190,33,39,4,2,0.13414634,Q0_25,False,0,0,2
247,58598,237,59,5,3,0.96341463,Q75_100,False,0,0,2
247,48220,195,55,5,3,0.79268293,Q75_100,False,0,0,2
247,31184,126,62,5,3,0.51219512,Q50_75,False,0,1,2
247,2060,8,84,4,1,0.03252033,Q0_25,False,0,1,2
247,25277,102,83,5,3,0.41463415,Q25_50,False,0,0,2
247,56686,229,123,5,3,0.93089431,Q75_100,False,0,1,3
247,50841,205,206,5,3,0.83333333,Q75_100,False,0,1,3
247,19058,77,39,5,2,0.31300813,Q25_50,False,0,0,2
247,29669,120,29,5,3,0.48780488,Q25_50,False,0,1,2
247,43285,175,60,5,3,0.71138211,Q50_75,False,0,0,2
247,13419,54,81,5,2,0.2195122,Q0_25,False,0,1,2
247,35009,141,182,5,3,0.57317073,Q50_75,False,0,2,3
247,11897,48,41,5,2,0.19512195,Q0_25,False,0,1,2
247,47047,190,117,5,3,0.77235772,Q75_100,False,0,1,3
247,59731,241,204,5,3,0.9796748,Q75_100,False,0,1,3
247,11076,44,208,5,2,0.17886179,Q0_25,False,0,1,3
247,25767,104,79,5,3,0.42276423,Q25_50,False,0,0,2
247,38413,155,128,5,3,0.6300813,Q50_75,False,0,1,3
247,13729,55,144,5,2,0.22357724,Q0_25,False,0,1,3
247,3584,14,126,4,2,0.05691057,Q0_25,False,0,1,3
247,48260,195,95,5,3,0.79268293,Q75_100,False,0,0,2
247,56559,228,243,5,3,0.92682927,Q75_100,False,0,1,3
247,12463,50,113,5,2,0.20325203,Q0_25,False,0,1,3
247,4531,18,85,4,2,0.07317073,Q0_25,False,0,1,2
247,54148,219,55,5,3,0.8902439,Q75_100,False,0,0,2
247,59187,239,154,5,3,0.97154472,Q75_100,False,0,1,3
247,31812,128,196,5,3,0.5203252,Q50_75,False,0,1,3
247,28578,115,173,5,3,0.46747967,Q25_50,False,0,1,3
247,55460,224,132,5,3,0.91056911,Q75_100,False,0,2,3
247,31151,126,29,5,3,0.51219512,Q50_75,False,0,0,2
247,51851,209,228,5,3,0.8495935,Q75_100,False,0,1,3
247,6795,27,126,4,2,0.1097561,Q0_25,False,0,1,3
247,13416,54,78,5,2,0.2195122,Q0_25,False,0,0,2
247,57791,233,240,5,3,0.94715447,Q75_100,False,0,1,3
247,33316,134,218,5,3,0.54471545,Q50_75,False,0,2,3
247,11620,47,11,5,2,0.19105691,Q0_25,False,0,1,2
247,14977,60,157,5,2,0.24390244,Q0_25,False,0,2,3
247,29140,117,241,5,3,0.47560976,Q25_50,False,0,2,3
247,38330,155,45,5,3,0.6300813,Q50_75,False,0,0,2
247,4122,16,170,4,2,0.06504065,Q0_25,False,0,1,3
247,39635,160,115,5,3,0.6504065,Q50_75,False,0,1,3
247,16007,64,199,5,2,0.2601626,Q25_50,False,0,0,3
247,34528,139,195,5,3,0.56504065,Q50_75,False,0,1,3
247,58610,237,71,5,3,0.96341463,Q75_100,False,0,1,2
247,4474,18,28,4,2,0.07317073,Q0_25,False,0,1,2
247,17753,71,216,5,2,0.28861789,Q25_50,False,0,1,3
247,56151,227,82,5,3,0.92276423,Q75_100,False,0,0,2
247,59639,241,112,5,3,0.9796748,Q75_100,False,0,2,3
247,40607,164,99,5,3,0.66666667,Q50_75,False,0,0,2
247,10374,42,0,5,2,0.17073171,Q0_25,False,0,0,1
247,13702,55,117,5,2,0.22357724,Q0_25,False,0,2,3
247,36413,147,104,5,3,0.59756098,Q50_75,False,0,1,3
247,43694,176,222,5,3,0.71544715,Q50_75,False,0,1,3
247,60226,243,205,5,3,0.98780488,Q75_100,False,0,1,3
247,25108,101,161,5,3,0.41056911,Q25_50,False,0,2,3
247,50412,204,24,5,3,0.82926829,Q75_100,False,0,0,2
247,44884,181,177,5,3,0.73577236,Q50_75,False,0,1,3
247,13551,54,213,5,2,0.2195122,Q0_25,False,0,2,3
247,45604,184,156,5,3,0.74796748,Q50_75,False,0,1,3
247,4184,16,232,4,2,0.06504065,Q0_25,False,0,2,3
247,44018,178,52,5,3,0.72357724,Q50_75,False,0,0,2
247,50495,204,107,5,3,0.82926829,Q75_100,False,0,1,3
247,20406,82,152,5,2,0.33333333,Q25_50,False,0,1,3
247,55163,223,82,5,3,0.90650407,Q75_100,False,0,0,2
247,9815,39,182,4,2,0.15853659,Q0_25,False,0,1,3
247,27916,113,5,5,3,0.45934959,Q25_50,False,0,0,1
247,58837,238,51,5,3,0.96747967,Q75_100,False,0,0,2
247,57005,230,195,5,3,0.93495935,Q75_100,False,0,0,3
247,35384,143,63,5,3,0.58130081,Q50_75,False,0,0,2
247,28417,115,12,5,3,0.46747967,Q25_50,False,0,1,2
247,39990,161,223,5,3,0.65447154,Q50_75,False,0,2,3
247,2396,9,173,4,1,0.03658537,Q0_25,False,0,2,3
247,34796,140,216,5,3,0.56910569,Q50_75,False,0,2,3
247,20213,81,206,5,2,0.32926829,Q25_50,False,0,1,3
247,37230,150,180,5,3,0.6097561,Q50_75,False,0,1,3
247,56697,229,134,5,3,0.93089431,Q75_100,False,0,2,3
247,10778,43,157,5,2,0.17479675,Q0_25,False,0,1,3
247,27263,110,93,5,3,0.44715447,Q25_50,False,0,0,2
247,45060,182,106,5,3,0.7398374,Q50_75,False,0,1,3
247,38023,153,232,5,3,0.62195122,Q50_75,False,0,1,3
247,31937,129,74,5,3,0.52439024,Q50_75,False,0,1,2
247,2324,9,101,4,1,0.03658537,Q0_25,False,0,2,3
247,58115,235,70,5,3,0.95528455,Q75_100,False,0,0,2
247,17933,72,149,5,2,0.29268293,Q25_50,False,0,1,3
247,23407,94,189,5,2,0.38211382,Q25_50,False,0,1,3
247,10119,40,239,5,2,0.16260163,Q0_25,False,0,1,3
247,47983,194,65,5,3,0.78861789,Q75_100,False,0,0,2
247,24155,97,196,5,2,0.39430894,Q25_50,False,0,1,3
247,57177,231,120,5,3,0.93902439,Q75_100,False,0,1,3
247,30889,125,14,5,3,0.50813008,Q50_75,False,0,1,2
247,37676,152,132,5,3,0.61788618,Q50_75,False,0,2,3
247,8043,32,139,4,2,0.1300813,Q0_25,False,0,1,3
247,58714,237,175,5,3,0.96341463,Q75_100,False,0,1,3
247,14786,59,213,5,2,0.2398374,Q0_25,False,0,2,3
247,57096,231,39,5,3,0.93902439,Q75_100,False,0,0,2
247,32642,132,38,5,3,0.53658537,Q50_75,False,0,0,2
247,35777,144,209,5,3,0.58536585,Q50_75,False,0,1,3
247,14021,56,189,5,2,0.22764228,Q0_25,False,0,1,3
247,22586,91,109,5,2,0.3699187,Q25_50,False,0,1,3
247,18272,73,241,5,2,0.29674797,Q25_50,False,0,2,3
247,11783,47,174,5,2,0.19105691,Q0_25,False,0,1,3
247,37257,150,207,5,3,0.6097561,Q50_75,False,0,1,3
247,26215,106,33,5,3,0.43089431,Q25_50,False,0,0,2
247,34356,139,23,5,3,0.56504065,Q50_75,False,0,0,2
247,33717,136,125,5,3,0.55284553,Q50_75,False,0,1,3
247,41232,166,230,5,3,0.67479675,Q50_75,False,0,1,3
247,27329,110,159,5,3,0.44715447,Q25_50,False,0,1,3
247,60418,244,150,5,3,0.99186992,Q75_100,False,0,1,3
247,3341,13,130,4,2,0.05284553,Q0_25,False,0,2,3
247,5451,22,17,4,2,0.08943089,Q0_25,False,0,1,2
247,26331,106,149,5,3,0.43089431,Q25_50,False,0,1,3
247,4782,19,89,4,2,0.07723577,Q0_25,False,0,0,2
247,26270,106,88,5,3,0.43089431,Q25_50,False,0,0,2
247,98,0,98,2,1,0.0,Q0_25,False,0,0,2
247,37097,150,47,5,3,0.6097561,Q50_75,False,0,0,2
247,59611,241,84,5,3,0.9796748,Q75_100,False,0,0,2
247,28191,114,33,5,3,0.46341463,Q25_50,False,0,0,2
247,20410,82,156,5,2,0.33333333,Q25_50,False,0,1,3
247,49687,201,40,5,3,0.81707317,Q75_100,False,0,0,2
247,22389,90,159,5,2,0.36585366,Q25_50,False,0,1,3
247,50990,206,108,5,3,0.83739837,Q75_100,False,0,1,3
247,31353,126,231,5,3,0.51219512,Q50_75,False,0,2,3
247,53481,216,129,5,3,0.87804878,Q75_100,False,0,1,3
247,33186,134,88,5,3,0.54471545,Q50_75,False,0,0,2
247,36459,147,150,5,3,0.59756098,Q50_75,False,0,1,3
247,29342,118,196,5,3,0.4796748,Q25_50,False,0,1,3
247,60250,243,229,5,3,0.98780488,Q75_100,False,0,1,3
247,27990,113,79,5,3,0.45934959,Q25_50,False,0,0,2
247,6084,24,156,4,2,0.09756098,Q0_25,False,0,1,3
247,14257,57,178,5,2,0.23170732,Q0_25,False,0,1,3
247,47424,192,0,5,3,0.7804878,Q75_100,False,0,0,1
247,26381,106,199,5,3,0.43089431,Q25_50,False,0,0,3
247,20886,84,138,5,2,0.34146341,Q25_50,False,0,1,3
247,31039,125,164,5,3,0.50813008,Q50_75,False,0,1,3
247,29434,119,41,5,3,0.48373984,Q25_50,False,0,0,2
247,31813,128,197,5,3,0.5203252,Q50_75,False,0,1,3
247,22349,90,119,5,2,0.36585366,Q25_50,False,0,2,3
247,53258,215,153,5,3,0.87398374,Q75_100,False,0,1,3
247,25489,103,48,5,3,0.41869919,Q25_50,False,0,0,2
247,40485,163,224,5,3,0.66260163,Q50_75,False,0,1,3
247,14861,60,41,5,2,0.24390244,Q0_25,False,0,0,2
247,58171,235,126,5,3,0.95528455,Q75_100,False,0,0,3
247,19450,78,184,5,2,0.31707317,Q25_50,False,0,2,3
247,29092,117,193,5,3,0.47560976,Q25_50,False,0,1,3
247,23684,95,219,5,2,0.38617886,Q25_50,False,0,2,3
247,38096,154,58,5,3,0.62601626,Q50_75,False,0,0,2
247,59438,240,158,5,3,0.97560976,Q75_100,False,0,1,3
247,16346,66,44,5,2,0.26829268,Q25_50,False,0,0,2
247,43527,176,55,5,3,0.71544715,Q50_75,False,0,0,2
247,5011,20,71,4,2,0.08130081,Q0_25,False,0,1,2
247,53914,218,68,5,3,0.88617886,Q75_100,False,0,0,2
247,18844,76,72,5,2,0.30894309,Q25_50,False,0,0,2
247,14802,59,229,5,2,0.2398374,Q0_25,False,0,1,3
247,20591,83,90,5,2,0.33739837,Q25_50,False,0,0,2
247,34415,139,82,5,3,0.56504065,Q50_75,False,0,1,2
247,2620,10,150,4,2,0.04065041,Q0_25,False,0,1,3
247,42617,172,133,5,3,0.69918699,Q50_75,False,0,1,3
247,13243,53,152,5,2,0.21544715,Q0_25,False,0,1,3
247,56545,228,229,5,3,0.92682927,Q75_100,False,0,1,3
247,10857,43,236,5,2,0.17479675,Q0_25,False,0,1,3
247,16249,65,194,5,2,0.26422764,Q25_50,False,0,0,3
247,52582,212,218,5,3,0.86178862,Q75_100,False,0,2,3
247,31774,128,158,5,3,0.5203252,Q50_75,False,0,1,3
247,21418,86,176,5,2,0.3495935,Q25_50,False,0,1,3
247,21308,86,66,5,2,0.3495935,Q25_50,False,0,0,2
247,8911,36,19,4,2,0.14634146,Q0_25,False,0,1,2
247,6458,26,36,4,2,0.10569106,Q0_25,False,0,0,2
247,27729,112,65,5,3,0.45528455,Q25_50,False,0,0,2
247,1632,6,150,4,1,0.02439024,Q0_25,False,0,1,3
247,9831,39,198,4,2,0.15853659,Q0_25,False,0,1,3
247,13072,52,228,5,2,0.21138211,Q0_25,False,0,1,3
247,25599,103,158,5,3,0.41869919,Q25_50,False,0,1,3
247,13716,55,131,5,2,0.22357724,Q0_25,False,0,1,3
247,23819,96,107,5,2,0.3902439,Q25_50,False,0,1,3
247,40473,163,212,5,3,0.66260163,Q50_75,False,0,2,3
247,31827,128,211,5,3,0.5203252,Q50_75,False,0,1,3
247,33075,133,224,5,3,0.54065041,Q50_75,False,0,1,3
247,14351,58,25,5,2,0.23577236,Q0_25,False,0,0,2
247,17779,71,242,5,2,0.28861789,Q25_50,False,0,2,3
247,3199,12,235,4,2,0.04878049,Q0_25,False,0,1,3
247,16003,64,195,5,2,0.2601626,Q25_50,False,0,0,3
247,21078,85,83,5,2,0.34552846,Q25_50,False,0,0,2
247,13517,54,179,5,2,0.2195122,Q0_25,False,0,1,3
247,26959,109,36,5,3,0.44308943,Q25_50,False,0,1,2
247,20615,83,114,5,2,0.33739837,Q25_50,False,0,2,3
247,24384,98,178,5,2,0.39837398,Q25_50,False,0,1,3
247,21591,87,102,5,2,0.35365854,Q25_50,False,0,1,3
247,27301,110,131,5,3,0.44715447,Q25_50,False,0,2,3
247,35573,144,5,5,3,0.58536585,Q50_75,False,0,0,1
247,37198,150,148,5,3,0.6097561,Q50_75,False,0,1,3
247,13843,56,11,5,2,0.22764228,Q0_25,False,0,1,2
247,31751,128,135,5,3,0.5203252,Q50_75,False,0,1,3
247,39225,158,199,5,3,0.64227642,Q50_75,False,0,0,3
247,24738,100,38,5,3,0.40650407,Q25_50,False,0,0,2
247,51312,207,183,5,3,0.84146341,Q75_100,False,0,1,3
247,19246,77,227,5,2,0.31300813,Q25_50,False,0,1,3
247,8723,35,78,4,2,0.14227642,Q0_25,False,0,1,2
247,24212,98,6,5,2,0.39837398,Q25_50,False,1,1,1
247,6466,26,44,4,2,0.10569106,Q0_25,False,0,1,2
247,49405,200,5,5,3,0.81300813,Q75_100,False,0,0,1
247,11835,47,226,5,2,0.19105691,Q0_25,False,0,2,3
247,55709,225,134,5,3,0.91463415,Q75_100,False,0,1,3
247,22946,92,222,5,2,0.37398374,Q25_50,False,0,1,3
247,51286,207,157,5,3,0.84146341,Q75_100,False,0,1,3
247,2071,8,95,4,1,0.03252033,Q0_25,False,0,1,2
247,57510,232,206,5,3,0.94308943,Q75_100,False,0,1,3
247,22784,92,60,5,2,0.37398374,Q25_50,False,0,0,2
247,4638,18,192,4,2,0.07317073,Q0_25,False,0,0,3
247,986,3,245,3,1,0.01219512,Q0_25,False,0,2,3
247,2529,10,59,4,2,0.04065041,Q0_25,False,0,0,2
247,59733,241,206,5,3,0.9796748,Q75_100,False,0,1,3
247,20164,81,157,5,2,0.32926829,Q25_50,False,0,1,3
247,9724,39,91,4,2,0.15853659,Q0_25,False,0,0,2
247,9118,36,226,4,2,0.14634146,Q0_25,False,0,2,3
247,26376,106,194,5,3,0.43089431,Q25_50,False,0,1,3
247,40992,165,237,5,3,0.67073171,Q50_75,False,0,1,3
247,15267,61,200,5,2,0.24796748,Q0_25,False,0,1,3
247,50035,202,141,5,3,0.82113821,Q75_100,False,0,2,3
247,54305,219,212,5,3,0.8902439,Q75_100,False,0,1,3
247,30265,122,131,5,3,0.49593496,Q25_50,False,1,3,3
247,2138,8,162,4,1,0.03252033,Q0_25,False,0,1,3
247,33349,135,4,5,3,0.54878049,Q50_75,False,0,0,1
247,49453,200,53,5,3,0.81300813,Q75_100,False,0,0,2
247,14814,59,241,5,2,0.2398374,Q0_25,False,0,1,3
247,30373,122,239,5,3,0.49593496,Q25_50,False,0,1,3
247,43749,177,30,5,3,0.7195122,Q50_75,False,0,0,2
247,2662,10,192,4,2,0.04065041,Q0_25,False,0,2,3
247,44096,178,130,5,3,0.72357724,Q50_75,False,0,2,3
247,23213,93,242,5,2,0.37804878,Q25_50,False,0,1,3
247,6614,26,192,4,2,0.10569106,Q0_25,False,0,2,3
247,33752,136,160,5,3,0.55284553,Q50_75,False,0,1,3
247,33647,136,55,5,3,0.55284553,Q50_75,False,0,0,2
247,31863,129,0,5,3,0.52439024,Q50_75,False,0,0,1
247,47558,192,134,5,3,0.7804878,Q75_100,False,0,1,3
247,26191,106,9,5,3,0.43089431,Q25_50,False,0,0,1
247,27051,109,128,5,3,0.44308943,Q25_50,False,0,1,3
247,16270,65,215,5,2,0.26422764,Q25_50,False,0,2,3
247,54332,219,239,5,3,0.8902439,Q75_100,False,0,1,3
247,11548,46,186,5,2,0.18699187,Q0_25,False,0,1,3
247,21000,85,5,5,2,0.34552846,Q25_50,False,0,0,1
247,23997,97,38,5,2,0.39430894,Q25_50,False,0,0,2
247,37483,151,186,5,3,0.61382114,Q50_75,False,0,1,3
247,35077,142,3,5,3,0.57723577,Q50_75,False,0,0,1
247,20108,81,101,5,2,0.32926829,Q25_50,False,0,2,3
247,10975,44,107,5,2,0.17886179,Q0_25,False,0,1,3
247,52006,210,136,5,3,0.85365854,Q75_100,False,0,1,3
247,14761,59,188,5,2,0.2398374,Q0_25,False,0,1,3
247,52763,213,152,5,3,0.86585366,Q75_100,False,0,1,3
247,57374,232,70,5,3,0.94308943,Q75_100,False,0,0,2
247,31940,129,77,5,3,0.52439024,Q50_75,False,0,1,2
247,1023,4,35,4,1,0.01626016,Q0_25,False,0,0,2
247,51009,206,127,5,3,0.83739837,Q75_100,False,0,1,3
247,40319,163,58,5,3,0.66260163,Q50_75,False,0,0,2
247,28363,114,205,5,3,0.46341463,Q25_50,False,0,1,3
247,53987,218,141,5,3,0.88617886,Q75_100,False,0,2,3
247,8558,34,160,4,2,0.13821138,Q0_25,False,0,1,3
247,32218,130,108,5,3,0.52845528,Q50_75,False,0,1,3
247,18544,75,19,5,2,0.30487805,Q25_50,False,0,1,2
247,25444,103,3,5,3,0.41869919,Q25_50,False,0,0,1
247,51843,209,220,5,3,0.8495935,Q75_100,False,0,1,3
247,31640,128,24,5,3,0.5203252,Q50_75,False,0,0,2
247,49918,202,24,5,3,0.82113821,Q75_100,False,0,0,2
247,16561,67,12,5,2,0.27235772,Q25_50,False,0,1,2
247,30175,122,41,5,3,0.49593496,Q25_50,False,0,1,2
247,37150,150,100,5,3,0.6097561,Q50_75,False,0,1,3
247,47872,193,201,5,3,0.78455285,Q75_100,False,0,2,3
247,22560,91,83,5,2,0.3699187,Q25_50,False,0,0,2
247,25195,102,1,5,3,0.41463415,Q25_50,False,1,1,1
247,47625,192,201,5,3,0.7804878,Q75_100,False,0,2,3
247,47391,191,214,5,3,0.77642276,Q75_100,False,0,2,3
247,54986,222,152,5,3,0.90243902,Q75_100,False,0,1,3
247,39670,160,150,5,3,0.6504065,Q50_75,False,0,1,3
247,33912,137,73,5,3,0.55691057,Q50_75,False,0,0,2
247,42695,172,211,5,3,0.69918699,Q50_75,False,1,3,3
247,25266,102,72,5,3,0.41463415,Q25_50,False,0,0,2
247,3708,15,3,4,2,0.06097561,Q0_25,False,0,0,1
247,33363,135,18,5,3,0.54878049,Q50_75,False,0,1,2
247,50333,203,192,5,3,0.82520325,Q75_100,False,0,1,3
247,57142,231,85,5,3,0.93902439,Q75_100,False,0,0,2
247,25239,102,45,5,3,0.41463415,Q25_50,False,0,0,2
247,36786,148,230,5,3,0.60162602,Q50_75,False,0,1,3
247,8399,34,1,4,2,0.13821138,Q0_25,False,0,0,1
247,44814,181,107,5,3,0.73577236,Q50_75,False,0,1,3
247,44191,178,225,5,3,0.72357724,Q50_75,False,0,1,3
247,13252,53,161,5,2,0.21544715,Q0_25,False,0,1,3
247,29381,118,235,5,3,0.4796748,Q25_50,False,0,1,3
247,22219,89,236,5,2,0.36178862,Q25_50,False,0,1,3
247,1799,7,70,4,1,0.02845528,Q0_25,False,0,0,2
247,13098,53,7,5,2,0.21544715,Q0_25,False,0,0,1
247,1765,7,36,4,1,0.02845528,Q0_25,False,0,0,2
247,36588,148,32,5,3,0.60162602,Q50_75,False,0,0,2
247,15167,61,100,5,2,0.24796748,Q0_25,False,0,1,3
247,21906,88,170,5,2,0.35772358,Q25_50,False,0,1,3
247,57713,233,162,5,3,0.94715447,Q75_100,False,0,1,3
247,29925,121,38,5,3,0.49186992,Q25_50,False,0,1,2
247,40397,163,136,5,3,0.66260163,Q50_75,False,0,2,3
247,29396,119,3,5,3,0.48373984,Q25_50,False,0,0,1
247,60697,245,182,5,3,0.99593496,Q75_100,False,0,1,3
247,56417,228,101,5,3,0.92682927,Q75_100,False,0,1,3
247,14282,57,203,5,2,0.23170732,Q0_25,False,0,1,3
247,13210,53,119,5,2,0.21544715,Q0_25,False,0,2,3
247,2094,8,118,4,1,0.03252033,Q0_25,False,0,1,3
247,2916,11,199,4,2,0.04471545,Q0_25,False,0,0,3
247,34662,140,82,5,3,0.56910569,Q50_75,False,0,0,2
247,24890,100,190,5,3,0.40650407,Q25_50,False,0,1,3
247,28234,114,76,5,3,0.46341463,Q25_50,False,0,0,2
247,29526,119,133,5,3,0.48373984,Q25_50,False,0,1,3
247,38561,156,29,5,3,0.63414634,Q50_75,False,0,0,2
247,42547,172,63,5,3,0.69918699,Q50_75,False,0,0,2
247,44626,180,166,5,3,0.73170732,Q50_75,False,0,1,3
247,55994,226,172,5,3,0.91869919,Q75_100,False,0,1,3
247,12435,50,85,5,2,0.20325203,Q0_25,False,0,0,2
247,5419,21,232,4,2,0.08536585,Q0_25,False,0,1,3
247,52359,211,242,5,3,0.85772358,Q75_100,False,0,1,3
247,25463,103,22,5,3,0.41869919,Q25_50,False,0,0,2
247,47453,192,29,5,3,0.7804878,Q75_100,False,0,0,2
247,57343,232,39,5,3,0.94308943,Q75_100,False,0,0,2
247,5139,20,199,4,2,0.08130081,Q0_25,False,0,0,3
247,31006,125,131,5,3,0.50813008,Q50_75,False,0,1,3
247,44886,181,179,5,3,0.73577236,Q50_75,False,0,1,3
247,29705,120,65,5,3,0.48780488,Q25_50,False,0,0,2
247,46220,187,31,5,3,0.7601626,Q75_100,False,0,0,2
247,13921,56,89,5,2,0.22764228,Q0_25,False,0,1,2
247,2777,11,60,4,2,0.04471545,Q0_25,False,0,0,2
247,36870,149,67,5,3,0.60569106,Q50_75,False,0,0,2
247,2527,10,57,4,2,0.04065041,Q0_25,False,0,0,2
247,25104,101,157,5,3,0.41056911,Q25_50,False,0,1,3
247,27924,113,13,5,3,0.45934959,Q25_50,False,0,1,2
247,50790,205,155,5,3,0.83333333,Q75_100,False,0,1,3
247,52710,213,99,5,3,0.86585366,Q75_100,False,0,0,2
247,35197,142,123,5,3,0.57723577,Q50_75,False,0,2,3
247,28455,115,50,5,3,0.46747967,Q25_50,False,0,0,2
247,36096,146,34,5,3,0.59349593,Q50_75,False,0,0,2
247,54269,219,176,5,3,0.8902439,Q75_100,False,0,1,3
247,1039,4,51,4,1,0.01626016,Q0_25,False,0,0,2
247,26918,108,242,5,3,0.43902439,Q25_50,False,0,1,3
247,16067,65,12,5,2,0.26422764,Q25_50,False,1,2,2
247,52079,210,209,5,3,0.85365854,Q75_100,False,0,1,3
247,23180,93,209,5,2,0.37804878,Q25_50,False,0,0,3
247,34150,138,64,5,3,0.56097561,Q50_75,False,0,0,2
247,32817,132,213,5,3,0.53658537,Q50_75,False,0,2,3
247,15246,61,179,5,2,0.24796748,Q0_25,False,0,1,3
247,41199,166,197,5,3,0.67479675,Q50_75,False,0,1,3
247,21233,85,238,5,2,0.34552846,Q25_50,False,0,1,3
247,27218,110,48,5,3,0.44715447,Q25_50,False,0,0,2
247,25876,104,188,5,3,0.42276423,Q25_50,False,0,1,3
247,16554,67,5,5,2,0.27235772,Q25_50,False,0,0,1
247,18160,73,129,5,2,0.29674797,Q25_50,False,0,1,3
247,27228,110,58,5,3,0.44715447,Q25_50,False,0,0,2
247,50507,204,119,5,3,0.82926829,Q75_100,False,0,2,3
247,16284,65,229,5,2,0.26422764,Q25_50,False,0,1,3
247,39986,161,219,5,3,0.65447154,Q50_75,False,0,1,3
247,33704,136,112,5,3,0.55284553,Q50_75,False,0,2,3
247,29300,118,154,5,3,0.4796748,Q25_50,False,0,1,3
247,57556,233,5,5,3,0.94715447,Q75_100,False,0,0,1
247,47450,192,26,5,3,0.7804878,Q75_100,False,0,0,2
247,42702,172,218,5,3,0.69918699,Q50_75,False,0,2,3
247,4773,19,80,4,2,0.07723577,Q0_25,False,0,0,2
247,9960,40,80,4,2,0.16260163,Q0_25,False,0,1,2
247,28336,114,178,5,3,0.46341463,Q25_50,False,0,1,3
247,18407,74,129,5,2,0.30081301,Q25_50,False,0,1,3
247,43658,176,186,5,3,0.71544715,Q50_75,False,0,1,3
247,35158,142,84,5,3,0.57723577,Q50_75,False,0,0,2
247,56503,228,187,5,3,0.92682927,Q75_100,False,0,1,3
247,39015,157,236,5,3,0.63821138,Q50_75,False,0,0,3
247,55218,223,137,5,3,0.90650407,Q75_100,False,0,2,3
247,34643,140,63,5,3,0.56910569,Q50_75,False,0,0,2
247,33724,136,132,5,3,0.55284553,Q50_75,False,0,1,3
247,36422,147,113,5,3,0.59756098,Q50_75,False,0,1,3
247,38456,155,171,5,3,0.6300813,Q50_75,False,0,2,3
247,57334,232,30,5,3,0.94308943,Q75_100,False,0,0,2
247,20238,81,231,5,2,0.32926829,Q25_50,False,0,2,3
247,32539,131,182,5,3,0.53252033,Q50_75,False,0,1,3
247,6807,27,138,4,2,0.1097561,Q0_25,False,0,1,3
247,58930,238,144,5,3,0.96747967,Q75_100,False,0,2,3
247,54884,222,50,5,3,0.90243902,Q75_100,False,0,0,2
247,50604,204,216,5,3,0.82926829,Q75_100,False,0,2,3
247,48891,197,232,5,3,0.80081301,Q75_100,False,0,1,3
247,10154,41,27,5,2,0.16666667,Q0_25,False,1,2,2
247,29150,118,4,5,3,0.4796748,Q25_50,False,0,0,1
247,26070,105,135,5,3,0.42682927,Q25_50,False,0,1,3
247,8298,33,147,4,2,0.13414634,Q0_25,False,0,1,3
247,48019,194,101,5,3,0.78861789,Q75_100,False,0,2,3
247,42956,173,225,5,3,0.70325203,Q50_75,False,0,1,3
247,10828,43,207,5,2,0.17479675,Q0_25,False,0,1,3
247,788,3,47,3,1,0.01219512,Q0_25,False,0,0,2
247,38503,155,218,5,3,0.6300813,Q50_75,False,0,2,3
247,2321,9,98,4,1,0.03658537,Q0_25,False,0,0,2
247,15149,61,82,5,2,0.24796748,Q0_25,False,0,0,2
247,12657,51,60,5,2,0.20731707,Q0_25,False,0,0,2
247,37769,152,225,5,3,0.61788618,Q50_75,False,0,1,3
247,39121,158,95,5,3,0.64227642,Q50_75,False,0,0,2
247,53976,218,130,5,3,0.88617886,Q75_100,False,0,2,3
247,42073,170,83,5,3,0.69105691,Q50_75,False,0,0,2
247,35576,144,8,5,3,0.58536585,Q50_75,False,0,0,1
247,835,3,94,3,1,0.01219512,Q0_25,False,0,0,2
247,28592,115,187,5,3,0.46747967,Q25_50,False,0,1,3
247,40283,163,22,5,3,0.66260163,Q50_75,False,0,0,2
247,45850,185,155,5,3,0.75203252,Q75_100,False,0,1,3
247,52186,211,69,5,3,0.85772358,Q75_100,False,0,0,2
247,55438,224,110,5,3,0.91056911,Q75_100,False,0,1,3
247,26155,105,220,5,3,0.42682927,Q25_50,False,0,1,3
247,17261,69,218,5,2,0.2804878,Q25_50,False,0,1,3
247,57666,233,115,5,3,0.94715447,Q75_100,False,0,1,3
247,42512,172,28,5,3,0.69918699,Q50_75,False,0,0,2
247,20336,82,82,5,2,0.33333333,Q25_50,False,0,0,2
247,25121,101,174,5,3,0.41056911,Q25_50,False,0,1,3
247,10615,42,241,5,2,0.17073171,Q0_25,False,0,1,3
247,27535,111,118,5,3,0.45121951,Q25_50,False,0,2,3
247,43913,177,194,5,3,0.7195122,Q50_75,False,0,1,3
247,4469,18,23,4,2,0.07317073,Q0_25,False,1,2,2
247,22753,92,29,5,2,0.37398374,Q25_50,False,0,0,2
247,22035,89,52,5,2,0.36178862,Q25_50,False,0,0,2
247,39319,159,46,5,3,0.64634146,Q50_75,False,0,0,2
247,48969,198,63,5,3,0.80487805,Q75_100,False,0,0,2
247,34048,137,209,5,3,0.55691057,Q50_75,False,0,1,3
247,5067,20,127,4,2,0.08130081,Q0_25,False,0,2,3
247,11127,45,12,5,2,0.18292683,Q0_25,False,0,0,2
247,36225,146,163,5,3,0.59349593,Q50_75,False,0,1,3
247,48023,194,105,5,3,0.78861789,Q75_100,False,0,1,3
247,44936,181,229,5,3,0.73577236,Q50_75,False,0,1,3
247,46589,188,153,5,3,0.76422764,Q75_100,False,0,1,3
247,5298,21,111,4,2,0.08536585,Q0_25,False,0,2,3
247,48620,196,208,5,3,0.79674797,Q75_100,False,0,1,3
247,4158,16,206,4,2,0.06504065,Q0_25,False,0,2,3
247,14168,57,89,5,2,0.23170732,Q0_25,False,0,0,2
247,49114,198,208,5,3,0.80487805,Q75_100,False,0,1,3
247,1904,7,175,4,1,0.02845528,Q0_25,False,0,1,3
247,17324,70,34,5,2,0.28455285,Q25_50,False,0,0,2
247,23950,96,238,5,2,0.3902439,Q25_50,False,0,1,3
247,45278,183,77,5,3,0.74390244,Q50_75,False,0,0,2
247,7295,29,132,4,2,0.11788618,Q0_25,False,0,1,3
247,56965,230,155,5,3,0.93495935,Q75_100,False,0,1,3
247,2464,9,241,4,1,0.03658537,Q0_25,False,0,1,3
247,20496,82,242,5,2,0.33333333,Q25_50,False,0,1,3
247,59049,239,16,5,3,0.97154472,Q75_100,False,0,1,2
247,42173,170,183,5,3,0.69105691,Q50_75,False,0,1,3
247,30118,121,231,5,3,0.49186992,Q25_50,False,0,2,3
247,49022,198,116,5,3,0.80487805,Q75_100,False,0,1,3
247,27289,110,119,5,3,0.44715447,Q25_50,False,0,0,3
247,43067,174,89,5,3,0.70731707,Q50_75,False,0,0,2
247,58867,238,81,5,3,0.96747967,Q75_100,False,0,1,2
247,33843,137,4,5,3,0.55691057,Q50_75,False,0,0,1
247,57228,231,171,5,3,0.93902439,Q75_100,False,0,2,3
247,44499,180,39,5,3,0.73170732,Q50_75,False,0,0,2
247,12265,49,162,5,2,0.19918699,Q0_25,False,0,1,3
247,4584,18,138,4,2,0.07317073,Q0_25,False,0,1,3
247,35781,144,213,5,3,0.58536585,Q50_75,False,0,2,3
247,25598,103,157,5,3,0.41869919,Q25_50,False,0,1,3
247,39886,161,119,5,3,0.65447154,Q50_75,False,0,2,3
247,17482,70,192,5,2,0.28455285,Q25_50,False,0,2,3
247,38793,157,14,5,3,0.63821138,Q50_75,False,1,2,2
247,27411,110,241,5,3,0.44715447,Q25_50,False,0,1,3
247,47621,192,197,5,3,0.7804878,Q75_100,False,0,0,3
247,47623,192,199,5,3,0.7804878,Q75_100,False,0,0,3
247,43247,175,22,5,3,0.71138211,Q50_75,False,0,0,2
247,51143,207,14,5,3,0.84146341,Q75_100,False,0,0,2
247,8718,35,73,4,2,0.14227642,Q0_25,False,0,0,2
247,47422,191,245,5,3,0.77642276,Q75_100,False,0,1,3
247,53818,217,219,5,3,0.88211382,Q75_100,False,0,2,3
247,53596,216,244,5,3,0.87804878,Q75_100,False,0,2,3
247,53143,215,38,5,3,0.87398374,Q75_100,False,0,0,2
247,18363,74,85,5,2,0.30081301,Q25_50,False,0,0,2
247,40231,162,217,5,3,0.65853659,Q50_75,False,0,2,3
247,48012,194,94,5,3,0.78861789,Q75_100,False,0,0,2
247,8333,33,182,4,2,0.13414634,Q0_25,False,0,2,3
247,51471,208,95,5,3,0.84552846,Q75_100,False,0,0,2
247,14430,58,104,5,2,0.23577236,Q0_25,False,0,1,3
247,34994,141,167,5,3,0.57317073,Q50_75,False,0,1,3
247,32375,131,18,5,3,0.53252033,Q50_75,False,0,1,2
247,36469,147,160,5,3,0.59756098,Q50_75,False,0,1,3
247,55928,226,106,5,3,0.91869919,Q75_100,False,0,2,3
247,18891,76,119,5,2,0.30894309,Q25_50,False,0,1,3
247,9566,38,180,4,2,0.15447154,Q0_25,False,0,2,3
247,59364,240,84,5,3,0.97560976,Q75_100,False,0,0,2
247,16454,66,152,5,2,0.26829268,Q25_50,False,0,1,3
247,29752,120,112,5,3,0.48780488,Q25_50,False,0,1,3
247,23640,95,175,5,2,0.38617886,Q25_50,False,0,1,3
247,6535,26,113,4,2,0.10569106,Q0_25,False,0,2,3
247,39074,158,48,5,3,0.64227642,Q50_75,False,0,0,2
247,22364,90,134,5,2,0.36585366,Q25_50,False,0,2,3
247,30242,122,108,5,3,0.49593496,Q25_50,False,0,1,3
247,43518,176,46,5,3,0.71544715,Q50_75,False,0,1,2
247,45002,182,48,5,3,0.7398374,Q50_75,False,0,0,2
247,21463,86,221,5,2,0.3495935,Q25_50,False,0,2,3
247,17369,70,79,5,2,0.28455285,Q25_50,False,0,0,2
247,39940,161,173,5,3,0.65447154,Q50_75,False,0,1,3
247,25951,105,16,5,3,0.42682927,Q25_50,False,1,2,2
247,6011,24,83,4,2,0.09756098,Q0_25,False,0,1,2
247,42189,170,199,5,3,0.69105691,Q50_75,False,0,1,3
247,26768,108,92,5,3,0.43902439,Q25_50,False,0,0,2
247,56546,228,230,5,3,0.92682927,Q75_100,False,0,1,3
247,51498,208,122,5,3,0.84552846,Q75_100,False,0,1,3
247,59369,240,89,5,3,0.97560976,Q75_100,False,0,0,2
247,49722,201,75,5,3,0.81707317,Q75_100,False,0,0,2
247,18406,74,128,5,2,0.30081301,Q25_50,False,0,1,3
247,3330,13,119,4,2,0.05284553,Q0_25,False,0,1,3
247,42571,172,87,5,3,0.69918699,Q50_75,False,0,0,2
247,49286,199,133,5,3,0.80894309,Q75_100,False,0,0,3
247,17516,70,226,5,2,0.28455285,Q25_50,False,0,1,3
247,37447,151,150,5,3,0.61382114,Q50_75,False,0,1,3
247,50261,203,120,5,3,0.82520325,Q75_100,False,0,1,3
247,46297,187,108,5,3,0.7601626,Q75_100,False,0,0,3
247,20378,82,124,5,2,0.33333333,Q25_50,False,0,1,3
247,51897,210,27,5,3,0.85365854,Q75_100,False,0,0,2
247,12721,51,124,5,2,0.20731707,Q0_25,False,0,1,3
247,25044,101,97,5,3,0.41056911,Q25_50,False,0,0,2
247,28796,116,144,5,3,0.47154472,Q25_50,False,0,0,3
247,326,1,79,3,1,0.00406504,Q0_25,False,0,0,2
247,46428,187,239,5,3,0.7601626,Q75_100,False,0,1,3
247,2284,9,61,4,1,0.03658537,Q0_25,False,0,1,2
247,44965,182,11,5,3,0.7398374,Q50_75,False,0,1,2
247,24078,97,119,5,2,0.39430894,Q25_50,False,0,2,3
247,59442,240,162,5,3,0.97560976,Q75_100,False,0,2,3
247,19010,76,238,5,2,0.30894309,Q25_50,False,0,0,3
247,58398,236,106,5,3,0.95934959,Q75_100,False,0,1,3
247,53934,218,88,5,3,0.88617886,Q75_100,False,0,0,2
247,5916,23,235,4,2,0.09349593,Q0_25,False,0,1,3
247,467,1,220,3,1,0.00406504,Q0_25,False,0,2,3
247,55143,223,62,5,3,0.90650407,Q75_100,False,0,0,2
247,59554,241,27,5,3,0.9796748,Q75_100,False,0,0,2
247,25389,102,195,5,3,0.41463415,Q25_50,False,0,1,3
247,35950,145,135,5,3,0.58943089,Q50_75,False,0,2,3
247,11173,45,58,5,2,0.18292683,Q0_25,False,0,0,2
247,9545,38,159,4,2,0.15447154,Q0_25,False,0,1,3
247,21424,86,182,5,2,0.3495935,Q25_50,False,0,1,3
247,7712,31,55,4,2,0.12601626,Q0_25,False,0,0,2
247,781,3,40,3,1,0.01219512,Q0_25,False,0,0,2
247,30063,121,176,5,3,0.49186992,Q25_50,False,0,1,3
247,52410,212,46,5,3,0.86178862,Q75_100,False,0,1,2
247,44727,181,20,5,3,0.73577236,Q50_75,False,0,0,2
247,40803,165,48,5,3,0.67073171,Q50_75,False,0,0,2
247,18890,76,118,5,2,0.30894309,Q25_50,False,0,1,3
247,58053,235,8,5,3,0.95528455,Q75_100,False,0,0,1
247,4696,19,3,4,2,0.07723577,Q0_25,False,0,0,1
247,21551,87,62,5,2,0.35365854,Q25_50,False,0,0,2
247,32334,130,224,5,3,0.52845528,Q50_75,False,0,2,3
247,36367,147,58,5,3,0.59756098,Q50_75,False,0,0,2
247,1936,7,207,4,1,0.02845528,Q0_25,False,0,1,3
247,3308,13,97,4,2,0.05284553,Q0_25,False,0,1,2
247,18292,74,14,5,2,0.30081301,Q25_50,False,0,1,2
247,18918,76,146,5,2,0.30894309,Q25_50,False,0,2,3
247,54193,219,100,5,3,0.8902439,Q75_100,False,0,1,3
247,57360,232,56,5,3,0.94308943,Q75_100,False,0,0,2
247,50175,203,34,5,3,0.82520325,Q75_100,False,0,0,2
247,53990,218,144,5,3,0.88617886,Q75_100,False,0,2,3
247,14543,58,217,5,2,0.23577236,Q0_25,False,0,2,3
247,22828,92,104,5,2,0.37398374,Q25_50,False,0,1,3
247,47834,193,163,5,3,0.78455285,Q75_100,False,0,1,3
247,13831,55,246,5,2,0.22357724,Q0_25,False,0,2,3
247,48390,195,225,5,3,0.79268293,Q75_100,False,0,1,3
247,24254,98,48,5,2,0.39837398,Q25_50,False,0,0,2
247,12611,51,14,5,2,0.20731707,Q0_25,False,0,1,2
247,6176,25,1,4,2,0.10162602,Q0_25,False,0,0,1
247,1080,4,92,4,1,0.01626016,Q0_25,False,0,0,2
247,1418,5,183,4,1,0.0203252,Q0_25,False,0,0,3
247,54393,220,53,5,3,0.89430894,Q75_100,False,0,0,2
247,5592,22,158,4,2,0.08943089,Q0_25,False,0,2,3
247,55559,224,231,5,3,0.91056911,Q75_100,False,0,2,3
247,3622,14,164,4,2,0.05691057,Q0_25,False,0,2,3
247,6557,26,135,4,2,0.10569106,Q0_25,False,0,1,3
247,30489,123,108,5,3,0.5,Q50_75,False,0,1,3
247,49612,200,212,5,3,0.81300813,Q75_100,False,0,1,3
247,43735,177,16,5,3,0.7195122,Q50_75,False,0,1,2
247,31119,125,244,5,3,0.50813008,Q50_75,False,0,1,3
247,36094,146,32,5,3,0.59349593,Q50_75,False,0,1,2
247,48229,195,64,5,3,0.79268293,Q75_100,False,0,0,2
247,34080,137,241,5,3,0.55691057,Q50_75,False,0,2,3
247,41608,168,112,5,3,0.68292683,Q50_75,False,0,2,3
247,11233,45,118,5,2,0.18292683,Q0_25,False,0,1,3
247,43993,178,27,5,3,0.72357724,Q50_75,False,0,0,2
247,53738,217,139,5,3,0.88211382,Q75_100,False,0,2,3
247,31559,127,190,5,3,0.51626016,Q50_75,False,0,1,3
247,6952,28,36,4,2,0.11382114,Q0_25,False,0,0,2
247,59144,239,111,5,3,0.97154472,Q75_100,False,1,3,3
247,46093,186,151,5,3,0.75609756,Q75_100,False,0,2,3
247,10003,40,123,5,2,0.16260163,Q0_25,False,0,1,3
247,31400,127,31,5,3,0.51626016,Q50_75,False,1,2,2
247,16470,66,168,5,2,0.26829268,Q25_50,False,0,1,3
247,37498,151,201,5,3,0.61382114,Q50_75,False,0,2,3
247,60461,244,193,5,3,0.99186992,Q75_100,False,0,1,3
247,45816,185,121,5,3,0.75203252,Q75_100,False,0,1,3
247,26937,109,14,5,3,0.44308943,Q25_50,False,0,1,2
247,17144,69,101,5,2,0.2804878,Q25_50,False,0,1,3
247,56104,227,35,5,3,0.92276423,Q75_100,False,0,0,2
247,44770,181,63,5,3,0.73577236,Q50_75,False,0,0,2
247,6430,26,8,4,2,0.10569106,Q0_25,False,0,0,1
247,12084,48,228,5,2,0.19512195,Q0_25,False,0,1,3
247,44657,180,197,5,3,0.73170732,Q50_75,False,0,0,3
247,54546,220,206,5,3,0.89430894,Q75_100,False,0,1,3
247,46825,189,142,5,3,0.76829268,Q75_100,False,0,1,3
247,26581,107,152,5,3,0.43495935,Q25_50,False,0,1,3
247,27424,111,7,5,3,0.45121951,Q25_50,False,0,0,1
247,57544,232,240,5,3,0.94308943,Q75_100,False,0,1,3
247,30699,124,71,5,3,0.50406504,Q50_75,False,0,1,2
247,15468,62,154,5,2,0.25203252,Q25_50,False,0,1,3
247,11685,47,76,5,2,0.19105691,Q0_25,False,1,2,2
247,59052,239,19,5,3,0.97154472,Q75_100,False,0,1,2
247,619,2,125,3,1,0.00813008,Q0_25,False,0,2,3
247,48845,197,186,5,3,0.80081301,Q75_100,False,0,1,3
247,5612,22,178,4,2,0.08943089,Q0_25,False,0,2,3
247,16161,65,106,5,2,0.26422764,Q25_50,False,0,1,3
247,16742,67,193,5,2,0.27235772,Q25_50,False,0,0,3
247,37947,153,156,5,3,0.62195122,Q50_75,False,0,1,3
247,14657,59,84,5,2,0.2398374,Q0_25,False,0,0,2
247,59444,240,164,5,3,0.97560976,Q75_100,False,0,1,3
247,21571,87,82,5,2,0.35365854,Q25_50,False,0,0,2
247,20256,82,2,5,2,0.33333333,Q25_50,False,0,0,1
247,21579,87,90,5,2,0.35365854,Q25_50,False,0,0,2
247,22545,91,68,5,2,0.3699187,Q25_50,False,0,0,2
247,14312,57,233,5,2,0.23170732,Q0_25,False,0,2,3
247,47376,191,199,5,3,0.77642276,Q75_100,False,0,0,3
247,1981,8,5,4,1,0.03252033,Q0_25,False,0,0,1
247,14527,58,201,5,2,0.23577236,Q0_25,False,0,1,3
247,19407,78,141,5,2,0.31707317,Q25_50,False,0,2,3
247,50600,204,212,5,3,0.82926829,Q75_100,False,0,2,3
247,52057,210,187,5,3,0.85365854,Q75_100,False,0,1,3
247,48549,196,137,5,3,0.79674797,Q75_100,False,0,1,3
247,42875,173,144,5,3,0.70325203,Q50_75,False,0,1,3
247,43588,176,116,5,3,0.71544715,Q50_75,False,0,1,3
247,40122,162,108,5,3,0.65853659,Q50_75,False,0,1,3
247,27003,109,80,5,3,0.44308943,Q25_50,False,0,0,2
247,7908,32,4,4,2,0.1300813,Q0_25,False,0,0,1
247,26806,108,130,5,3,0.43902439,Q25_50,False,0,2,3
247,1021,4,33,4,1,0.01626016,Q0_25,False,0,0,2
247,51594,208,218,5,3,0.84552846,Q75_100,False,0,1,3
247,58217,235,172,5,3,0.95528455,Q75_100,False,0,1,3
247,28202,114,44,5,3,0.46341463,Q25_50,False,0,0,2
247,51575,208,199,5,3,0.84552846,Q75_100,False,0,0,3
247,38741,156,209,5,3,0.63414634,Q50_75,False,0,1,3
247,14934,60,114,5,2,0.24390244,Q0_25,False,0,1,3
247,50134,202,240,5,3,0.82113821,Q75_100,False,0,1,3
247,42275,171,38,5,3,0.69512195,Q50_75,False,0,0,2
247,13154,53,63,5,2,0.21544715,Q0_25,False,0,0,2
247,8037,32,133,4,2,0.1300813,Q0_25,False,0,1,3
247,12215,49,112,5,2,0.19918699,Q0_25,False,0,1,3
247,19338,78,72,5,2,0.31707317,Q25_50,False,0,0,2
247,13554,54,216,5,2,0.2195122,Q0_25,False,0,2,3
247,7414,30,4,4,2,0.12195122,Q0_25,False,0,0,1
247,548,2,54,3,1,0.00813008,Q0_25,False,0,1,2
247,59779,242,5,5,3,0.98373984,Q75_100,False,0,0,1
247,46352,187,163,5,3,0.7601626,Q75_100,False,0,1,3
247,39019,157,240,5,3,0.63821138,Q50_75,False,0,0,3
247,11131,45,16,5,2,0.18292683,Q0_25,False,1,2,2
247,5637,22,203,4,2,0.08943089,Q0_25,False,0,2,3
247,33836,136,244,5,3,0.55284553,Q50_75,False,0,1,3
247,892,3,151,3,1,0.01219512,Q0_25,False,0,1,3
247,55603,225,28,5,3,0.91463415,Q75_100,False,0,0,2
247,40111,162,97,5,3,0.65853659,Q50_75,False,0,0,2
247,56647,229,84,5,3,0.93089431,Q75_100,False,0,0,2
247,14247,57,168,5,2,0.23170732,Q0_25,False,0,1,3
247,18215,73,184,5,2,0.29674797,Q25_50,False,0,1,3
247,23700,95,235,5,2,0.38617886,Q25_50,False,0,1,3
247,59747,241,220,5,3,0.9796748,Q75_100,False,0,2,3
247,34289,138,203,5,3,0.56097561,Q50_75,False,0,1,3
247,54890,222,56,5,3,0.90243902,Q75_100,False,0,0,2
247,33035,133,184,5,3,0.54065041,Q50_75,False,0,1,3
247,57415,232,111,5,3,0.94308943,Q75_100,False,0,1,3
247,20999,85,4,5,2,0.34552846,Q25_50,False,0,0,1
247,34369,139,36,5,3,0.56504065,Q50_75,False,0,0,2
247,13102,53,11,5,2,0.21544715,Q0_25,False,0,1,2
247,53848,218,2,5,3,0.88617886,Q75_100,False,0,0,1
247,25696,104,8,5,3,0.42276423,Q25_50,False,0,0,1
247,49703,201,56,5,3,0.81707317,Q75_100,False,0,0,2
247,26088,105,153,5,3,0.42682927,Q25_50,False,0,1,3
247,20983,84,235,5,2,0.34146341,Q25_50,False,0,1,3
247,20906,84,158,5,2,0.34146341,Q25_50,False,0,1,3
247,33927,137,88,5,3,0.55691057,Q50_75,False,0,1,2
247,47302,191,125,5,3,0.77642276,Q75_100,False,0,1,3
247,24480,99,27,5,2,0.40243902,Q25_50,False,0,0,2
247,18251,73,220,5,2,0.29674797,Q25_50,False,0,1,3
247,9045,36,153,4,2,0.14634146,Q0_25,False,0,1,3
247,41155,166,153,5,3,0.67479675,Q50_75,False,0,1,3
247,563,2,69,3,1,0.00813008,Q0_25,False,0,0,2
247,38442,155,157,5,3,0.6300813,Q50_75,False,0,1,3
247,32182,130,72,5,3,0.52845528,Q50_75,False,0,0,2
247,18053,73,22,5,2,0.29674797,Q25_50,False,0,0,2
247,49654,201,7,5,3,0.81707317,Q75_100,False,0,0,1
247,27399,110,229,5,3,0.44715447,Q25_50,False,0,1,3
247,8324,33,173,4,2,0.13414634,Q0_25,False,0,2,3
247,35776,144,208,5,3,0.58536585,Q50_75,False,0,1,3
247,20321,82,67,5,2,0.33333333,Q25_50,False,0,0,2
247,6003,24,75,4,2,0.09756098,Q0_25,False,0,1,2
247,25716,104,28,5,3,0.42276423,Q25_50,False,0,0,2
247,12319,49,216,5,2,0.19918699,Q0_25,False,0,1,3
247,11612,47,3,5,2,0.19105691,Q0_25,False,0,0,1
247,25348,102,154,5,3,0.41463415,Q25_50,False,0,1,3
247,36209,146,147,5,3,0.59349593,Q50_75,False,0,1,3
247,20710,83,209,5,2,0.33739837,Q25_50,False,0,1,3
247,42142,170,152,5,3,0.69105691,Q50_75,False,0,1,3
247,36434,147,125,5,3,0.59756098,Q50_75,False,0,1,3
247,42570,172,86,5,3,0.69918699,Q50_75,False,0,0,2
247,11794,47,185,5,2,0.19105691,Q0_25,False,0,1,3
247,24725,100,25,5,3,0.40650407,Q25_50,False,0,0,2
247,27630,111,213,5,3,0.45121951,Q25_50,False,0,1,3
247,23916,96,204,5,2,0.3902439,Q25_50,False,0,1,3
247,10593,42,219,5,2,0.17073171,Q0_25,False,0,1,3
247,35261,142,187,5,3,0.57723577,Q50_75,False,0,1,3
247,15787,63,226,5,2,0.25609756,Q25_50,False,0,1,3
247,56696,229,133,5,3,0.93089431,Q75_100,False,0,1,3
247,1279,5,44,4,1,0.0203252,Q0_25,False,0,1,2
247,9765,39,132,4,2,0.15853659,Q0_25,False,0,1,3
247,52677,213,66,5,3,0.86585366,Q75_100,False,0,1,2
247,57647,233,96,5,3,0.94715447,Q75_100,False,0,0,2
247,21640,87,151,5,2,0.35365854,Q25_50,False,0,2,3
247,22783,92,59,5,2,0.37398374,Q25_50,False,0,0,2
247,48064,194,146,5,3,0.78861789,Q75_100,False,0,1,3
247,1161,4,173,4,1,0.01626016,Q0_25,False,0,1,3
247,38469,155,184,5,3,0.6300813,Q50_75,False,0,1,3
247,31569,127,200,5,3,0.51626016,Q50_75,False,0,0,3
247,2578,10,108,4,2,0.04065041,Q0_25,False,0,1,3
247,30182,122,48,5,3,0.49593496,Q25_50,False,0,0,2
247,54907,222,73,5,3,0.90243902,Q75_100,False,0,1,2
247,45702,185,7,5,3,0.75203252,Q75_100,False,0,0,1
247,58254,235,209,5,3,0.95528455,Q75_100,False,0,1,3
247,36973,149,170,5,3,0.60569106,Q50_75,False,0,1,3
247,29746,120,106,5,3,0.48780488,Q25_50,False,0,0,3
247,60849,246,87,5,3,1.0,Q75_100,False,0,0,2
247,5565,22,131,4,2,0.08943089,Q0_25,False,0,1,3
247,55622,225,47,5,3,0.91463415,Q75_100,False,0,0,2
247,8004,32,100,4,2,0.1300813,Q0_25,False,0,1,3
247,34495,139,162,5,3,0.56504065,Q50_75,False,0,1,3
247,44462,180,2,5,3,0.73170732,Q50_75,False,0,0,1
247,4719,19,26,4,2,0.07723577,Q0_25,False,0,1,2
247,5687,23,6,4,2,0.09349593,Q0_25,False,0,0,1
247,12799,51,202,5,2,0.20731707,Q0_25,False,0,1,3
247,14863,60,43,5,2,0.24390244,Q0_25,False,0,0,2
247,57652,233,101,5,3,0.94715447,Q75_100,False,0,1,3
247,10786,43,165,5,2,0.17479675,Q0_25,False,0,1,3
247,30562,123,181,5,3,0.5,Q50_75,False,0,2,3
247,54142,219,49,5,3,0.8902439,Q75_100,False,0,0,2
247,32135,130,25,5,3,0.52845528,Q50_75,False,0,0,2
247,26210,106,28,5,3,0.43089431,Q25_50,False,0,0,2
247,39318,159,45,5,3,0.64634146,Q50_75,False,0,0,2
247,42232,170,242,5,3,0.69105691,Q50_75,False,0,1,3
247,51533,208,157,5,3,0.84552846,Q75_100,False,0,1,3
247,41114,166,112,5,3,0.67479675,Q50_75,False,0,2,3
247,16390,66,88,5,2,0.26829268,Q25_50,False,0,0,2
247,43534,176,62,5,3,0.71544715,Q50_75,False,0,0,2
247,46567,188,131,5,3,0.76422764,Q75_100,False,0,1,3
247,24874,100,174,5,3,0.40650407,Q25_50,False,0,1,3
247,47560,192,136,5,3,0.7804878,Q75_100,False,0,2,3
247,47468,192,44,5,3,0.7804878,Q75_100,False,0,0,2
247,45449,184,1,5,3,0.74796748,Q50_75,False,1,1,1
247,25032,101,85,5,3,0.41056911,Q25_50,False,0,0,2
247,52429,212,65,5,3,0.86178862,Q75_100,False,0,0,2
247,50549,204,161,5,3,0.82926829,Q75_100,False,0,2,3
247,19454,78,188,5,2,0.31707317,Q25_50,False,0,0,3
247,50944,206,62,5,3,0.83739837,Q75_100,False,0,0,2
247,56000,226,178,5,3,0.91869919,Q75_100,False,0,1,3
247,16329,66,27,5,2,0.26829268,Q25_50,False,0,0,2
247,34578,139,245,5,3,0.56504065,Q50_75,False,0,1,3
247,11952,48,96,5,2,0.19512195,Q0_25,False,0,1,2
247,46568,188,132,5,3,0.76422764,Q75_100,False,0,1,3
247,15500,62,186,5,2,0.25203252,Q25_50,False,0,1,3
247,54212,219,119,5,3,0.8902439,Q75_100,False,0,1,3
247,40016,162,2,5,3,0.65853659,Q50_75,False,0,0,1
247,60983,246,221,5,3,1.0,Q75_100,False,0,2,3
247,47475,192,51,5,3,0.7804878,Q75_100,False,0,1,2
247,31332,126,210,5,3,0.51219512,Q50_75,False,0,2,3
247,18639,75,114,5,2,0.30487805,Q25_50,False,0,2,3
247,23367,94,149,5,2,0.38211382,Q25_50,False,0,1,3
247,17399,70,109,5,2,0.28455285,Q25_50,False,0,0,3
247,47997,194,79,5,3,0.78861789,Q75_100,False,0,0,2
247,20685,83,184,5,2,0.33739837,Q25_50,False,0,1,3
247,25966,105,31,5,3,0.42682927,Q25_50,False,0,0,2
247,16254,65,199,5,2,0.26422764,Q25_50,False,0,0,3
247,3029,12,65,4,2,0.04878049,Q0_25,False,0,0,2
247,5337,21,150,4,2,0.08536585,Q0_25,False,0,1,3
247,18980,76,208,5,2,0.30894309,Q25_50,False,0,1,3
247,33068,133,217,5,3,0.54065041,Q50_75,False,0,2,3
247,19662,79,149,5,2,0.32113821,Q25_50,False,0,1,3
247,30183,122,49,5,3,0.49593496,Q25_50,False,0,0,2
247,38810,157,31,5,3,0.63821138,Q50_75,False,0,1,2
247,37963,153,172,5,3,0.62195122,Q50_75,False,0,1,3
247,51353,207,224,5,3,0.84146341,Q75_100,False,0,1,3
247,24856,100,156,5,3,0.40650407,Q25_50,False,0,2,3
247,22495,91,18,5,2,0.3699187,Q25_50,False,0,1,2
247,12624,51,27,5,2,0.20731707,Q0_25,False,0,0,2
247,41469,167,220,5,3,0.67886179,Q50_75,False,0,1,3
247,19945,80,185,5,2,0.32520325,Q25_50,False,0,1,3
247,19047,77,28,5,2,0.31300813,Q25_50,False,0,0,2
247,30317,122,183,5,3,0.49593496,Q25_50,False,0,1,3
247,38717,156,185,5,3,0.63414634,Q50_75,False,0,1,3
247,53459,216,107,5,3,0.87804878,Q75_100,False,0,1,3
247,25176,101,229,5,3,0.41056911,Q25_50,False,0,1,3
247,45801,185,106,5,3,0.75203252,Q75_100,False,0,1,3
247,24706,100,6,5,3,0.40650407,Q25_50,False,0,0,1
247,44864,181,157,5,3,0.73577236,Q50_75,False,0,1,3
247,37324,151,27,5,3,0.61382114,Q50_75,False,0,0,2
247,23938,96,226,5,2,0.3902439,Q25_50,False,0,2,3
247,16485,66,183,5,2,0.26829268,Q25_50,False,0,1,3
247,26219,106,37,5,3,0.43089431,Q25_50,False,0,0,2
247,45500,184,52,5,3,0.74796748,Q50_75,False,0,0,2
247,10510,42,136,5,2,0.17073171,Q0_25,False,0,1,3
247,6167,24,239,4,2,0.09756098,Q0_25,False,0,1,3
247,56002,226,180,5,3,0.91869919,Q75_100,False,0,1,3
247,54086,218,240,5,3,0.88617886,Q75_100,False,0,1,3
247,34722,140,142,5,3,0.56910569,Q50_75,False,0,1,3
247,47991,194,73,5,3,0.78861789,Q75_100,False,0,0,2
247,34636,140,56,5,3,0.56910569,Q50_75,False,0,1,2
247,49404,200,4,5,3,0.81300813,Q75_100,False,0,0,1
247,41435,167,186,5,3,0.67886179,Q50_75,False,0,1,3
247,20739,83,238,5,2,0.33739837,Q25_50,False,0,1,3
247,59181,239,148,5,3,0.97154472,Q75_100,False,0,1,3
247,9726,39,93,4,2,0.15853659,Q0_25,False,0,1,2
247,22738,92,14,5,2,0.37398374,Q25_50,False,0,1,2
247,8945,36,53,4,2,0.14634146,Q0_25,False,0,0,2
247,37773,152,229,5,3,0.61788618,Q50_75,False,0,1,3
247,13820,55,235,5,2,0.22357724,Q0_25,False,0,1,3
247,48121,194,203,5,3,0.78861789,Q75_100,False,0,0,3
247,31278,126,156,5,3,0.51219512,Q50_75,False,0,2,3
247,9288,37,149,4,2,0.1504065,Q0_25,False,0,1,3
247,44201,178,235,5,3,0.72357724,Q50_75,False,0,1,3
247,1115,4,127,4,1,0.01626016,Q0_25,False,1,3,3
247,14275,57,196,5,2,0.23170732,Q0_25,False,0,1,3
247,41473,167,224,5,3,0.67886179,Q50_75,False,0,1,3
247,41647,168,151,5,3,0.68292683,Q50_75,False,0,1,3
247,31162,126,40,5,3,0.51219512,Q50_75,False,0,0,2
247,30068,121,181,5,3,0.49186992,Q25_50,False,0,2,3
247,1705,6,223,4,1,0.02439024,Q0_25,False,1,3,3
247,34291,138,205,5,3,0.56097561,Q50_75,False,0,1,3
247,1687,6,205,4,1,0.02439024,Q0_25,False,0,1,3
247,44220,179,7,5,3,0.72764228,Q50_75,False,0,0,1
247,7694,31,37,4,2,0.12601626,Q0_25,False,0,0,2
247,55391,224,63,5,3,0.91056911,Q75_100,False,0,0,2
247,46837,189,154,5,3,0.76829268,Q75_100,False,0,2,3
247,45048,182,94,5,3,0.7398374,Q50_75,False,0,0,2
247,56846,230,36,5,3,0.93495935,Q75_100,False,0,1,2
247,52173,211,56,5,3,0.85772358,Q75_100,False,0,0,2
247,19256,77,237,5,2,0.31300813,Q25_50,False,0,1,3
247,30594,123,213,5,3,0.5,Q50_75,False,0,2,3
247,41057,166,55,5,3,0.67479675,Q50_75,False,0,0,2
247,31703,128,87,5,3,0.5203252,Q50_75,False,0,0,2
247,37567,152,23,5,3,0.61788618,Q50_75,False,0,1,2
247,14618,59,45,5,2,0.2398374,Q0_25,False,0,0,2
247,23026,93,55,5,2,0.37804878,Q25_50,False,0,0,2
247,33202,134,104,5,3,0.54471545,Q50_75,False,0,1,3
247,17804,72,20,5,2,0.29268293,Q25_50,False,0,0,2
247,7449,30,39,4,2,0.12195122,Q0_25,False,0,1,2
247,38122,154,84,5,3,0.62601626,Q50_75,False,0,0,2
247,4177,16,225,4,2,0.06504065,Q0_25,False,0,2,3
247,15586,63,25,5,2,0.25609756,Q25_50,False,0,0,2
247,60062,243,41,5,3,0.98780488,Q75_100,False,0,1,2
247,15772,63,211,5,2,0.25609756,Q25_50,False,0,2,3
247,55263,223,182,5,3,0.90650407,Q75_100,False,0,1,3
247,57553,233,2,5,3,0.94715447,Q75_100,False,0,0,1
247,57290,231,233,5,3,0.93902439,Q75_100,False,0,1,3
247,47400,191,223,5,3,0.77642276,Q75_100,False,0,1,3
247,52387,212,23,5,3,0.86178862,Q75_100,False,0,0,2
247,36531,147,222,5,3,0.59756098,Q50_75,False,0,1,3
247,38704,156,172,5,3,0.63414634,Q50_75,False,0,1,3
247,40576,164,68,5,3,0.66666667,Q50_75,False,0,0,2
247,9289,37,150,4,2,0.1504065,Q0_25,False,0,1,3
247,58846,238,60,5,3,0.96747967,Q75_100,False,0,0,2
247,20265,82,11,5,2,0.33333333,Q25_50,False,1,2,2
247,42610,172,126,5,3,0.69918699,Q50_75,False,0,1,3
247,947,3,206,3,1,0.01219512,Q0_25,False,0,2,3
247,52512,212,148,5,3,0.86178862,Q75_100,False,0,1,3
247,60623,245,108,5,3,0.99593496,Q75_100,False,0,1,3
247,59385,240,105,5,3,0.97560976,Q75_100,False,0,1,3
247,27046,109,123,5,3,0.44308943,Q25_50,False,0,1,3
247,14373,58,47,5,2,0.23577236,Q0_25,False,0,0,2
247,31689,128,73,5,3,0.5203252,Q50_75,False,0,0,2
247,1025,4,37,4,1,0.01626016,Q0_25,False,0,0,2
247,23216,93,245,5,2,0.37804878,Q25_50,False,0,1,3
247,39146,158,120,5,3,0.64227642,Q50_75,False,0,1,3
247,49111,198,205,5,3,0.80487805,Q75_100,False,0,1,3
247,25224,102,30,5,3,0.41463415,Q25_50,False,0,0,2
247,60676,245,161,5,3,0.99593496,Q75_100,False,0,2,3
247,53780,217,181,5,3,0.88211382,Q75_100,False,0,1,3
247,56223,227,154,5,3,0.92276423,Q75_100,False,0,1,3
247,23466,95,1,5,2,0.38617886,Q25_50,False,1,1,1
247,7268,29,105,4,2,0.11788618,Q0_25,False,0,1,3
247,38479,155,194,5,3,0.6300813,Q50_75,False,0,1,3
247,46745,189,62,5,3,0.76829268,Q75_100,False,0,0,2
247,40210,162,196,5,3,0.65853659,Q50_75,False,0,1,3
247,42078,170,88,5,3,0.69105691,Q50_75,False,0,0,2
247,2596,10,126,4,2,0.04065041,Q0_25,False,0,1,3
247,30009,121,122,5,3,0.49186992,Q25_50,False,1,3,3
247,24654,99,201,5,2,0.40243902,Q25_50,False,0,1,3
247,40032,162,18,5,3,0.65853659,Q50_75,False,0,1,2
247,42763,173,32,5,3,0.70325203,Q50_75,False,0,0,2
247,18221,73,190,5,2,0.29674797,Q25_50,False,0,1,3
247,4417,17,218,4,2,0.06910569,Q0_25,False,0,2,3
247,40236,162,222,5,3,0.65853659,Q50_75,False,0,1,3
247,12094,48,238,5,2,0.19512195,Q0_25,False,0,1,3
247,585,2,91,3,1,0.00813008,Q0_25,False,0,0,2
247,60280,244,12,5,3,0.99186992,Q75_100,False,0,1,2
247,57810,234,12,5,3,0.95121951,Q75_100,False,0,1,2
247,26202,106,20,5,3,0.43089431,Q25_50,False,0,0,2
247,21607,87,118,5,2,0.35365854,Q25_50,False,0,1,3
247,54259,219,166,5,3,0.8902439,Q75_100,False,0,1,3
247,1713,6,231,4,1,0.02439024,Q0_25,False,0,2,3
247,40176,162,162,5,3,0.65853659,Q50_75,False,0,1,3
247,280,1,33,3,1,0.00406504,Q0_25,False,0,1,2
247,6262,25,87,4,2,0.10162602,Q0_25,False,0,1,2
247,46765,189,82,5,3,0.76829268,Q75_100,False,0,0,2
247,10606,42,232,5,2,0.17073171,Q0_25,False,0,1,3
247,55638,225,63,5,3,0.91463415,Q75_100,False,0,0,2
247,24930,100,230,5,3,0.40650407,Q25_50,False,0,1,3
247,23647,95,182,5,2,0.38617886,Q25_50,False,0,1,3
247,57318,232,14,5,3,0.94308943,Q75_100,False,0,1,2
247,14843,60,23,5,2,0.24390244,Q0_25,False,0,0,2
247,25704,104,16,5,3,0.42276423,Q25_50,False,0,1,2
247,55229,223,148,5,3,0.90650407,Q75_100,False,0,1,3
247,27332,110,162,5,3,0.44715447,Q25_50,False,0,2,3
247,42597,172,113,5,3,0.69918699,Q50_75,False,0,1,3
247,53395,216,43,5,3,0.87804878,Q75_100,False,0,0,2
247,16769,67,220,5,2,0.27235772,Q25_50,False,0,1,3
247,34964,141,137,5,3,0.57317073,Q50_75,False,1,3,3
247,13268,53,177,5,2,0.21544715,Q0_25,False,0,1,3
247,28211,114,53,5,3,0.46341463,Q25_50,False,0,0,2
247,34000,137,161,5,3,0.55691057,Q50_75,False,0,1,3
247,2816,11,99,4,2,0.04471545,Q0_25,False,0,0,2
247,37812,153,21,5,3,0.62195122,Q50_75,False,0,1,2
247,11012,44,144,5,2,0.17886179,Q0_25,False,0,1,3
247,40434,163,173,5,3,0.66260163,Q50_75,False,0,1,3
247,6073,24,145,4,2,0.09756098,Q0_25,False,0,1,3
247,39396,159,123,5,3,0.64634146,Q50_75,False,0,1,3
247,19307,78,41,5,2,0.31707317,Q25_50,False,0,1,2
247,39330,159,57,5,3,0.64634146,Q50_75,False,0,0,2
247,35225,142,151,5,3,0.57723577,Q50_75,False,0,1,3
247,32005,129,142,5,3,0.52439024,Q50_75,False,0,2,3
247,55112,223,31,5,3,0.90650407,Q75_100,False,1,2,2
247,60299,244,31,5,3,0.99186992,Q75_100,False,0,1,2
247,28955,117,56,5,3,0.47560976,Q25_50,False,0,1,2
247,25790,104,102,5,3,0.42276423,Q25_50,False,0,0,3
247,25165,101,218,5,3,0.41056911,Q25_50,False,0,2,3
247,14953,60,133,5,2,0.24390244,Q0_25,False,0,2,3
247,49218,199,65,5,3,0.80894309,Q75_100,False,0,0,2
247,27763,112,99,5,3,0.45528455,Q25_50,False,0,0,2
247,6023,24,95,4,2,0.09756098,Q0_25,False,0,0,2
247,18402,74,124,5,2,0.30081301,Q25_50,False,0,1,3
247,52049,210,179,5,3,0.85365854,Q75_100,False,0,1,3
247,31092,125,217,5,3,0.50813008,Q50_75,False,0,2,3
247,10065,40,185,5,2,0.16260163,Q0_25,False,0,0,3
247,2997,12,33,4,2,0.04878049,Q0_25,False,0,0,2
247,51592,208,216,5,3,0.84552846,Q75_100,False,0,1,3
247,21417,86,175,5,2,0.3495935,Q25_50,False,0,1,3
247,33133,134,35,5,3,0.54471545,Q50_75,False,0,0,2
247,5732,23,51,4,2,0.09349593,Q0_25,False,0,0,2
247,41281,167,32,5,3,0.67886179,Q50_75,False,0,0,2
247,1749,7,20,4,1,0.02845528,Q0_25,False,0,0,2
247,13839,56,7,5,2,0.22764228,Q0_25,False,1,1,1
247,29716,120,76,5,3,0.48780488,Q25_50,False,0,1,2
247,56504,228,188,5,3,0.92682927,Q75_100,False,0,1,3
247,7910,32,6,4,2,0.1300813,Q0_25,False,0,0,1
247,33742,136,150,5,3,0.55284553,Q50_75,False,0,1,3
247,20360,82,106,5,2,0.33333333,Q25_50,False,0,1,3
247,16035,64,227,5,2,0.2601626,Q25_50,False,0,1,3
247,4723,19,30,4,2,0.07723577,Q0_25,False,0,0,2
247,6676,27,7,4,2,0.1097561,Q0_25,False,1,1,1
247,54489,220,149,5,3,0.89430894,Q75_100,False,0,2,3
247,42493,172,9,5,3,0.69918699,Q50_75,False,0,0,1
247,39845,161,78,5,3,0.65447154,Q50_75,False,0,0,2
247,56078,227,9,5,3,0.92276423,Q75_100,False,0,0,1
247,23237,94,19,5,2,0.38211382,Q25_50,False,0,1,2
247,53492,216,140,5,3,0.87804878,Q75_100,False,0,1,3
247,38951,157,172,5,3,0.63821138,Q50_75,False,0,1,3
247,35387,143,66,5,3,0.58130081,Q50_75,False,0,0,2
247,8768,35,123,4,2,0.14227642,Q0_25,False,0,1,3
247,50649,205,14,5,3,0.83333333,Q75_100,False,0,1,2
247,3938,15,233,4,2,0.06097561,Q0_25,False,0,1,3
247,59617,241,90,5,3,0.9796748,Q75_100,False,0,0,2
247,6090,24,162,4,2,0.09756098,Q0_25,False,0,1,3
247,29445,119,52,5,3,0.48373984,Q25_50,False,0,1,2
247,27149,109,226,5,3,0.44308943,Q25_50,False,0,2,3
247,51171,207,42,5,3,0.84146341,Q75_100,False,0,0,2
247,11922,48,66,5,2,0.19512195,Q0_25,False,0,1,2
247,301,1,54,3,1,0.00406504,Q0_25,False,0,0,2
247,3586,14,128,4,2,0.05691057,Q0_25,False,0,1,3
247,27569,111,152,5,3,0.45121951,Q25_50,False,0,2,3
247,35925,145,110,5,3,0.58943089,Q50_75,False,0,1,3
247,55444,224,116,5,3,0.91056911,Q75_100,False,0,2,3
247,60724,245,209,5,3,0.99593496,Q75_100,False,0,1,3
247,12600,51,3,5,2,0.20731707,Q0_25,False,0,0,1
247,58365,236,73,5,3,0.95934959,Q75_100,False,0,0,2
247,5742,23,61,4,2,0.09349593,Q0_25,False,0,0,2
247,8412,34,14,4,2,0.13821138,Q0_25,False,0,1,2
247,40352,163,91,5,3,0.66260163,Q50_75,False,0,1,2
247,38267,154,229,5,3,0.62601626,Q50_75,False,0,2,3
247,56427,228,111,5,3,0.92682927,Q75_100,False,0,1,3
247,14228,57,149,5,2,0.23170732,Q0_25,False,0,1,3
247,33397,135,52,5,3,0.54878049,Q50_75,False,0,0,2
247,47530,192,106,5,3,0.7804878,Q75_100,False,0,1,3
247,17375,70,85,5,2,0.28455285,Q25_50,False,0,0,2
247,42485,172,1,5,3,0.69918699,Q50_75,False,1,1,1
247,54821,221,234,5,3,0.89837398,Q75_100,False,0,1,3
247,51298,207,169,5,3,0.84146341,Q75_100,False,0,1,3
247,12122,49,19,5,2,0.19918699,Q0_25,False,0,1,2
247,33283,134,185,5,3,0.54471545,Q50_75,False,0,1,3
247,8974,36,82,4,2,0.14634146,Q0_25,False,0,0,2
247,24252,98,46,5,2,0.39837398,Q25_50,False,0,1,2
247,58980,238,194,5,3,0.96747967,Q75_100,False,0,2,3
247,17519,70,229,5,2,0.28455285,Q25_50,False,0,2,3
247,21696,87,207,5,2,0.35365854,Q25_50,False,0,1,3
247,3942,15,237,4,2,0.06097561,Q0_25,False,0,1,3
247,35656,144,88,5,3,0.58536585,Q50_75,False,0,0,2
247,50844,205,209,5,3,0.83333333,Q75_100,False,0,1,3
247,54116,219,23,5,3,0.8902439,Q75_100,False,0,0,2
247,27341,110,171,5,3,0.44715447,Q25_50,False,0,1,3
247,37069,150,19,5,3,0.6097561,Q50_75,False,0,0,2
247,15877,64,69,5,2,0.2601626,Q25_50,False,0,0,2
247,25233,102,39,5,3,0.41463415,Q25_50,False,0,0,2
247,3740,15,35,4,2,0.06097561,Q0_25,False,0,1,2
247,47470,192,46,5,3,0.7804878,Q75_100,False,0,0,2
247,33238,134,140,5,3,0.54471545,Q50_75,False,0,1,3
247,44087,178,121,5,3,0.72357724,Q50_75,False,0,2,3
247,16684,67,135,5,2,0.27235772,Q25_50,False,0,1,3
247,29243,118,97,5,3,0.4796748,Q25_50,False,0,0,2
247,17563,71,26,5,2,0.28861789,Q25_50,False,0,0,2
247,55526,224,198,5,3,0.91056911,Q75_100,False,0,1,3
247,37381,151,84,5,3,0.61382114,Q50_75,False,0,0,2
247,13892,56,60,5,2,0.22764228,Q0_25,False,0,0,2
247,6915,27,246,4,2,0.1097561,Q0_25,False,0,1,3
247,13539,54,201,5,2,0.2195122,Q0_25,False,0,0,3
247,55797,225,222,5,3,0.91463415,Q75_100,False,0,1,3
247,56651,229,88,5,3,0.93089431,Q75_100,False,0,0,2
247,25705,104,17,5,3,0.42276423,Q25_50,False,0,1,2
247,4265,17,66,4,2,0.06910569,Q0_25,False,0,1,2
247,54797,221,210,5,3,0.89837398,Q75_100,False,0,2,3
247,27243,110,73,5,3,0.44715447,Q25_50,False,0,0,2
247,13975,56,143,5,2,0.22764228,Q0_25,False,0,1,3
247,22182,89,199,5,2,0.36178862,Q25_50,False,0,1,3
247,57945,234,147,5,3,0.95121951,Q75_100,False,0,1,3
247,39245,158,219,5,3,0.64227642,Q50_75,False,0,1,3
247,16332,66,30,5,2,0.26829268,Q25_50,False,0,0,2
247,2778,11,61,4,2,0.04471545,Q0_25,False,0,1,2
247,47866,193,195,5,3,0.78455285,Q75_100,False,0,1,3
247,34878,141,51,5,3,0.57317073,Q50_75,False,0,1,2
247,22872,92,148,5,2,0.37398374,Q25_50,False,0,1,3
247,24779,100,79,5,3,0.40650407,Q25_50,False,0,0,2
247,59962,242,188,5,3,0.98373984,Q75_100,False,0,1,3
247,39691,160,171,5,3,0.6504065,Q50_75,False,0,1,3
247,3574,14,116,4,2,0.05691057,Q0_25,False,0,1,3
247,54885,222,51,5,3,0.90243902,Q75_100,False,0,1,2
247,49259,199,106,5,3,0.80894309,Q75_100,False,0,0,3
247,40698,164,190,5,3,0.66666667,Q50_75,False,0,0,3
247,15138,61,71,5,2,0.24796748,Q0_25,False,0,1,2
247,22058,89,75,5,2,0.36178862,Q25_50,False,0,0,2
247,59699,241,172,5,3,0.9796748,Q75_100,False,0,2,3
247,39713,160,193,5,3,0.6504065,Q50_75,False,0,0,3
247,48301,195,136,5,3,0.79268293,Q75_100,False,0,1,3
247,23809,96,97,5,2,0.3902439,Q25_50,False,0,0,2
247,53042,214,184,5,3,0.8699187,Q75_100,False,0,1,3
247,1400,5,165,4,1,0.0203252,Q0_25,False,0,1,3
247,58235,235,190,5,3,0.95528455,Q75_100,False,0,1,3
247,6254,25,79,4,2,0.10162602,Q0_25,False,0,1,2
247,45942,186,0,5,3,0.75609756,Q75_100,False,0,0,1
247,36988,149,185,5,3,0.60569106,Q50_75,False,0,1,3
247,15918,64,110,5,2,0.2601626,Q25_50,False,0,1,3
247,42346,171,109,5,3,0.69512195,Q50_75,False,0,1,3
247,23899,96,187,5,2,0.3902439,Q25_50,False,0,1,3
247,60530,245,15,5,3,0.99593496,Q75_100,False,0,1,2
247,50467,204,79,5,3,0.82926829,Q75_100,False,0,1,2
247,14118,57,39,5,2,0.23170732,Q0_25,False,0,0,2
247,57534,232,230,5,3,0.94308943,Q75_100,False,0,1,3
247,18105,73,74,5,2,0.29674797,Q25_50,False,0,1,2
247,55157,223,76,5,3,0.90650407,Q75_100,False,0,0,2
247,58775,237,236,5,3,0.96341463,Q75_100,False,0,1,3
247,26914,108,238,5,3,0.43902439,Q25_50,False,0,1,3
247,16959,68,163,5,2,0.27642276,Q25_50,False,0,1,3
247,57814,234,16,5,3,0.95121951,Q75_100,False,0,1,2
247,54837,222,3,5,3,0.90243902,Q75_100,False,0,0,1
247,48171,195,6,5,3,0.79268293,Q75_100,False,0,0,1
247,44751,181,44,5,3,0.73577236,Q50_75,False,0,1,2
247,10702,43,81,5,2,0.17479675,Q0_25,False,0,1,2
247,39865,161,98,5,3,0.65447154,Q50_75,False,0,0,2
247,27102,109,179,5,3,0.44308943,Q25_50,False,0,1,3
247,49528,200,128,5,3,0.81300813,Q75_100,False,0,2,3
247,1722,6,240,4,1,0.02439024,Q0_25,False,0,1,3
247,38930,157,151,5,3,0.63821138,Q50_75,False,0,1,3
247,26178,105,243,5,3,0.42682927,Q25_50,False,0,1,3
247,5598,22,164,4,2,0.08943089,Q0_25,False,1,3,3
247,59621,241,94,5,3,0.9796748,Q75_100,False,0,0,2
247,27922,113,11,5,3,0.45934959,Q25_50,False,0,1,2
247,59595,241,68,5,3,0.9796748,Q75_100,False,0,0,2
247,2164,8,188,4,1,0.03252033,Q0_25,False,0,1,3
247,53733,217,134,5,3,0.88211382,Q75_100,False,0,1,3
247,17113,69,70,5,2,0.2804878,Q25_50,False,0,1,2
247,26460,107,31,5,3,0.43495935,Q25_50,False,0,0,2
247,22101,89,118,5,2,0.36178862,Q25_50,False,0,2,3
247,51233,207,104,5,3,0.84146341,Q75_100,False,0,1,3
247,10889,44,21,5,2,0.17886179,Q0_25,False,0,1,2
247,34542,139,209,5,3,0.56504065,Q50_75,False,0,1,3
247,43751,177,32,5,3,0.7195122,Q50_75,False,0,0,2
247,26805,108,129,5,3,0.43902439,Q25_50,False,0,1,3
247,34012,137,173,5,3,0.55691057,Q50_75,False,0,1,3
247,1770,7,41,4,1,0.02845528,Q0_25,False,0,1,2
247,59568,241,41,5,3,0.9796748,Q75_100,False,0,0,2
247,13299,53,208,5,2,0.21544715,Q0_25,False,0,1,3
247,14744,59,171,5,2,0.2398374,Q0_25,False,0,1,3
247,48974,198,68,5,3,0.80487805,Q75_100,False,0,0,2
247,11608,46,246,5,2,0.18699187,Q0_25,False,0,2,3
247,30964,125,89,5,3,0.50813008,Q50_75,False,0,0,2
247,26193,106,11,5,3,0.43089431,Q25_50,False,0,1,2
247,26242,106,60,5,3,0.43089431,Q25_50,False,0,0,2
247,4873,19,180,4,2,0.07723577,Q0_25,False,0,1,3
247,15543,62,229,5,2,0.25203252,Q25_50,False,0,1,3
247,13224,53,133,5,2,0.21544715,Q0_25,False,0,2,3
247,39244,158,218,5,3,0.64227642,Q50_75,False,0,1,3
247,60943,246,181,5,3,1.0,Q75_100,False,0,2,3
247,9497,38,111,4,2,0.15447154,Q0_25,False,0,1,3
247,41465,167,216,5,3,0.67886179,Q50_75,False,0,2,3
247,33229,134,131,5,3,0.54471545,Q50_75,False,0,2,3
247,42399,171,162,5,3,0.69512195,Q50_75,False,0,1,3
247,60706,245,191,5,3,0.99593496,Q75_100,False,0,1,3
247,39342,159,69,5,3,0.64634146,Q50_75,False,0,0,2
247,3684,14,226,4,2,0.05691057,Q0_25,False,0,2,3
247,49679,201,32,5,3,0.81707317,Q75_100,False,0,1,2
247,35749,144,181,5,3,0.58536585,Q50_75,False,0,1,3
247,7602,30,192,4,2,0.12195122,Q0_25,False,0,0,3
247,801,3,60,3,1,0.01219512,Q0_25,False,0,0,2
247,9035,36,143,4,2,0.14634146,Q0_25,False,0,1,3
247,49481,200,81,5,3,0.81300813,Q75_100,False,0,1,2
247,58005,234,207,5,3,0.95121951,Q75_100,False,0,1,3
247,33887,137,48,5,3,0.55691057,Q50_75,False,0,0,2
247,59448,240,168,5,3,0.97560976,Q75_100,False,0,1,3
247,35924,145,109,5,3,0.58943089,Q50_75,False,0,1,3
247,44784,181,77,5,3,0.73577236,Q50_75,False,0,0,2
247,56629,229,66,5,3,0.93089431,Q75_100,False,0,1,2
247,59342,240,62,5,3,0.97560976,Q75_100,False,0,1,2
247,26248,106,66,5,3,0.43089431,Q25_50,False,0,1,2
247,45501,184,53,5,3,0.74796748,Q50_75,False,0,0,2
247,46177,186,235,5,3,0.75609756,Q75_100,False,0,1,3
247,46145,186,203,5,3,0.75609756,Q75_100,False,0,1,3
247,32960,133,109,5,3,0.54065041,Q50_75,False,0,1,3
247,49027,198,121,5,3,0.80487805,Q75_100,False,0,2,3
247,45375,183,174,5,3,0.74390244,Q50_75,False,0,1,3
247,14771,59,198,5,2,0.2398374,Q0_25,False,0,0,3
247,10655,43,34,5,2,0.17479675,Q0_25,False,0,0,2
247,2162,8,186,4,1,0.03252033,Q0_25,False,0,1,3
247,47534,192,110,5,3,0.7804878,Q75_100,False,0,1,3
247,352,1,105,3,1,0.00406504,Q0_25,False,0,2,3
247,15712,63,151,5,2,0.25609756,Q25_50,False,0,1,3
247,51336,207,207,5,3,0.84146341,Q75_100,False,0,1,3
247,54121,219,28,5,3,0.8902439,Q75_100,False,0,0,2
247,4424,17,225,4,2,0.06910569,Q0_25,False,0,2,3
247,1877,7,148,4,1,0.02845528,Q0_25,False,0,2,3
247,33821,136,229,5,3,0.55284553,Q50_75,False,0,1,3
247,51547,208,171,5,3,0.84552846,Q75_100,False,0,1,3
247,12256,49,153,5,2,0.19918699,Q0_25,False,0,1,3
247,23382,94,164,5,2,0.38211382,Q25_50,False,0,1,3
247,56714,229,151,5,3,0.93089431,Q75_100,False,0,1,3
247,20962,84,214,5,2,0.34146341,Q25_50,False,0,1,3
247,30225,122,91,5,3,0.49593496,Q25_50,False,0,1,2
247,44949,181,242,5,3,0.73577236,Q50_75,False,0,1,3
247,18819,76,47,5,2,0.30894309,Q25_50,False,0,0,2
247,19205,77,186,5,2,0.31300813,Q25_50,False,0,2,3
247,26748,108,72,5,3,0.43902439,Q25_50,False,0,0,2
247,45770,185,75,5,3,0.75203252,Q75_100,False,0,0,2
247,25994,105,59,5,3,0.42682927,Q25_50,False,0,0,2
247,12969,52,125,5,2,0.21138211,Q0_25,False,0,1,3
247,11154,45,39,5,2,0.18292683,Q0_25,False,0,0,2
247,474,1,227,3,1,0.00406504,Q0_25,False,0,1,3
247,42879,173,148,5,3,0.70325203,Q50_75,False,0,1,3
247,13545,54,207,5,2,0.2195122,Q0_25,False,0,1,3
247,33216,134,118,5,3,0.54471545,Q50_75,False,0,1,3
247,30686,124,58,5,3,0.50406504,Q50_75,False,0,0,2
247,12058,48,202,5,2,0.19512195,Q0_25,False,0,1,3
247,10492,42,118,5,2,0.17073171,Q0_25,False,0,2,3
247,46499,188,63,5,3,0.76422764,Q75_100,False,0,0,2
247,33026,133,175,5,3,0.54065041,Q50_75,False,0,1,3
247,3387,13,176,4,2,0.05284553,Q0_25,False,0,2,3
247,56108,227,39,5,3,0.92276423,Q75_100,False,0,0,2
247,36155,146,93,5,3,0.59349593,Q50_75,False,0,0,2
247,49698,201,51,5,3,0.81707317,Q75_100,False,0,0,2
247,49739,201,92,5,3,0.81707317,Q75_100,False,0,1,2
247,15331,62,17,5,2,0.25203252,Q25_50,False,0,1,2
247,12613,51,16,5,2,0.20731707,Q0_25,False,1,2,2
247,37155,150,105,5,3,0.6097561,Q50_75,False,0,1,3
247,13752,55,167,5,2,0.22357724,Q0_25,False,0,1,3
247,49904,202,10,5,3,0.82113821,Q75_100,False,0,1,2
247,1003,4,15,4,1,0.01626016,Q0_25,False,0,1,2
247,3616,14,158,4,2,0.05691057,Q0_25,False,0,1,3
247,59900,242,126,5,3,0.98373984,Q75_100,False,0,2,3
247,56707,229,144,5,3,0.93089431,Q75_100,False,0,1,3
247,40358,163,97,5,3,0.66260163,Q50_75,False,0,0,2
247,32157,130,47,5,3,0.52845528,Q50_75,False,0,0,2
247,58388,236,96,5,3,0.95934959,Q75_100,False,0,0,2
247,56889,230,79,5,3,0.93495935,Q75_100,False,0,0,2
247,631,2,137,3,1,0.00813008,Q0_25,False,0,2,3
247,51720,209,97,5,3,0.8495935,Q75_100,False,0,0,2
247,53335,215,230,5,3,0.87398374,Q75_100,False,0,1,3
247,6574,26,152,4,2,0.10569106,Q0_25,False,0,1,3
247,8943,36,51,4,2,0.14634146,Q0_25,False,0,0,2
247,16819,68,23,5,2,0.27642276,Q25_50,False,0,0,2
247,19018,76,246,5,2,0.30894309,Q25_50,False,0,0,3
247,49858,201,211,5,3,0.81707317,Q75_100,False,1,3,3
247,4527,18,81,4,2,0.07317073,Q0_25,False,0,0,2
247,34063,137,224,5,3,0.55691057,Q50_75,False,0,1,3
247,42782,173,51,5,3,0.70325203,Q50_75,False,0,1,2
247,7815,31,158,4,2,0.12601626,Q0_25,False,0,1,3
247,53516,216,164,5,3,0.87804878,Q75_100,False,0,1,3
247,58968,238,182,5,3,0.96747967,Q75_100,False,0,1,3
247,38958,157,179,5,3,0.63821138,Q50_75,False,0,1,3
247,6321,25,146,4,2,0.10162602,Q0_25,False,1,3,3
247,57340,232,36,5,3,0.94308943,Q75_100,False,0,0,2
247,34802,140,222,5,3,0.56910569,Q50_75,False,0,2,3
247,15374,62,60,5,2,0.25203252,Q25_50,False,0,0,2
247,51290,207,161,5,3,0.84146341,Q75_100,False,0,1,3
247,60773,246,11,5,3,1.0,Q75_100,False,1,2,2
247,28941,117,42,5,3,0.47560976,Q25_50,False,0,0,2
247,54160,219,67,5,3,0.8902439,Q75_100,False,0,0,2
247,2329,9,106,4,1,0.03658537,Q0_25,False,0,1,3
247,5226,21,39,4,2,0.08536585,Q0_25,False,0,0,2
247,14828,60,8,5,2,0.24390244,Q0_25,False,0,0,1
247,34418,139,85,5,3,0.56504065,Q50_75,False,0,1,2
247,52097,210,227,5,3,0.85365854,Q75_100,False,0,1,3
247,7450,30,40,4,2,0.12195122,Q0_25,False,0,0,2
247,27204,110,34,5,3,0.44715447,Q25_50,False,0,0,2
247,15159,61,92,5,2,0.24796748,Q0_25,False,0,0,2
247,6364,25,189,4,2,0.10162602,Q0_25,False,0,1,3
247,22021,89,38,5,2,0.36178862,Q25_50,False,0,0,2
247,34397,139,64,5,3,0.56504065,Q50_75,False,0,0,2
247,18821,76,49,5,2,0.30894309,Q25_50,False,0,0,2
247,17731,71,194,5,2,0.28861789,Q25_50,False,0,1,3
247,3287,13,76,4,2,0.05284553,Q0_25,False,0,1,2
247,56639,229,76,5,3,0.93089431,Q75_100,False,1,2,2
247,50751,205,116,5,3,0.83333333,Q75_100,False,1,3,3
247,8137,32,233,4,2,0.1300813,Q0_25,False,0,1,3
247,19845,80,85,5,2,0.32520325,Q25_50,False,0,0,2
247,8756,35,111,4,2,0.14227642,Q0_25,False,0,1,3
247,45150,182,196,5,3,0.7398374,Q50_75,False,0,1,3
247,19663,79,150,5,2,0.32113821,Q25_50,False,0,1,3
247,21120,85,125,5,2,0.34552846,Q25_50,False,0,1,3
247,37096,150,46,5,3,0.6097561,Q50_75,False,0,0,2
247,18947,76,175,5,2,0.30894309,Q25_50,False,0,1,3
247,26158,105,223,5,3,0.42682927,Q25_50,False,0,1,3
247,19733,79,220,5,2,0.32113821,Q25_50,False,0,1,3
247,56278,227,209,5,3,0.92276423,Q75_100,False,0,1,3
247,30247,122,113,5,3,0.49593496,Q25_50,False,0,1,3
247,27,0,27,2,1,0.0,Q0_25,False,1,2,2
247,35247,142,173,5,3,0.57723577,Q50_75,False,0,1,3
247,27048,109,125,5,3,0.44308943,Q25_50,False,0,1,3
247,35949,145,134,5,3,0.58943089,Q50_75,False,0,2,3
247,26569,107,140,5,3,0.43495935,Q25_50,False,0,1,3
247,28837,116,185,5,3,0.47154472,Q25_50,False,0,1,3
247,4923,19,230,4,2,0.07723577,Q0_25,False,0,1,3
247,17721,71,184,5,2,0.28861789,Q25_50,False,0,1,3
247,2374,9,151,4,1,0.03658537,Q0_25,False,1,3,3
247,54396,220,56,5,3,0.89430894,Q75_100,False,0,0,2
247,13250,53,159,5,2,0.21544715,Q0_25,False,0,1,3
247,37851,153,60,5,3,0.62195122,Q50_75,False,0,0,2
247,11581,46,219,5,2,0.18699187,Q0_25,False,0,1,3
247,21641,87,152,5,2,0.35365854,Q25_50,False,0,1,3
247,11303,45,188,5,2,0.18292683,Q0_25,False,0,1,3
247,39393,159,120,5,3,0.64634146,Q50_75,False,0,1,3
247,12399,50,49,5,2,0.20325203,Q0_25,False,0,0,2
247,24279,98,73,5,2,0.39837398,Q25_50,False,0,0,2
247,48111,194,193,5,3,0.78861789,Q75_100,False,0,1,3
247,30685,124,57,5,3,0.50406504,Q50_75,False,0,0,2
247,8180,33,29,4,2,0.13414634,Q0_25,False,0,0,2
247,4857,19,164,4,2,0.07723577,Q0_25,False,1,3,3
247,52384,212,20,5,3,0.86178862,Q75_100,False,0,0,2
247,58293,236,1,5,3,0.95934959,Q75_100,False,1,1,1
247,49336,199,183,5,3,0.80894309,Q75_100,False,0,1,3
247,29570,119,177,5,3,0.48373984,Q25_50,False,0,1,3
247,60883,246,121,5,3,1.0,Q75_100,False,0,2,3
247,38044,154,6,5,3,0.62601626,Q50_75,False,0,0,1
247,58496,236,204,5,3,0.95934959,Q75_100,False,0,1,3
247,38551,156,19,5,3,0.63414634,Q50_75,False,0,1,2
247,1254,5,19,4,1,0.0203252,Q0_25,False,0,1,2
247,21301,86,59,5,2,0.3495935,Q25_50,False,0,0,2
247,42423,171,186,5,3,0.69512195,Q50_75,False,0,1,3
247,22612,91,135,5,2,0.3699187,Q25_50,False,0,1,3
247,12949,52,105,5,2,0.21138211,Q0_25,False,0,1,3
247,7203,29,40,4,2,0.11788618,Q0_25,False,0,0,2
247,21061,85,66,5,2,0.34552846,Q25_50,False,0,0,2
247,19392,78,126,5,2,0.31707317,Q25_50,False,0,1,3
247,36482,147,173,5,3,0.59756098,Q50_75,False,0,1,3
247,24398,98,192,5,2,0.39837398,Q25_50,False,0,1,3
247,59041,239,8,5,3,0.97154472,Q75_100,False,0,0,1
247,556,2,62,3,1,0.00813008,Q0_25,False,0,1,2
247,48289,195,124,5,3,0.79268293,Q75_100,False,0,0,3
247,3770,15,65,4,2,0.06097561,Q0_25,False,0,1,2
247,58744,237,205,5,3,0.96341463,Q75_100,False,0,1,3
247,47114,190,184,5,3,0.77235772,Q75_100,False,0,1,3
247,23792,96,80,5,2,0.3902439,Q25_50,False,0,0,2
247,21209,85,214,5,2,0.34552846,Q25_50,False,0,1,3
247,37940,153,149,5,3,0.62195122,Q50_75,False,0,1,3
247,22935,92,211,5,2,0.37398374,Q25_50,False,1,3,3
247,10129,41,2,5,2,0.16666667,Q0_25,False,0,0,1
247,50597,204,209,5,3,0.82926829,Q75_100,False,0,0,3
247,30807,124,179,5,3,0.50406504,Q50_75,False,0,1,3
247,34005,137,166,5,3,0.55691057,Q50_75,False,0,1,3
247,14726,59,153,5,2,0.2398374,Q0_25,False,0,1,3
247,46054,186,112,5,3,0.75609756,Q75_100,False,0,1,3
247,1949,7,220,4,1,0.02845528,Q0_25,False,0,2,3
247,3641,14,183,4,2,0.05691057,Q0_25,False,0,2,3
247,44832,181,125,5,3,0.73577236,Q50_75,False,0,2,3
247,9601,38,215,4,2,0.15447154,Q0_25,False,0,2,3
247,1571,6,89,4,1,0.02439024,Q0_25,False,0,1,2
247,4408,17,209,4,2,0.06910569,Q0_25,False,0,1,3
247,54194,219,101,5,3,0.8902439,Q75_100,False,0,0,3
247,6663,26,241,4,2,0.10569106,Q0_25,False,0,1,3
247,50993,206,111,5,3,0.83739837,Q75_100,False,0,2,3
247,39365,159,92,5,3,0.64634146,Q50_75,False,0,0,2
247,58854,238,68,5,3,0.96747967,Q75_100,False,0,0,2
247,4820,19,127,4,2,0.07723577,Q0_25,False,0,1,3
247,1844,7,115,4,1,0.02845528,Q0_25,False,0,2,3
247,10229,41,102,5,2,0.16666667,Q0_25,False,0,1,3
247,32946,133,95,5,3,0.54065041,Q50_75,False,0,0,2
247,27984,113,73,5,3,0.45934959,Q25_50,False,0,0,2
247,59625,241,98,5,3,0.9796748,Q75_100,False,0,0,2
247,16348,66,46,5,2,0.26829268,Q25_50,False,0,1,2
247,44702,180,242,5,3,0.73170732,Q50_75,False,0,1,3
247,4901,19,208,4,2,0.07723577,Q0_25,False,0,1,3
247,56881,230,71,5,3,0.93495935,Q75_100,False,0,1,2
247,10795,43,174,5,2,0.17479675,Q0_25,False,0,1,3
247,46201,187,12,5,3,0.7601626,Q75_100,False,0,1,2
247,52147,211,30,5,3,0.85772358,Q75_100,False,0,0,2
247,45373,183,172,5,3,0.74390244,Q50_75,False,0,1,3
247,430,1,183,3,1,0.00406504,Q0_25,False,0,2,3
247,25276,102,82,5,3,0.41463415,Q25_50,False,0,0,2
247,16877,68,81,5,2,0.27642276,Q25_50,False,0,0,2
247,8884,35,239,4,2,0.14227642,Q0_25,False,0,1,3
247,19564,79,51,5,2,0.32113821,Q25_50,False,0,0,2
247,40310,163,49,5,3,0.66260163,Q50_75,False,0,0,2
247,11708,47,99,5,2,0.19105691,Q0_25,False,0,0,2
247,55500,224,172,5,3,0.91056911,Q75_100,False,0,1,3
247,33943,137,104,5,3,0.55691057,Q50_75,False,0,1,3
247,41992,170,2,5,3,0.69105691,Q50_75,False,0,0,1
247,60482,244,214,5,3,0.99186992,Q75_100,False,0,2,3
247,38862,157,83,5,3,0.63821138,Q50_75,False,0,0,2
247,42258,171,21,5,3,0.69512195,Q50_75,False,0,1,2
247,44190,178,224,5,3,0.72357724,Q50_75,False,0,1,3
247,572,2,78,3,1,0.00813008,Q0_25,False,0,0,2
247,9281,37,142,4,2,0.1504065,Q0_25,False,0,1,3
247,54025,218,179,5,3,0.88617886,Q75_100,False,0,1,3
247,3711,15,6,4,2,0.06097561,Q0_25,False,0,0,1
247,5547,22,113,4,2,0.08943089,Q0_25,False,0,2,3
247,32014,129,151,5,3,0.52439024,Q50_75,False,0,1,3
247,22059,89,76,5,2,0.36178862,Q25_50,False,0,0,2
247,8271,33,120,4,2,0.13414634,Q0_25,False,0,1,3
247,9802,39,169,4,2,0.15853659,Q0_25,False,0,2,3
247,37691,152,147,5,3,0.61788618,Q50_75,False,0,1,3
247,25659,103,218,5,3,0.41869919,Q25_50,False,0,2,3
247,12981,52,137,5,2,0.21138211,Q0_25,False,0,1,3
247,10919,44,51,5,2,0.17886179,Q0_25,False,0,0,2
247,29896,121,9,5,3,0.49186992,Q25_50,False,0,0,1
247,21489,87,0,5,2,0.35365854,Q25_50,False,0,0,1
247,47682,193,11,5,3,0.78455285,Q75_100,False,1,2,2
247,17218,69,175,5,2,0.2804878,Q25_50,False,0,1,3
247,42015,170,25,5,3,0.69105691,Q50_75,False,0,0,2
247,11901,48,45,5,2,0.19512195,Q0_25,False,0,0,2
247,20891,84,143,5,2,0.34146341,Q25_50,False,0,1,3
247,32488,131,131,5,3,0.53252033,Q50_75,False,0,2,3
247,10345,41,218,5,2,0.16666667,Q0_25,False,0,0,3
247,52137,211,20,5,3,0.85772358,Q75_100,False,0,1,2
247,135,0,135,3,1,0.0,Q0_25,False,0,2,3
247,22542,91,65,5,2,0.3699187,Q25_50,False,0,0,2
247,18765,75,240,5,2,0.30487805,Q25_50,False,0,1,3
247,16368,66,66,5,2,0.26829268,Q25_50,False,0,1,2
247,15674,63,113,5,2,0.25609756,Q25_50,False,0,1,3
247,25793,104,105,5,3,0.42276423,Q25_50,False,0,0,3
247,56165,227,96,5,3,0.92276423,Q75_100,False,0,0,2
247,24015,97,56,5,2,0.39430894,Q25_50,False,0,0,2
247,34657,140,77,5,3,0.56910569,Q50_75,False,0,0,2
247,28354,114,196,5,3,0.46341463,Q25_50,False,0,1,3
247,26360,106,178,5,3,0.43089431,Q25_50,False,0,1,3
247,60494,244,226,5,3,0.99186992,Q75_100,False,0,1,3
247,19569,79,56,5,2,0.32113821,Q25_50,False,0,0,2
247,15832,64,24,5,2,0.2601626,Q25_50,False,0,0,2
247,56248,227,179,5,3,0.92276423,Q75_100,False,0,1,3
247,15171,61,104,5,2,0.24796748,Q0_25,False,0,1,3
247,39312,159,39,5,3,0.64634146,Q50_75,False,0,0,2
247,1424,5,189,4,1,0.0203252,Q0_25,False,0,0,3
247,13354,54,16,5,2,0.2195122,Q0_25,False,0,1,2
247,47126,190,196,5,3,0.77235772,Q75_100,False,0,0,3
247,19445,78,179,5,2,0.31707317,Q25_50,False,0,1,3
247,58987,238,201,5,3,0.96747967,Q75_100,False,0,1,3
247,18453,74,175,5,2,0.30081301,Q25_50,False,0,1,3
247,41859,169,116,5,3,0.68699187,Q50_75,False,0,1,3
247,22953,92,229,5,2,0.37398374,Q25_50,False,0,1,3
247,23038,93,67,5,2,0.37804878,Q25_50,False,0,0,2
247,25404,102,210,5,3,0.41463415,Q25_50,False,0,2,3
247,27368,110,198,5,3,0.44715447,Q25_50,False,0,1,3
247,40583,164,75,5,3,0.66666667,Q50_75,False,0,0,2
247,56499,228,183,5,3,0.92682927,Q75_100,False,0,1,3
247,30595,123,214,5,3,0.5,Q50_75,False,0,1,3
247,26162,105,227,5,3,0.42682927,Q25_50,False,0,1,3
247,44844,181,137,5,3,0.73577236,Q50_75,False,0,2,3
247,5368,21,181,4,2,0.08536585,Q0_25,False,0,2,3
247,50478,204,90,5,3,0.82926829,Q75_100,False,0,0,2
247,11481,46,119,5,2,0.18699187,Q0_25,False,0,2,3
247,6802,27,133,4,2,0.1097561,Q0_25,False,0,1,3
247,11758,47,149,5,2,0.19105691,Q0_25,False,0,1,3
247,46388,187,199,5,3,0.7601626,Q75_100,False,0,0,3
247,52794,213,183,5,3,0.86585366,Q75_100,False,0,1,3
247,39028,158,2,5,3,0.64227642,Q50_75,False,1,1,1
247,58839,238,53,5,3,0.96747967,Q75_100,False,0,0,2
247,51881,210,11,5,3,0.85365854,Q75_100,False,1,2,2
247,29737,120,97,5,3,0.48780488,Q25_50,False,0,0,2
247,57826,234,28,5,3,0.95121951,Q75_100,False,0,0,2
247,16657,67,108,5,2,0.27235772,Q25_50,False,0,1,3
247,46900,189,217,5,3,0.76829268,Q75_100,False,0,2,3
247,58084,235,39,5,3,0.95528455,Q75_100,False,0,0,2
247,44577,180,117,5,3,0.73170732,Q50_75,False,0,1,3
247,51129,207,0,5,3,0.84146341,Q75_100,False,0,0,1
247,42096,170,106,5,3,0.69105691,Q50_75,False,0,1,3
247,27131,109,208,5,3,0.44308943,Q25_50,False,0,1,3
247,9266,37,127,4,2,0.1504065,Q0_25,False,0,2,3
247,48595,196,183,5,3,0.79674797,Q75_100,False,0,1,3
247,26729,108,53,5,3,0.43902439,Q25_50,False,0,0,2
247,51675,209,52,5,3,0.8495935,Q75_100,False,0,0,2
247,33973,137,134,5,3,0.55691057,Q50_75,False,0,2,3
247,23434,94,216,5,2,0.38211382,Q25_50,False,1,3,3
247,15304,61,237,5,2,0.24796748,Q0_25,False,0,2,3
247,12172,49,69,5,2,0.19918699,Q0_25,False,0,0,2
247,43049,174,71,5,3,0.70731707,Q50_75,False,0,0,2
247,53195,215,90,5,3,0.87398374,Q75_100,False,0,0,2
247,42364,171,127,5,3,0.69512195,Q50_75,False,0,1,3
247,37690,152,146,5,3,0.61788618,Q50_75,False,0,1,3
247,5583,22,149,4,2,0.08943089,Q0_25,False,0,1,3
247,29960,121,73,5,3,0.49186992,Q25_50,False,0,0,2
247,18685,75,160,5,2,0.30487805,Q25_50,False,0,1,3
247,38206,154,168,5,3,0.62601626,Q50_75,False,0,1,3
247,33510,135,165,5,3,0.54878049,Q50_75,False,0,1,3
247,43086,174,108,5,3,0.70731707,Q50_75,False,0,1,3
247,30838,124,210,5,3,0.50406504,Q50_75,False,0,2,3
247,47201,191,24,5,3,0.77642276,Q75_100,False,0,0,2
247,59984,242,210,5,3,0.98373984,Q75_100,False,0,1,3
247,45194,182,240,5,3,0.7398374,Q50_75,False,0,1,3
247,28433,115,28,5,3,0.46747967,Q25_50,False,0,0,2
247,54054,218,208,5,3,0.88617886,Q75_100,False,0,1,3
247,33435,135,90,5,3,0.54878049,Q50_75,False,0,0,2
247,32475,131,118,5,3,0.53252033,Q50_75,False,0,1,3
247,59042,239,9,5,3,0.97154472,Q75_100,False,0,0,1
247,31040,125,165,5,3,0.50813008,Q50_75,False,0,1,3
247,44219,179,6,5,3,0.72764228,Q50_75,False,0,0,1
247,56984,230,174,5,3,0.93495935,Q75_100,False,0,2,3
247,41652,168,156,5,3,0.68292683,Q50_75,False,0,1,3
247,3585,14,127,4,2,0.05691057,Q0_25,False,0,1,3
247,26052,105,117,5,3,0.42682927,Q25_50,False,0,2,3
247,12143,49,40,5,2,0.19918699,Q0_25,False,0,0,2
247,59362,240,82,5,3,0.97560976,Q75_100,False,0,1,2
247,14070,56,238,5,2,0.22764228,Q0_25,False,0,1,3
247,50473,204,85,5,3,0.82926829,Q75_100,False,0,0,2
247,47628,192,204,5,3,0.7804878,Q75_100,False,0,1,3
247,14679,59,106,5,2,0.2398374,Q0_25,False,0,2,3
247,41850,169,107,5,3,0.68699187,Q50_75,False,0,1,3
247,44386,179,173,5,3,0.72764228,Q50_75,False,0,1,3
247,6434,26,12,4,2,0.10569106,Q0_25,False,0,0,2
247,24786,100,86,5,3,0.40650407,Q25_50,False,0,0,2
247,57901,234,103,5,3,0.95121951,Q75_100,False,0,1,3
247,54324,219,231,5,3,0.8902439,Q75_100,False,1,3,3
247,27691,112,27,5,3,0.45528455,Q25_50,False,0,0,2
247,26238,106,56,5,3,0.43089431,Q25_50,False,0,1,2
247,5917,23,236,4,2,0.09349593,Q0_25,False,0,1,3
247,56447,228,131,5,3,0.92682927,Q75_100,False,0,2,3
247,54951,222,117,5,3,0.90243902,Q75_100,False,0,1,3
247,9853,39,220,4,2,0.15853659,Q0_25,False,0,1,3
247,45703,185,8,5,3,0.75203252,Q75_100,False,0,0,1
247,54614,221,27,5,3,0.89837398,Q75_100,False,0,1,2
247,43593,176,121,5,3,0.71544715,Q50_75,False,0,1,3
247,9886,40,6,4,2,0.16260163,Q0_25,False,0,0,1
247,6078,24,150,4,2,0.09756098,Q0_25,False,0,1,3
247,58808,238,22,5,3,0.96747967,Q75_100,False,0,0,2
247,55187,223,106,5,3,0.90650407,Q75_100,False,0,0,3
247,50105,202,211,5,3,0.82113821,Q75_100,False,1,3,3
247,57717,233,166,5,3,0.94715447,Q75_100,False,0,1,3
247,35897,145,82,5,3,0.58943089,Q50_75,False,0,0,2
247,15084,61,17,5,2,0.24796748,Q0_25,False,0,1,2
247,8609,34,211,4,2,0.13821138,Q0_25,False,0,2,3
247,29079,117,180,5,3,0.47560976,Q25_50,False,0,1,3
247,7030,28,114,4,2,0.11382114,Q0_25,False,0,1,3
247,5058,20,118,4,2,0.08130081,Q0_25,False,0,1,3
247,52136,211,19,5,3,0.85772358,Q75_100,False,0,1,2
247,21124,85,129,5,2,0.34552846,Q25_50,False,0,1,3
247,7710,31,53,4,2,0.12601626,Q0_25,False,0,0,2
247,39199,158,173,5,3,0.64227642,Q50_75,False,0,1,3
247,25008,101,61,5,3,0.41056911,Q25_50,False,0,1,2
247,30355,122,221,5,3,0.49593496,Q25_50,False,0,2,3
247,30426,123,45,5,3,0.5,Q50_75,False,0,0,2
247,23688,95,223,5,2,0.38617886,Q25_50,False,0,1,3
247,34303,138,217,5,3,0.56097561,Q50_75,False,0,1,3
247,21326,86,84,5,2,0.3495935,Q25_50,False,0,0,2
247,9745,39,112,4,2,0.15853659,Q0_25,False,0,2,3
247,13879,56,47,5,2,0.22764228,Q0_25,False,0,0,2
247,59985,242,211,5,3,0.98373984,Q75_100,False,0,2,3
247,32500,131,143,5,3,0.53252033,Q50_75,False,0,1,3
247,14817,59,244,5,2,0.2398374,Q0_25,False,0,1,3
247,54894,222,60,5,3,0.90243902,Q75_100,False,0,0,2
247,42120,170,130,5,3,0.69105691,Q50_75,False,0,1,3
247,23883,96,171,5,2,0.3902439,Q25_50,False,0,2,3
247,4164,16,212,4,2,0.06504065,Q0_25,False,0,2,3
247,50583,204,195,5,3,0.82926829,Q75_100,False,0,1,3
247,39234,158,208,5,3,0.64227642,Q50_75,False,0,1,3
247,27612,111,195,5,3,0.45121951,Q25_50,False,0,1,3
247,23897,96,185,5,2,0.3902439,Q25_50,False,0,1,3
247,60055,243,34,5,3,0.98780488,Q75_100,False,0,0,2
247,39196,158,170,5,3,0.64227642,Q50_75,False,0,1,3
247,36544,147,235,5,3,0.59756098,Q50_75,False,0,1,3
247,1473,5,238,4,1,0.0203252,Q0_25,False,0,1,3
247,21676,87,187,5,2,0.35365854,Q25_50,False,0,1,3
247,14664,59,91,5,2,0.2398374,Q0_25,False,0,0,2
247,28328,114,170,5,3,0.46341463,Q25_50,False,0,1,3
247,8129,32,225,4,2,0.1300813,Q0_25,False,0,2,3
247,13774,55,189,5,2,0.22357724,Q0_25,False,0,1,3
247,59895,242,121,5,3,0.98373984,Q75_100,False,0,1,3
247,22410,90,180,5,2,0.36585366,Q25_50,False,0,1,3
247,28148,113,237,5,3,0.45934959,Q25_50,False,0,1,3
247,45287,183,86,5,3,0.74390244,Q50_75,False,0,0,2
247,1439,5,204,4,1,0.0203252,Q0_25,False,0,1,3
247,30493,123,112,5,3,0.5,Q50_75,False,0,2,3
247,54487,220,147,5,3,0.89430894,Q75_100,False,0,2,3
247,23960,97,1,5,2,0.39430894,Q25_50,False,0,0,1
247,50062,202,168,5,3,0.82113821,Q75_100,False,0,1,3
247,49582,200,182,5,3,0.81300813,Q75_100,False,0,2,3
247,59988,242,214,5,3,0.98373984,Q75_100,False,0,2,3
247,49972,202,78,5,3,0.82113821,Q75_100,False,0,0,2
247,55749,225,174,5,3,0.91463415,Q75_100,False,0,1,3
247,54424,220,84,5,3,0.89430894,Q75_100,False,0,1,2
247,20705,83,204,5,2,0.33739837,Q25_50,False,0,1,3
247,36515,147,206,5,3,0.59756098,Q50_75,False,0,1,3
247,45174,182,220,5,3,0.7398374,Q50_75,False,0,1,3
247,60650,245,135,5,3,0.99593496,Q75_100,False,0,1,3
247,42426,171,189,5,3,0.69512195,Q50_75,False,0,1,3
247,20337,82,83,5,2,0.33333333,Q25_50,False,0,0,2
247,1416,5,181,4,1,0.0203252,Q0_25,False,0,0,3
247,34735,140,155,5,3,0.56910569,Q50_75,False,0,1,3
247,55959,226,137,5,3,0.91869919,Q75_100,False,0,2,3
247,45245,183,44,5,3,0.74390244,Q50_75,False,0,0,2
247,38854,157,75,5,3,0.63821138,Q50_75,False,0,0,2
247,51132,207,3,5,3,0.84146341,Q75_100,False,0,0,1
247,25341,102,147,5,3,0.41463415,Q25_50,False,0,1,3
247,56352,228,36,5,3,0.92682927,Q75_100,False,0,1,2
247,35644,144,76,5,3,0.58536585,Q50_75,False,0,1,2
247,6200,25,25,4,2,0.10162602,Q0_25,False,0,1,2
247,46808,189,125,5,3,0.76829268,Q75_100,False,0,1,3
247,43948,177,229,5,3,0.7195122,Q50_75,False,0,1,3
247,31588,127,219,5,3,0.51626016,Q50_75,False,0,2,3
247,16869,68,73,5,2,0.27642276,Q25_50,False,0,0,2
247,60205,243,184,5,3,0.98780488,Q75_100,False,0,1,3
247,28144,113,233,5,3,0.45934959,Q25_50,False,0,1,3
247,40816,165,61,5,3,0.67073171,Q50_75,False,0,0,2
247,9756,39,123,4,2,0.15853659,Q0_25,False,0,2,3
247,3406,13,195,4,2,0.05284553,Q0_25,False,0,0,3
247,28925,117,26,5,3,0.47560976,Q25_50,False,0,1,2
247,42951,173,220,5,3,0.70325203,Q50_75,False,0,1,3
247,25300,102,106,5,3,0.41463415,Q25_50,False,0,1,3
247,50346,203,205,5,3,0.82520325,Q75_100,False,0,0,3
247,30538,123,157,5,3,0.5,Q50_75,False,0,1,3
247,22706,91,229,5,2,0.3699187,Q25_50,False,0,1,3
247,31136,126,14,5,3,0.51219512,Q50_75,False,0,1,2
247,13821,55,236,5,2,0.22357724,Q0_25,False,0,2,3
247,49885,201,238,5,3,0.81707317,Q75_100,False,0,1,3
247,47694,193,23,5,3,0.78455285,Q75_100,False,0,0,2
247,28452,115,47,5,3,0.46747967,Q25_50,False,0,0,2
247,43653,176,181,5,3,0.71544715,Q50_75,False,0,1,3
247,17855,72,71,5,2,0.29268293,Q25_50,False,0,0,2
247,51197,207,68,5,3,0.84146341,Q75_100,False,0,0,2
247,46260,187,71,5,3,0.7601626,Q75_100,False,0,0,2
299,15241,50,291,5,2,0.16778523,Q0_25,False,0,2,3
299,72775,243,118,5,3,0.81543624,Q75_100,False,0,1,3
299,49595,165,260,5,3,0.55369128,Q50_75,False,0,1,3
299,17027,56,283,5,2,0.18791946,Q0_25,False,0,1,3
299,4480,14,294,4,2,0.04697987,Q0_25,False,1,3,3
299,70854,236,290,5,3,0.79194631,Q75_100,False,0,2,3
299,46611,155,266,5,3,0.52013423,Q50_75,False,0,1,3
299,78780,263,143,5,3,0.88255034,Q75_100,False,0,1,3
299,1343,4,147,4,1,0.01342282,Q0_25,False,1,3,3
299,31403,105,8,5,3,0.35234899,Q25_50,False,0,0,1
299,23793,79,172,5,2,0.26510067,Q25_50,False,1,3,3
299,17933,59,292,5,2,0.19798658,Q0_25,False,0,2,3
299,31958,106,264,5,3,0.3557047,Q25_50,False,0,1,3
299,60469,202,71,5,3,0.67785235,Q50_75,False,1,2,2
299,53070,177,147,5,3,0.59395973,Q50_75,False,0,2,3
299,30797,103,0,5,3,0.34563758,Q25_50,False,0,0,1
299,87231,291,222,5,3,0.97651007,Q75_100,False,0,1,3
299,38711,129,140,5,3,0.43288591,Q25_50,False,0,1,3
299,70302,235,37,5,3,0.7885906,Q75_100,False,0,1,2
299,18801,62,263,5,2,0.20805369,Q0_25,False,0,2,3
299,61851,206,257,5,3,0.69127517,Q50_75,False,0,2,3
299,16506,55,61,5,2,0.18456376,Q0_25,False,0,1,2
299,2488,8,96,4,1,0.02684564,Q0_25,False,1,2,2
299,2518,8,126,4,1,0.02684564,Q0_25,False,0,2,3
299,18241,61,2,5,2,0.20469799,Q0_25,False,0,0,1
299,5693,19,12,4,2,0.06375839,Q0_25,False,1,2,2
299,84439,282,121,5,3,0.94630872,Q75_100,False,0,2,3
299,53558,179,37,5,3,0.60067114,Q50_75,False,0,1,2
299,45941,153,194,5,3,0.51342282,Q50_75,False,0,1,3
299,64389,215,104,5,3,0.72147651,Q50_75,False,0,1,3
299,33525,112,37,5,3,0.37583893,Q25_50,False,0,1,2
299,87798,293,191,5,3,0.98322148,Q75_100,False,0,1,3
299,54501,182,83,5,3,0.61073826,Q50_75,False,0,1,2
299,69971,234,5,5,3,0.7852349,Q75_100,False,0,0,1
299,35560,118,278,5,3,0.39597315,Q25_50,False,0,1,3
299,86057,287,244,5,3,0.96308725,Q75_100,False,0,2,3
299,43786,146,132,5,3,0.48993289,Q25_50,False,1,3,3
299,79994,267,161,5,3,0.89597315,Q75_100,False,0,1,3
299,79585,266,51,5,3,0.89261745,Q75_100,False,0,1,2
299,47372,158,130,5,3,0.53020134,Q50_75,False,0,2,3
299,31135,104,39,5,3,0.34899329,Q25_50,False,0,1,2
299,32015,107,22,5,3,0.3590604,Q25_50,False,0,1,2
299,37103,124,27,5,3,0.41610738,Q25_50,False,0,1,2
299,68052,227,179,5,3,0.76174497,Q75_100,False,0,1,3
299,64861,216,277,5,3,0.72483221,Q50_75,False,0,2,3
299,26102,87,89,5,2,0.29194631,Q25_50,False,0,1,2
299,81855,273,228,5,3,0.91610738,Q75_100,False,0,2,3
299,64612,216,28,5,3,0.72483221,Q50_75,False,0,1,2
299,63713,213,26,5,3,0.7147651,Q50_75,False,0,1,2
299,17606,58,264,5,2,0.19463087,Q0_25,False,0,1,3
299,27061,90,151,5,2,0.30201342,Q25_50,False,1,3,3
299,16312,54,166,5,2,0.18120805,Q0_25,False,0,2,3
299,55829,186,215,5,3,0.62416107,Q50_75,False,0,1,3
299,83816,280,96,5,3,0.93959732,Q75_100,False,0,1,2
299,76321,255,76,5,3,0.8557047,Q75_100,False,0,1,2
299,64655,216,71,5,3,0.72483221,Q50_75,False,1,2,2
299,80567,269,136,5,3,0.90268456,Q75_100,False,0,2,3
299,3844,12,256,4,2,0.04026846,Q0_25,False,1,3,3
299,40133,134,67,5,3,0.44966443,Q25_50,False,0,1,2
299,61831,206,237,5,3,0.69127517,Q50_75,False,0,2,3
299,14933,49,282,5,2,0.16442953,Q0_25,False,0,1,3
299,15152,50,202,5,2,0.16778523,Q0_25,False,0,1,3
299,65131,217,248,5,3,0.72818792,Q50_75,False,0,2,3
299,71883,240,123,5,3,0.80536913,Q75_100,False,0,1,3
299,43987,147,34,5,3,0.49328859,Q25_50,False,0,1,2
299,60585,202,187,5,3,0.67785235,Q50_75,False,0,2,3
299,89039,297,236,5,3,0.9966443,Q75_100,False,0,2,3
299,58567,195,262,5,3,0.65436242,Q50_75,False,0,1,3
299,52547,175,222,5,3,0.58724832,Q50_75,False,0,1,3
299,7528,25,53,4,2,0.08389262,Q0_25,False,1,2,2
299,25996,86,282,5,2,0.2885906,Q25_50,False,1,3,3
299,47527,158,285,5,3,0.53020134,Q50_75,False,0,1,3
299,70321,235,56,5,3,0.7885906,Q75_100,False,0,1,2
299,442,1,143,3,1,0.0033557,Q0_25,False,1,3,3
299,57648,192,240,5,3,0.6442953,Q50_75,False,0,1,3
299,47210,157,267,5,3,0.52684564,Q50_75,False,0,1,3
299,49375,165,40,5,3,0.55369128,Q50_75,False,0,0,2
299,57006,190,196,5,3,0.63758389,Q50_75,False,0,2,3
299,19465,65,30,5,2,0.21812081,Q0_25,False,0,0,2
299,74031,247,178,5,3,0.82885906,Q75_100,False,0,2,3
299,14488,48,136,5,2,0.16107383,Q0_25,False,0,1,3
299,19153,64,17,5,2,0.2147651,Q0_25,False,0,1,2
299,55014,183,297,5,3,0.61409396,Q50_75,False,0,2,3
299,28782,96,78,5,2,0.32214765,Q25_50,False,0,1,2
299,54251,181,132,5,3,0.60738255,Q50_75,False,0,2,3
299,30419,101,220,5,3,0.33892617,Q25_50,False,0,2,3
299,69676,233,9,5,3,0.78187919,Q75_100,False,0,0,1
299,8513,28,141,4,2,0.09395973,Q0_25,False,1,3,3
299,41975,140,115,5,3,0.46979866,Q25_50,False,0,1,3
299,51199,171,70,5,3,0.5738255,Q50_75,False,0,1,2
299,36961,123,184,5,3,0.41275168,Q25_50,False,0,1,3
299,22929,76,205,5,2,0.25503356,Q25_50,False,0,1,3
299,8532,28,160,4,2,0.09395973,Q0_25,False,0,2,3
299,22652,75,227,5,2,0.25167785,Q25_50,False,0,1,3
299,61964,207,71,5,3,0.69463087,Q50_75,False,0,1,2
299,52236,174,210,5,3,0.58389262,Q50_75,False,0,1,3
299,88675,296,171,5,3,0.99328859,Q75_100,False,1,3,3
299,86728,290,18,5,3,0.97315436,Q75_100,False,0,1,2
299,66161,221,82,5,3,0.74161074,Q50_75,False,1,2,2
299,7209,24,33,4,2,0.08053691,Q0_25,False,1,2,2
299,40839,136,175,5,3,0.45637584,Q25_50,False,0,2,3
299,40477,135,112,5,3,0.45302013,Q25_50,False,0,1,3
299,1959,6,165,4,1,0.02013423,Q0_25,False,1,3,3
299,56936,190,126,5,3,0.63758389,Q50_75,False,0,1,3
299,85695,286,181,5,3,0.95973154,Q75_100,False,0,2,3
299,38778,129,207,5,3,0.43288591,Q25_50,False,0,0,3
299,8919,29,248,4,2,0.09731544,Q0_25,False,1,3,3
299,87831,293,224,5,3,0.98322148,Q75_100,False,0,1,3
299,52010,173,283,5,3,0.58053691,Q50_75,False,0,1,3
299,46967,157,24,5,3,0.52684564,Q50_75,False,0,1,2
299,41959,140,99,5,3,0.46979866,Q25_50,False,0,0,2
299,70372,235,107,5,3,0.7885906,Q75_100,False,0,1,3
299,39237,131,68,5,3,0.43959732,Q25_50,False,0,1,2
299,8566,28,194,4,2,0.09395973,Q0_25,False,0,2,3
299,81238,271,209,5,3,0.90939597,Q75_100,False,0,1,3
299,71602,239,141,5,3,0.80201342,Q75_100,False,1,3,3
299,2357,7,264,4,1,0.02348993,Q0_25,False,1,3,3
299,61531,205,236,5,3,0.68791946,Q50_75,False,0,2,3
299,45980,153,233,5,3,0.51342282,Q50_75,False,0,1,3
299,85760,286,246,5,3,0.95973154,Q75_100,False,0,1,3
299,50555,169,24,5,3,0.56711409,Q50_75,False,0,1,2
299,55770,186,156,5,3,0.62416107,Q50_75,False,0,2,3
299,64535,215,250,5,3,0.72147651,Q50_75,False,0,0,3
299,27144,90,234,5,2,0.30201342,Q25_50,False,0,2,3
299,80748,270,18,5,3,0.90604027,Q75_100,False,0,1,2
299,79530,265,295,5,3,0.88926174,Q75_100,False,0,1,3
299,17484,58,142,5,2,0.19463087,Q0_25,False,0,1,3
299,61849,206,255,5,3,0.69127517,Q50_75,False,0,2,3
299,30332,101,133,5,3,0.33892617,Q25_50,False,0,2,3
299,43274,144,218,5,3,0.48322148,Q25_50,False,0,1,3
299,21238,71,9,5,2,0.23825503,Q0_25,False,0,0,1
299,12519,41,260,5,2,0.13758389,Q0_25,False,0,2,3
299,81333,272,5,5,3,0.91275168,Q75_100,False,0,0,1
299,71472,239,11,5,3,0.80201342,Q75_100,False,0,0,2
299,70225,234,259,5,3,0.7852349,Q75_100,False,0,1,3
299,36557,122,79,5,3,0.40939597,Q25_50,False,0,1,2
299,59774,199,273,5,3,0.66778523,Q50_75,False,0,2,3
299,1469,4,273,4,1,0.01342282,Q0_25,False,0,2,3
299,62051,207,158,5,3,0.69463087,Q50_75,False,0,1,3
299,69522,232,154,5,3,0.77852349,Q75_100,False,0,2,3
299,14846,49,195,5,2,0.16442953,Q0_25,False,0,1,3
299,59318,198,116,5,3,0.66442953,Q50_75,False,0,2,3
299,9139,30,169,4,2,0.10067114,Q0_25,False,0,2,3
299,59274,198,72,5,3,0.66442953,Q50_75,False,0,1,2
299,41549,138,287,5,3,0.46308725,Q25_50,False,0,1,3
299,69172,231,103,5,3,0.77516779,Q75_100,False,0,1,3
299,85973,287,160,5,3,0.96308725,Q75_100,False,0,1,3
299,15515,51,266,5,2,0.17114094,Q0_25,False,0,1,3
299,22101,73,274,5,2,0.24496644,Q0_25,False,0,1,3
299,68120,227,247,5,3,0.76174497,Q75_100,False,0,2,3
299,20037,67,4,5,2,0.22483221,Q0_25,False,0,0,1
299,78392,262,54,5,3,0.87919463,Q75_100,False,0,1,2
299,74769,250,19,5,3,0.83892617,Q75_100,False,0,0,2
299,77364,258,222,5,3,0.86577181,Q75_100,False,1,3,3
299,32303,108,11,5,3,0.36241611,Q25_50,False,1,2,2
299,29361,98,59,5,2,0.32885906,Q25_50,False,0,0,2
299,28182,94,76,5,2,0.31543624,Q25_50,False,0,1,2
299,81544,272,216,5,3,0.91275168,Q75_100,False,0,2,3
299,69453,232,85,5,3,0.77852349,Q75_100,False,0,1,2
299,66329,221,250,5,3,0.74161074,Q50_75,False,0,0,3
299,3297,11,8,4,2,0.03691275,Q0_25,False,1,1,1
299,9935,33,68,4,2,0.11073826,Q0_25,False,1,2,2
299,34516,115,131,5,3,0.38590604,Q25_50,False,0,2,3
299,65488,219,7,5,3,0.73489933,Q50_75,False,0,0,1
299,8836,29,165,4,2,0.09731544,Q0_25,False,0,2,3
299,46379,155,34,5,3,0.52013423,Q50_75,False,0,1,2
299,57156,191,47,5,3,0.6409396,Q50_75,False,0,1,2
299,66586,222,208,5,3,0.74496644,Q50_75,False,0,1,3
299,51342,171,213,5,3,0.5738255,Q50_75,False,0,1,3
299,56407,188,195,5,3,0.63087248,Q50_75,False,0,1,3
299,76264,255,19,5,3,0.8557047,Q75_100,False,0,1,2
299,36306,121,127,5,3,0.40604027,Q25_50,False,0,1,3
299,88391,295,186,5,3,0.98993289,Q75_100,False,0,2,3
299,81110,271,81,5,3,0.90939597,Q75_100,False,1,2,2
299,33890,113,103,5,3,0.37919463,Q25_50,False,0,2,3
299,27717,92,209,5,2,0.30872483,Q25_50,False,0,1,3
299,33354,111,165,5,3,0.37248322,Q25_50,False,0,1,3
299,77134,257,291,5,3,0.86241611,Q75_100,False,0,2,3
299,77019,257,176,5,3,0.86241611,Q75_100,False,0,1,3
299,56736,189,225,5,3,0.63422819,Q50_75,False,0,1,3
299,85737,286,223,5,3,0.95973154,Q75_100,False,0,1,3
299,86657,289,246,5,3,0.96979866,Q75_100,False,0,2,3
299,24051,80,131,5,2,0.26845638,Q25_50,False,1,3,3
299,37803,126,129,5,3,0.42281879,Q25_50,False,0,1,3
299,66032,220,252,5,3,0.73825503,Q50_75,False,0,2,3
299,297,0,297,3,1,0.0,Q0_25,False,1,3,3
299,6455,21,176,4,2,0.0704698,Q0_25,False,1,3,3
299,59453,198,251,5,3,0.66442953,Q50_75,False,0,2,3
299,23491,78,169,5,2,0.26174497,Q25_50,False,0,1,3
299,83652,279,231,5,3,0.93624161,Q75_100,False,1,3,3
299,11804,39,143,5,2,0.13087248,Q0_25,False,0,1,3
299,18781,62,243,5,2,0.20805369,Q0_25,False,0,2,3
299,19056,63,219,5,2,0.2114094,Q0_25,False,0,0,3
299,39664,132,196,5,3,0.44295302,Q25_50,False,0,1,3
299,33811,113,24,5,3,0.37919463,Q25_50,False,0,1,2
299,72221,241,162,5,3,0.80872483,Q75_100,False,0,2,3
299,59162,197,259,5,3,0.66107383,Q50_75,False,0,1,3
299,26470,88,158,5,2,0.29530201,Q25_50,False,0,2,3
299,87622,293,15,5,3,0.98322148,Q75_100,False,0,1,2
299,13591,45,136,5,2,0.15100671,Q0_25,False,0,2,3
299,3764,12,176,4,2,0.04026846,Q0_25,False,0,2,3
299,41294,138,32,5,3,0.46308725,Q25_50,False,0,1,2
299,70531,235,266,5,3,0.7885906,Q75_100,False,0,1,3
299,76093,254,147,5,3,0.85234899,Q75_100,False,0,1,3
299,9457,31,188,4,2,0.10402685,Q0_25,False,1,3,3
299,16412,54,266,5,2,0.18120805,Q0_25,False,0,1,3
299,53568,179,47,5,3,0.60067114,Q50_75,False,0,1,2
299,71189,238,27,5,3,0.79865772,Q75_100,False,0,1,2
299,1901,6,107,4,1,0.02013423,Q0_25,False,1,3,3
299,20085,67,52,5,2,0.22483221,Q0_25,False,0,1,2
299,53504,178,282,5,3,0.59731544,Q50_75,False,0,1,3
299,21908,73,81,5,2,0.24496644,Q0_25,False,1,2,2
299,83053,277,230,5,3,0.9295302,Q75_100,False,0,2,3
299,7921,26,147,4,2,0.08724832,Q0_25,False,1,3,3
299,52965,177,42,5,3,0.59395973,Q50_75,False,0,1,2
299,3779,12,191,4,2,0.04026846,Q0_25,False,1,3,3
299,43495,145,140,5,3,0.48657718,Q25_50,False,0,2,3
299,81877,273,250,5,3,0.91610738,Q75_100,False,0,1,3
299,64095,214,109,5,3,0.71812081,Q50_75,False,0,1,3
299,61345,205,50,5,3,0.68791946,Q50_75,False,0,1,2
299,28939,96,235,5,2,0.32214765,Q25_50,False,0,1,3
299,53861,180,41,5,3,0.60402685,Q50_75,False,1,2,2
299,48945,163,208,5,3,0.54697987,Q50_75,False,0,1,3
299,80236,268,104,5,3,0.89932886,Q75_100,False,0,2,3
299,24297,81,78,5,2,0.27181208,Q25_50,False,0,1,2
299,44432,148,180,5,3,0.4966443,Q25_50,False,0,1,3
299,84800,283,183,5,3,0.94966443,Q75_100,False,0,2,3
299,26570,88,258,5,2,0.29530201,Q25_50,False,0,1,3
299,87416,292,108,5,3,0.97986577,Q75_100,False,0,2,3
299,19518,65,83,5,2,0.21812081,Q0_25,False,0,0,2
299,68370,228,198,5,3,0.76510067,Q75_100,False,0,0,3
299,12407,41,148,5,2,0.13758389,Q0_25,False,0,2,3
299,79061,264,125,5,3,0.88590604,Q75_100,False,0,2,3
299,48434,161,295,5,3,0.54026846,Q50_75,False,0,1,3
299,50695,169,164,5,3,0.56711409,Q50_75,False,0,2,3
299,50253,168,21,5,3,0.56375839,Q50_75,False,1,2,2
299,75471,252,123,5,3,0.84563758,Q75_100,False,0,1,3
299,40122,134,56,5,3,0.44966443,Q25_50,False,0,1,2
299,20417,68,85,5,2,0.22818792,Q0_25,False,0,1,2
299,72334,241,275,5,3,0.80872483,Q75_100,False,0,1,3
299,68044,227,171,5,3,0.76174497,Q75_100,False,0,2,3
299,13849,46,95,5,2,0.15436242,Q0_25,False,0,1,2
299,3394,11,105,4,2,0.03691275,Q0_25,False,0,2,3
299,24250,81,31,5,2,0.27181208,Q25_50,False,1,2,2
299,70089,234,123,5,3,0.7852349,Q75_100,False,0,1,3
299,27867,93,60,5,2,0.31208054,Q25_50,False,0,1,2
299,39532,132,64,5,3,0.44295302,Q25_50,False,0,1,2
299,24823,83,6,5,2,0.27852349,Q25_50,False,0,0,1
299,13597,45,142,5,2,0.15100671,Q0_25,False,1,3,3
299,24125,80,205,5,2,0.26845638,Q25_50,False,0,1,3
299,21528,72,0,5,2,0.24161074,Q0_25,False,0,0,1
299,62513,209,22,5,3,0.70134228,Q50_75,False,0,1,2
299,69738,233,71,5,3,0.78187919,Q75_100,False,0,0,2
299,58563,195,258,5,3,0.65436242,Q50_75,False,0,1,3
299,71165,238,3,5,3,0.79865772,Q75_100,False,0,0,1
299,8405,28,33,4,2,0.09395973,Q0_25,False,1,2,2
299,69101,231,32,5,3,0.77516779,Q75_100,False,0,1,2
299,11260,37,197,5,2,0.12416107,Q0_25,False,0,2,3
299,19958,66,224,5,2,0.22147651,Q0_25,False,0,1,3
299,28269,94,163,5,2,0.31543624,Q25_50,False,0,2,3
299,29418,98,116,5,2,0.32885906,Q25_50,False,0,2,3
299,7052,23,175,4,2,0.07718121,Q0_25,False,1,3,3
299,87534,292,226,5,3,0.97986577,Q75_100,False,0,2,3
299,59276,198,74,5,3,0.66442953,Q50_75,False,0,1,2
299,68028,227,155,5,3,0.76174497,Q75_100,False,0,1,3
299,75025,250,275,5,3,0.83892617,Q75_100,False,0,1,3
299,22064,73,237,5,2,0.24496644,Q0_25,False,0,1,3
299,86747,290,37,5,3,0.97315436,Q75_100,False,0,1,2
299,1266,4,70,4,1,0.01342282,Q0_25,False,1,2,2
299,4994,16,210,4,2,0.05369128,Q0_25,False,0,2,3
299,25228,84,112,5,2,0.28187919,Q25_50,False,0,2,3
299,24566,82,48,5,2,0.27516779,Q25_50,False,0,1,2
299,14829,49,178,5,2,0.16442953,Q0_25,False,0,2,3
299,84914,283,297,5,3,0.94966443,Q75_100,False,0,2,3
299,82208,274,282,5,3,0.91946309,Q75_100,False,0,1,3
299,63584,212,196,5,3,0.7114094,Q50_75,False,0,1,3
299,21254,71,25,5,2,0.23825503,Q0_25,False,0,1,2
299,83171,278,49,5,3,0.93288591,Q75_100,False,0,0,2
299,13985,46,231,5,2,0.15436242,Q0_25,False,1,3,3
299,2211,7,118,4,1,0.02348993,Q0_25,False,0,2,3
299,40668,136,4,5,3,0.45637584,Q25_50,False,0,0,1
299,42251,141,92,5,3,0.47315436,Q25_50,False,0,1,2
299,36293,121,114,5,3,0.40604027,Q25_50,False,0,2,3
299,34356,114,270,5,3,0.38255034,Q25_50,False,0,2,3
299,50197,167,264,5,3,0.56040268,Q50_75,False,0,1,3
299,43524,145,169,5,3,0.48657718,Q25_50,False,0,2,3
299,9545,31,276,4,2,0.10402685,Q0_25,False,0,1,3
299,39705,132,237,5,3,0.44295302,Q25_50,False,0,1,3
299,62433,208,241,5,3,0.69798658,Q50_75,False,1,3,3
299,41728,139,167,5,3,0.46644295,Q25_50,False,0,2,3
299,14628,48,276,5,2,0.16107383,Q0_25,False,0,1,3
299,72686,243,29,5,3,0.81543624,Q75_100,False,0,0,2
299,87077,291,68,5,3,0.97651007,Q75_100,False,0,0,2
299,7946,26,172,4,2,0.08724832,Q0_25,False,1,3,3
299,17678,59,37,5,2,0.19798658,Q0_25,False,0,1,2
299,62463,208,271,5,3,0.69798658,Q50_75,False,0,2,3
299,81749,273,122,5,3,0.91610738,Q75_100,False,0,1,3
299,479,1,180,3,1,0.0033557,Q0_25,False,0,2,3
299,73881,247,28,5,3,0.82885906,Q75_100,False,0,1,2
299,5916,19,235,4,2,0.06375839,Q0_25,False,1,3,3
299,14540,48,188,5,2,0.16107383,Q0_25,False,0,2,3
299,4760,15,275,4,2,0.05033557,Q0_25,False,0,2,3
299,40786,136,122,5,3,0.45637584,Q25_50,False,0,2,3
299,54976,183,259,5,3,0.61409396,Q50_75,False,0,1,3
299,13443,44,287,5,2,0.14765101,Q0_25,False,0,1,3
299,85755,286,241,5,3,0.95973154,Q75_100,False,1,3,3
299,20283,67,250,5,2,0.22483221,Q0_25,False,0,1,3
299,9699,32,131,4,2,0.10738255,Q0_25,False,0,2,3
299,54630,182,212,5,3,0.61073826,Q50_75,False,0,1,3
299,21807,72,279,5,2,0.24161074,Q0_25,False,0,0,3
299,34624,115,239,5,3,0.38590604,Q25_50,False,0,1,3
299,70614,236,50,5,3,0.79194631,Q75_100,False,0,1,2
299,17153,57,110,5,2,0.19127517,Q0_25,False,0,2,3
299,4513,15,28,4,2,0.05033557,Q0_25,False,1,2,2
299,70172,234,206,5,3,0.7852349,Q75_100,False,0,2,3
299,41482,138,220,5,3,0.46308725,Q25_50,False,0,2,3
299,78622,262,284,5,3,0.87919463,Q75_100,False,0,1,3
299,16851,56,107,5,2,0.18791946,Q0_25,False,0,2,3
299,57389,191,280,5,3,0.6409396,Q50_75,False,0,2,3
299,59547,199,46,5,3,0.66778523,Q50_75,False,0,1,2
299,31679,105,284,5,3,0.35234899,Q25_50,False,0,2,3
299,78992,264,56,5,3,0.88590604,Q75_100,False,0,1,2
299,63405,212,17,5,3,0.7114094,Q50_75,False,0,1,2
299,13384,44,228,5,2,0.14765101,Q0_25,False,0,1,3
299,50299,168,67,5,3,0.56375839,Q50_75,False,0,1,2
299,35008,117,25,5,3,0.39261745,Q25_50,False,0,1,2
299,73165,244,209,5,3,0.81879195,Q75_100,False,0,1,3
299,37643,125,268,5,3,0.41946309,Q25_50,False,0,1,3
299,11038,36,274,5,2,0.12080537,Q0_25,False,0,1,3
299,70545,235,280,5,3,0.7885906,Q75_100,False,0,1,3
299,33720,112,232,5,3,0.37583893,Q25_50,False,0,1,3
299,75773,253,126,5,3,0.84899329,Q75_100,False,0,1,3
299,41002,137,39,5,3,0.45973154,Q25_50,False,0,1,2
299,85495,285,280,5,3,0.95637584,Q75_100,False,0,2,3
299,11375,38,13,5,2,0.12751678,Q0_25,False,0,1,2
299,48183,161,44,5,3,0.54026846,Q50_75,False,0,1,2
299,78510,262,172,5,3,0.87919463,Q75_100,False,1,3,3
299,39804,133,37,5,3,0.44630872,Q25_50,False,0,1,2
299,11503,38,141,5,2,0.12751678,Q0_25,False,1,3,3
299,55450,185,135,5,3,0.62080537,Q50_75,False,0,2,3
299,16010,53,163,5,2,0.17785235,Q0_25,False,0,2,3
299,70672,236,108,5,3,0.79194631,Q75_100,False,0,1,3
299,9910,33,43,4,2,0.11073826,Q0_25,False,1,2,2
299,14165,47,112,5,2,0.15771812,Q0_25,False,1,3,3
299,4447,14,261,4,2,0.04697987,Q0_25,False,1,3,3
299,66102,221,23,5,3,0.74161074,Q50_75,False,0,1,2
299,3256,10,266,4,2,0.03355705,Q0_25,False,1,3,3
299,56693,189,182,5,3,0.63422819,Q50_75,False,0,2,3
299,6178,20,198,4,2,0.06711409,Q0_25,False,0,2,3
299,9610,32,42,4,2,0.10738255,Q0_25,False,1,2,2
299,68740,229,269,5,3,0.76845638,Q75_100,False,0,2,3
299,67784,226,210,5,3,0.75838926,Q75_100,False,0,2,3
299,38500,128,228,5,3,0.4295302,Q25_50,False,0,0,3
299,70594,236,30,5,3,0.79194631,Q75_100,False,0,1,2
299,17015,56,271,5,2,0.18791946,Q0_25,False,0,2,3
299,19633,65,198,5,2,0.21812081,Q0_25,False,0,1,3
299,2947,9,256,4,1,0.03020134,Q0_25,False,0,2,3
299,41260,137,297,5,3,0.45973154,Q25_50,False,0,1,3
299,74691,249,240,5,3,0.83557047,Q75_100,False,0,2,3
299,43169,144,113,5,3,0.48322148,Q25_50,False,0,1,3
299,52313,174,287,5,3,0.58389262,Q50_75,False,0,1,3
299,81780,273,153,5,3,0.91610738,Q75_100,False,0,2,3
299,45438,151,289,5,3,0.50671141,Q50_75,False,0,1,3
299,48946,163,209,5,3,0.54697987,Q50_75,False,0,1,3
299,41616,139,55,5,3,0.46644295,Q25_50,False,0,1,2
299,11371,38,9,5,2,0.12751678,Q0_25,False,0,0,1
299,41357,138,95,5,3,0.46308725,Q25_50,False,0,1,2
299,86374,288,262,5,3,0.96644295,Q75_100,False,0,2,3
299,21119,70,189,5,2,0.23489933,Q0_25,False,0,0,3
299,77691,259,250,5,3,0.86912752,Q75_100,False,0,2,3
299,20822,69,191,5,2,0.23154362,Q0_25,False,0,2,3
299,68435,228,263,5,3,0.76510067,Q75_100,False,0,1,3
299,69686,233,19,5,3,0.78187919,Q75_100,False,0,1,2
299,88909,297,106,5,3,0.9966443,Q75_100,False,0,2,3
299,3332,11,43,4,2,0.03691275,Q0_25,False,1,2,2
299,46628,155,283,5,3,0.52013423,Q50_75,False,0,1,3
299,11179,37,116,5,2,0.12416107,Q0_25,False,0,2,3
299,73004,244,48,5,3,0.81879195,Q75_100,False,0,1,2
299,66449,222,71,5,3,0.74496644,Q50_75,False,1,2,2
299,52708,176,84,5,3,0.59060403,Q50_75,False,0,1,2
299,8736,29,65,4,2,0.09731544,Q0_25,False,1,2,2
299,71162,238,0,5,3,0.79865772,Q75_100,False,0,0,1
299,11629,38,267,5,2,0.12751678,Q0_25,False,0,1,3
299,64188,214,202,5,3,0.71812081,Q50_75,False,0,2,3
299,88535,296,31,5,3,0.99328859,Q75_100,False,1,2,2
299,45256,151,107,5,3,0.50671141,Q50_75,False,0,2,3
299,81458,272,130,5,3,0.91275168,Q75_100,False,0,1,3
299,52181,174,155,5,3,0.58389262,Q50_75,False,0,2,3
299,4370,14,184,4,2,0.04697987,Q0_25,False,1,3,3
299,58624,196,20,5,3,0.65771812,Q50_75,False,0,0,2
299,62514,209,23,5,3,0.70134228,Q50_75,False,0,1,2
299,16005,53,158,5,2,0.17785235,Q0_25,False,0,2,3
299,9849,32,281,4,2,0.10738255,Q0_25,False,0,0,3
299,72127,241,68,5,3,0.80872483,Q75_100,False,0,1,2
299,51860,173,133,5,3,0.58053691,Q50_75,False,0,2,3
299,41278,138,16,5,3,0.46308725,Q25_50,False,0,1,2
299,75865,253,218,5,3,0.84899329,Q75_100,False,0,2,3
299,83563,279,142,5,3,0.93624161,Q75_100,False,0,2,3
299,26249,87,236,5,2,0.29194631,Q25_50,False,0,1,3
299,46636,155,291,5,3,0.52013423,Q50_75,False,0,1,3
299,65020,217,137,5,3,0.72818792,Q50_75,False,0,1,3
299,17256,57,213,5,2,0.19127517,Q0_25,False,0,1,3
299,63908,213,221,5,3,0.7147651,Q50_75,False,0,2,3
299,31734,106,40,5,3,0.3557047,Q25_50,False,0,0,2
299,11550,38,188,5,2,0.12751678,Q0_25,False,0,2,3
299,10093,33,226,5,2,0.11073826,Q0_25,False,0,1,3
299,73658,246,104,5,3,0.82550336,Q75_100,False,0,2,3
299,24323,81,104,5,2,0.27181208,Q25_50,False,0,2,3
299,2223,7,130,4,1,0.02348993,Q0_25,False,0,2,3
299,75043,250,293,5,3,0.83892617,Q75_100,False,0,2,3
299,37700,126,26,5,3,0.42281879,Q25_50,False,0,1,2
299,23678,79,57,5,2,0.26510067,Q25_50,False,0,1,2
299,88130,294,224,5,3,0.98657718,Q75_100,False,0,1,3
299,2128,7,35,4,1,0.02348993,Q0_25,False,1,2,2
299,43461,145,106,5,3,0.48657718,Q25_50,False,0,1,3
299,70941,237,78,5,3,0.79530201,Q75_100,False,0,1,2
299,86271,288,159,5,3,0.96644295,Q75_100,False,0,1,3
299,47587,159,46,5,3,0.53355705,Q50_75,False,0,1,2
299,55586,185,271,5,3,0.62080537,Q50_75,False,0,2,3
299,14576,48,224,5,2,0.16107383,Q0_25,False,0,2,3
299,21540,72,12,5,2,0.24161074,Q0_25,False,0,1,2
299,5020,16,236,4,2,0.05369128,Q0_25,False,0,2,3
299,6112,20,132,4,2,0.06711409,Q0_25,False,0,2,3
299,72189,241,130,5,3,0.80872483,Q75_100,False,0,1,3
299,65687,219,206,5,3,0.73489933,Q50_75,False,0,2,3
299,32028,107,35,5,3,0.3590604,Q25_50,False,0,1,2
299,57778,193,71,5,3,0.64765101,Q50_75,False,1,2,2
299,11541,38,179,5,2,0.12751678,Q0_25,False,0,2,3
299,66005,220,225,5,3,0.73825503,Q50_75,False,0,2,3
299,8921,29,250,4,2,0.09731544,Q0_25,False,0,2,3
299,87901,293,294,5,3,0.98322148,Q75_100,False,0,2,3
299,82047,274,121,5,3,0.91946309,Q75_100,False,1,3,3
299,37657,125,282,5,3,0.41946309,Q25_50,False,0,2,3
299,64434,215,149,5,3,0.72147651,Q50_75,False,0,1,3
299,4687,15,202,4,2,0.05033557,Q0_25,False,0,2,3
299,43396,145,41,5,3,0.48657718,Q25_50,False,0,1,2
299,82400,275,175,5,3,0.92281879,Q75_100,False,0,2,3
299,74603,249,152,5,3,0.83557047,Q75_100,False,1,3,3
299,18013,60,73,5,2,0.20134228,Q0_25,False,0,1,2
299,17093,57,50,5,2,0.19127517,Q0_25,False,0,0,2
299,53586,179,65,5,3,0.60067114,Q50_75,False,0,1,2
299,47798,159,257,5,3,0.53355705,Q50_75,False,0,1,3
299,60239,201,140,5,3,0.67449664,Q50_75,False,0,0,3
299,42999,143,242,5,3,0.47986577,Q25_50,False,1,3,3
299,48231,161,92,5,3,0.54026846,Q50_75,False,0,1,2
299,1392,4,196,4,1,0.01342282,Q0_25,False,1,3,3
299,14890,49,239,5,2,0.16442953,Q0_25,False,0,1,3
299,667,2,69,3,1,0.00671141,Q0_25,False,1,2,2
299,47797,159,256,5,3,0.53355705,Q50_75,False,0,2,3
299,23594,78,272,5,2,0.26174497,Q25_50,False,0,2,3
299,69838,233,171,5,3,0.78187919,Q75_100,False,0,1,3
299,81138,271,109,5,3,0.90939597,Q75_100,False,0,1,3
299,73506,245,251,5,3,0.82214765,Q75_100,False,0,1,3
299,64834,216,250,5,3,0.72483221,Q50_75,False,0,2,3
299,57355,191,246,5,3,0.6409396,Q50_75,False,0,1,3
299,7171,23,294,4,2,0.07718121,Q0_25,False,0,2,3
299,56785,189,274,5,3,0.63422819,Q50_75,False,0,1,3
299,17591,58,249,5,2,0.19463087,Q0_25,False,0,1,3
299,52825,176,201,5,3,0.59060403,Q50_75,False,0,2,3
299,38408,128,136,5,3,0.4295302,Q25_50,False,0,1,3
299,83601,279,180,5,3,0.93624161,Q75_100,False,0,2,3
299,15587,52,39,5,2,0.17449664,Q0_25,False,0,1,2
299,83543,279,122,5,3,0.93624161,Q75_100,False,0,2,3
299,1042,3,145,4,1,0.01006711,Q0_25,False,1,3,3
299,66201,221,122,5,3,0.74161074,Q50_75,False,0,1,3
299,15672,52,124,5,2,0.17449664,Q0_25,False,0,2,3
299,52649,176,25,5,3,0.59060403,Q50_75,False,0,1,2
299,4141,13,254,4,2,0.04362416,Q0_25,False,1,3,3
299,52645,176,21,5,3,0.59060403,Q50_75,False,1,2,2
299,11479,38,117,5,2,0.12751678,Q0_25,False,0,1,3
299,38617,129,46,5,3,0.43288591,Q25_50,False,0,1,2
299,84536,282,218,5,3,0.94630872,Q75_100,False,0,1,3
299,4292,14,106,4,2,0.04697987,Q0_25,False,1,3,3
299,52100,174,74,5,3,0.58389262,Q50_75,False,0,1,2
299,4055,13,168,4,2,0.04362416,Q0_25,False,1,3,3
299,46502,155,157,5,3,0.52013423,Q50_75,False,0,2,3
299,76965,257,122,5,3,0.86241611,Q75_100,False,0,2,3
299,38577,129,6,5,3,0.43288591,Q25_50,False,0,0,1
299,56247,188,35,5,3,0.63087248,Q50_75,False,0,1,2
299,66061,220,281,5,3,0.73825503,Q50_75,False,0,2,3
299,18825,62,287,5,2,0.20805369,Q0_25,False,0,1,3
299,5503,18,121,4,2,0.06040268,Q0_25,False,0,2,3
299,8266,27,193,4,2,0.09060403,Q0_25,False,0,2,3
299,60946,203,249,5,3,0.68120805,Q50_75,False,0,1,3
299,65203,218,21,5,3,0.73154362,Q50_75,False,1,2,2
299,17853,59,212,5,2,0.19798658,Q0_25,False,0,2,3
299,3126,10,136,4,2,0.03355705,Q0_25,False,0,2,3
299,25158,84,42,5,2,0.28187919,Q25_50,False,0,1,2
299,19095,63,258,5,2,0.2114094,Q0_25,False,0,1,3
299,31443,105,48,5,3,0.35234899,Q25_50,False,0,1,2
299,74025,247,172,5,3,0.82885906,Q75_100,False,1,3,3
299,76722,256,178,5,3,0.8590604,Q75_100,False,0,1,3
299,86996,290,286,5,3,0.97315436,Q75_100,False,0,2,3
299,67179,224,203,5,3,0.75167785,Q75_100,False,0,2,3
299,40684,136,20,5,3,0.45637584,Q25_50,False,0,1,2
299,4029,13,142,4,2,0.04362416,Q0_25,False,1,3,3
299,39332,131,163,5,3,0.43959732,Q25_50,False,0,2,3
299,70401,235,136,5,3,0.7885906,Q75_100,False,0,1,3
299,55626,186,12,5,3,0.62416107,Q50_75,False,0,1,2
299,40874,136,210,5,3,0.45637584,Q25_50,False,0,1,3
299,80349,268,217,5,3,0.89932886,Q75_100,False,0,2,3
299,62533,209,42,5,3,0.70134228,Q50_75,False,0,1,2
299,25203,84,87,5,2,0.28187919,Q25_50,False,0,1,2
299,62567,209,76,5,3,0.70134228,Q50_75,False,0,1,2
299,4826,16,42,4,2,0.05369128,Q0_25,False,1,2,2
299,64294,215,9,5,3,0.72147651,Q50_75,False,0,0,1
299,58870,196,266,5,3,0.65771812,Q50_75,False,0,1,3
299,4359,14,173,4,2,0.04697987,Q0_25,False,1,3,3
299,67690,226,116,5,3,0.75838926,Q75_100,False,0,1,3
299,22423,74,297,5,2,0.24832215,Q0_25,False,0,1,3
299,72030,240,270,5,3,0.80536913,Q75_100,False,0,0,3
299,35589,119,8,5,3,0.39932886,Q25_50,False,0,0,1
299,11146,37,83,5,2,0.12416107,Q0_25,False,0,1,2
299,68490,229,19,5,3,0.76845638,Q75_100,False,0,1,2
299,50298,168,66,5,3,0.56375839,Q50_75,False,0,1,2
299,57407,191,298,5,3,0.6409396,Q50_75,False,0,1,3
299,46493,155,148,5,3,0.52013423,Q50_75,False,0,2,3
299,69395,232,27,5,3,0.77852349,Q75_100,False,0,1,2
299,16699,55,254,5,2,0.18456376,Q0_25,False,0,1,3
299,42631,142,173,5,3,0.47651007,Q25_50,False,0,2,3
299,38912,130,42,5,3,0.43624161,Q25_50,False,0,1,2
299,60515,202,117,5,3,0.67785235,Q50_75,False,0,1,3
299,57159,191,50,5,3,0.6409396,Q50_75,False,0,0,2
299,63013,210,223,5,3,0.70469799,Q50_75,False,0,2,3
299,84235,281,216,5,3,0.94295302,Q75_100,False,0,1,3
299,20614,68,282,5,2,0.22818792,Q0_25,False,0,1,3
299,2540,8,148,4,1,0.02684564,Q0_25,False,0,2,3
299,67,0,67,2,1,0.0,Q0_25,False,1,2,2
299,80688,269,257,5,3,0.90268456,Q75_100,False,0,1,3
299,30640,102,142,5,3,0.34228188,Q25_50,False,0,2,3
299,45667,152,219,5,3,0.51006711,Q50_75,False,0,1,3
299,69103,231,34,5,3,0.77516779,Q75_100,False,0,1,2
299,78477,262,139,5,3,0.87919463,Q75_100,False,0,1,3
299,32047,107,54,5,3,0.3590604,Q25_50,False,0,1,2
299,86026,287,213,5,3,0.96308725,Q75_100,False,0,1,3
299,15085,50,135,5,2,0.16778523,Q0_25,False,0,2,3
299,64316,215,31,5,3,0.72147651,Q50_75,False,1,2,2
299,19203,64,67,5,2,0.2147651,Q0_25,False,0,1,2
299,28704,96,0,5,2,0.32214765,Q25_50,False,0,0,1
299,48119,160,279,5,3,0.53691275,Q50_75,False,0,2,3
299,31803,106,109,5,3,0.3557047,Q25_50,False,0,2,3
299,27989,93,182,5,2,0.31208054,Q25_50,False,0,1,3
299,17820,59,179,5,2,0.19798658,Q0_25,False,0,2,3
299,44877,150,27,5,3,0.5033557,Q50_75,False,0,1,2
299,13316,44,160,5,2,0.14765101,Q0_25,False,0,1,3
299,69988,234,22,5,3,0.7852349,Q75_100,False,0,1,2
299,61587,205,292,5,3,0.68791946,Q50_75,False,0,2,3
299,66365,221,286,5,3,0.74161074,Q50_75,False,0,1,3
299,69907,233,240,5,3,0.78187919,Q75_100,False,0,2,3
299,39401,131,232,5,3,0.43959732,Q25_50,False,0,2,3
299,14451,48,99,5,2,0.16107383,Q0_25,False,0,0,2
299,80122,267,289,5,3,0.89597315,Q75_100,False,0,1,3
299,50410,168,178,5,3,0.56375839,Q50_75,False,0,2,3
299,35940,120,60,5,3,0.40268456,Q25_50,False,0,0,2
299,72166,241,107,5,3,0.80872483,Q75_100,False,0,1,3
299,26243,87,230,5,2,0.29194631,Q25_50,False,0,1,3
299,33597,112,109,5,3,0.37583893,Q25_50,False,0,1,3
299,80848,270,118,5,3,0.90604027,Q75_100,False,0,1,3
299,53916,180,96,5,3,0.60402685,Q50_75,False,0,1,2
299,11505,38,143,5,2,0.12751678,Q0_25,False,0,2,3
299,63629,212,241,5,3,0.7114094,Q50_75,False,0,2,3
299,32431,108,139,5,3,0.36241611,Q25_50,False,0,1,3
299,20330,67,297,5,2,0.22483221,Q0_25,False,0,1,3
299,7309,24,133,4,2,0.08053691,Q0_25,False,1,3,3
299,33828,113,41,5,3,0.37919463,Q25_50,False,1,2,2
299,52309,174,283,5,3,0.58389262,Q50_75,False,0,1,3
299,42102,140,242,5,3,0.46979866,Q25_50,False,0,1,3
299,31705,106,11,5,3,0.3557047,Q25_50,False,1,2,2
299,23464,78,142,5,2,0.26174497,Q25_50,False,0,2,3
299,17311,57,268,5,2,0.19127517,Q0_25,False,0,1,3
299,5097,17,14,4,2,0.05704698,Q0_25,False,0,1,2
299,60980,203,283,5,3,0.68120805,Q50_75,False,0,1,3
299,4343,14,157,4,2,0.04697987,Q0_25,False,1,3,3
299,16135,53,288,5,2,0.17785235,Q0_25,False,0,1,3
299,7815,26,41,4,2,0.08724832,Q0_25,False,1,2,2
299,78782,263,145,5,3,0.88255034,Q75_100,False,0,1,3
299,50196,167,263,5,3,0.56040268,Q50_75,False,0,1,3
299,35852,119,271,5,3,0.39932886,Q25_50,False,1,3,3
299,4234,14,48,4,2,0.04697987,Q0_25,False,1,2,2
299,49370,165,35,5,3,0.55369128,Q50_75,False,0,1,2
299,16948,56,204,5,2,0.18791946,Q0_25,False,0,1,3
299,77596,259,155,5,3,0.86912752,Q75_100,False,0,2,3
299,68011,227,138,5,3,0.76174497,Q75_100,False,0,1,3
299,15293,51,44,5,2,0.17114094,Q0_25,False,0,1,2
299,86625,289,214,5,3,0.96979866,Q75_100,False,0,1,3
299,15175,50,225,5,2,0.16778523,Q0_25,False,0,1,3
299,27434,91,225,5,2,0.30536913,Q25_50,False,0,1,3
299,88167,294,261,5,3,0.98657718,Q75_100,False,0,2,3
299,9110,30,140,4,2,0.10067114,Q0_25,False,0,2,3
299,13021,43,164,5,2,0.1442953,Q0_25,False,0,2,3
299,54985,183,268,5,3,0.61409396,Q50_75,False,0,2,3
299,62116,207,223,5,3,0.69463087,Q50_75,False,0,2,3
299,10477,35,12,5,2,0.11744966,Q0_25,False,0,1,2
299,43642,145,287,5,3,0.48657718,Q25_50,False,0,1,3
299,4468,14,282,4,2,0.04697987,Q0_25,False,0,2,3
299,25855,86,141,5,2,0.2885906,Q25_50,False,1,3,3
299,67959,227,86,5,3,0.76174497,Q75_100,False,0,1,2
299,27423,91,214,5,2,0.30536913,Q25_50,False,0,1,3
299,63046,210,256,5,3,0.70469799,Q50_75,False,0,2,3
299,32480,108,188,5,3,0.36241611,Q25_50,False,0,2,3
299,75989,254,43,5,3,0.85234899,Q75_100,False,0,1,2
299,49546,165,211,5,3,0.55369128,Q50_75,False,0,1,3
299,87976,294,70,5,3,0.98657718,Q75_100,False,0,1,2
299,41742,139,181,5,3,0.46644295,Q25_50,False,1,3,3
299,9487,31,218,4,2,0.10402685,Q0_25,False,0,2,3
299,26146,87,133,5,2,0.29194631,Q25_50,False,0,1,3
299,68541,229,70,5,3,0.76845638,Q75_100,False,0,1,2
299,46044,153,297,5,3,0.51342282,Q50_75,False,0,1,3
299,66885,223,208,5,3,0.74832215,Q50_75,False,0,1,3
299,78700,263,63,5,3,0.88255034,Q75_100,False,0,1,2
299,47890,160,50,5,3,0.53691275,Q50_75,False,0,1,2
299,26027,87,14,5,2,0.29194631,Q25_50,False,0,1,2
299,29082,97,79,5,2,0.32550336,Q25_50,False,0,1,2
299,61883,206,289,5,3,0.69127517,Q50_75,False,0,1,3
299,58009,194,3,5,3,0.65100671,Q50_75,False,0,0,1
299,37881,126,207,5,3,0.42281879,Q25_50,False,0,2,3
299,33482,111,293,5,3,0.37248322,Q25_50,False,0,2,3
299,3023,10,33,4,2,0.03355705,Q0_25,False,1,2,2
299,34372,114,286,5,3,0.38255034,Q25_50,False,0,2,3
299,82540,276,16,5,3,0.9261745,Q75_100,False,0,1,2
299,86210,288,98,5,3,0.96644295,Q75_100,False,0,1,2
299,84165,281,146,5,3,0.94295302,Q75_100,False,0,2,3
299,61245,204,249,5,3,0.68456376,Q50_75,False,0,0,3
299,70834,236,270,5,3,0.79194631,Q75_100,False,0,1,3
299,9577,32,9,4,2,0.10738255,Q0_25,False,1,1,1
299,23347,78,25,5,2,0.26174497,Q25_50,False,0,1,2
299,16853,56,109,5,2,0.18791946,Q0_25,False,0,2,3
299,10871,36,107,5,2,0.12080537,Q0_25,False,0,2,3
299,80796,270,66,5,3,0.90604027,Q75_100,False,0,1,2
299,40353,134,287,5,3,0.44966443,Q25_50,False,0,1,3
299,8817,29,146,4,2,0.09731544,Q0_25,False,0,2,3
299,79310,265,75,5,3,0.88926174,Q75_100,False,0,1,2
299,19125,63,288,5,2,0.2114094,Q0_25,False,0,0,3
299,35866,119,285,5,3,0.39932886,Q25_50,False,0,2,3
299,67816,226,242,5,3,0.75838926,Q75_100,False,1,3,3
299,31963,106,269,5,3,0.3557047,Q25_50,False,0,0,3
299,74403,248,251,5,3,0.83221477,Q75_100,False,0,2,3
299,35620,119,39,5,3,0.39932886,Q25_50,False,0,1,2
299,8152,27,79,4,2,0.09060403,Q0_25,False,1,2,2
299,65541,219,60,5,3,0.73489933,Q50_75,False,0,1,2
299,24391,81,172,5,2,0.27181208,Q25_50,False,0,2,3
299,88268,295,63,5,3,0.98993289,Q75_100,False,0,1,2
299,38588,129,17,5,3,0.43288591,Q25_50,False,0,1,2
299,60877,203,180,5,3,0.68120805,Q50_75,False,0,1,3
299,11277,37,214,5,2,0.12416107,Q0_25,False,0,1,3
299,7673,25,198,4,2,0.08389262,Q0_25,False,1,3,3
299,76179,254,233,5,3,0.85234899,Q75_100,False,0,2,3
299,9058,30,88,4,2,0.10067114,Q0_25,False,1,2,2
299,42408,141,249,5,3,0.47315436,Q25_50,False,0,1,3
299,18949,63,112,5,2,0.2114094,Q0_25,False,1,3,3
299,72184,241,125,5,3,0.80872483,Q75_100,False,0,1,3
299,88980,297,177,5,3,0.9966443,Q75_100,False,0,2,3
299,52275,174,249,5,3,0.58389262,Q50_75,False,0,0,3
299,63546,212,158,5,3,0.7114094,Q50_75,False,0,1,3
299,87580,292,272,5,3,0.97986577,Q75_100,False,0,1,3
299,45364,151,215,5,3,0.50671141,Q50_75,False,0,1,3
299,51990,173,263,5,3,0.58053691,Q50_75,False,0,1,3
299,30587,102,89,5,3,0.34228188,Q25_50,False,0,0,2
299,79615,266,81,5,3,0.89261745,Q75_100,False,0,0,2
299,55435,185,120,5,3,0.62080537,Q50_75,False,0,2,3
299,42829,143,72,5,3,0.47986577,Q25_50,False,0,1,2
299,58106,194,100,5,3,0.65100671,Q50_75,False,0,1,3
299,10786,36,22,5,2,0.12080537,Q0_25,False,0,1,2
299,70465,235,200,5,3,0.7885906,Q75_100,False,0,1,3
299,14319,47,266,5,2,0.15771812,Q0_25,False,0,2,3
299,60685,202,287,5,3,0.67785235,Q50_75,False,0,1,3
299,15462,51,213,5,2,0.17114094,Q0_25,False,0,1,3
299,64508,215,223,5,3,0.72147651,Q50_75,False,0,2,3
299,6535,21,256,4,2,0.0704698,Q0_25,False,0,2,3
299,86342,288,230,5,3,0.96644295,Q75_100,False,0,2,3
299,39175,131,6,5,3,0.43959732,Q25_50,False,0,0,1
299,25957,86,243,5,2,0.2885906,Q25_50,False,0,2,3
299,79822,266,288,5,3,0.89261745,Q75_100,False,0,2,3
299,81963,274,37,5,3,0.91946309,Q75_100,False,0,0,2
299,14758,49,107,5,2,0.16442953,Q0_25,False,0,2,3
299,4406,14,220,4,2,0.04697987,Q0_25,False,0,2,3
299,29117,97,114,5,2,0.32550336,Q25_50,False,0,1,3
299,45082,150,232,5,3,0.5033557,Q50_75,False,0,2,3
299,59234,198,32,5,3,0.66442953,Q50_75,False,0,1,2
299,7210,24,34,4,2,0.08053691,Q0_25,False,1,2,2
299,53194,177,271,5,3,0.59395973,Q50_75,False,1,3,3
299,18753,62,215,5,2,0.20805369,Q0_25,False,0,1,3
299,56068,187,155,5,3,0.62751678,Q50_75,False,0,2,3
299,7709,25,234,4,2,0.08389262,Q0_25,False,1,3,3
299,50201,167,268,5,3,0.56040268,Q50_75,False,0,1,3
299,76294,255,49,5,3,0.8557047,Q75_100,False,0,1,2
299,40980,137,17,5,3,0.45973154,Q25_50,False,0,1,2
299,40280,134,214,5,3,0.44966443,Q25_50,False,0,1,3
299,85700,286,186,5,3,0.95973154,Q75_100,False,0,2,3
299,74921,250,171,5,3,0.83892617,Q75_100,False,0,1,3
299,12370,41,111,5,2,0.13758389,Q0_25,False,0,2,3
299,80046,267,213,5,3,0.89597315,Q75_100,False,0,2,3
299,50257,168,25,5,3,0.56375839,Q50_75,False,0,1,2
299,35520,118,238,5,3,0.39597315,Q25_50,False,0,1,3
299,80332,268,200,5,3,0.89932886,Q75_100,False,0,1,3
299,72655,242,297,5,3,0.81208054,Q75_100,False,0,1,3
299,14099,47,46,5,2,0.15771812,Q0_25,False,0,1,2
299,56458,188,246,5,3,0.63087248,Q50_75,False,0,1,3
299,38567,128,295,5,3,0.4295302,Q25_50,False,0,2,3
299,48453,162,15,5,3,0.54362416,Q50_75,False,0,1,2
299,27821,93,14,5,2,0.31208054,Q25_50,False,0,1,2
299,30753,102,255,5,3,0.34228188,Q25_50,False,0,2,3
299,75125,251,76,5,3,0.84228188,Q75_100,False,0,1,2
299,55356,185,41,5,3,0.62080537,Q50_75,False,1,2,2
299,5644,18,262,4,2,0.06040268,Q0_25,False,1,3,3
299,36666,122,188,5,3,0.40939597,Q25_50,False,0,1,3
299,6955,23,78,4,2,0.07718121,Q0_25,False,1,2,2
299,78072,261,33,5,3,0.87583893,Q75_100,False,0,1,2
299,75360,252,12,5,3,0.84563758,Q75_100,False,1,2,2
299,46099,154,53,5,3,0.51677852,Q50_75,False,0,1,2
299,64477,215,192,5,3,0.72147651,Q50_75,False,0,1,3
299,24703,82,185,5,2,0.27516779,Q25_50,False,0,2,3
299,44512,148,260,5,3,0.4966443,Q25_50,False,0,1,3
299,8129,27,56,4,2,0.09060403,Q0_25,False,1,2,2
299,32140,107,147,5,3,0.3590604,Q25_50,False,0,1,3
299,44708,149,157,5,3,0.5,Q50_75,False,0,2,3
299,66057,220,277,5,3,0.73825503,Q50_75,False,0,2,3
299,7918,26,144,4,2,0.08724832,Q0_25,False,1,3,3
299,72986,244,30,5,3,0.81879195,Q75_100,False,0,1,2
299,2934,9,243,4,1,0.03020134,Q0_25,False,1,3,3
299,23831,79,210,5,2,0.26510067,Q25_50,False,0,2,3
299,64554,215,269,5,3,0.72147651,Q50_75,False,0,1,3
299,58116,194,110,5,3,0.65100671,Q50_75,False,0,1,3
299,28607,95,202,5,2,0.31879195,Q25_50,False,0,2,3
299,383,1,84,3,1,0.0033557,Q0_25,False,1,2,2
299,88707,296,203,5,3,0.99328859,Q75_100,False,0,2,3
299,74192,248,40,5,3,0.83221477,Q75_100,False,0,1,2
299,78495,262,157,5,3,0.87919463,Q75_100,False,0,1,3
299,39781,133,14,5,3,0.44630872,Q25_50,False,0,1,2
299,74950,250,200,5,3,0.83892617,Q75_100,False,0,1,3
299,7390,24,214,4,2,0.08053691,Q0_25,False,0,2,3
299,86318,288,206,5,3,0.96644295,Q75_100,False,0,1,3
299,68077,227,204,5,3,0.76174497,Q75_100,False,0,2,3
299,29846,99,245,5,2,0.33221477,Q25_50,False,0,2,3
299,76643,256,99,5,3,0.8590604,Q75_100,False,0,1,2
299,32667,109,76,5,3,0.36577181,Q25_50,False,0,1,2
299,47435,158,193,5,3,0.53020134,Q50_75,False,0,2,3
299,69376,232,8,5,3,0.77852349,Q75_100,False,0,0,1
299,58603,195,298,5,3,0.65436242,Q50_75,False,0,0,3
299,1127,3,230,4,1,0.01006711,Q0_25,False,0,2,3
299,2057,6,263,4,1,0.02013423,Q0_25,False,0,2,3
299,78706,263,69,5,3,0.88255034,Q75_100,False,0,1,2
299,80360,268,228,5,3,0.89932886,Q75_100,False,0,1,3
299,74154,248,2,5,3,0.83221477,Q75_100,False,0,0,1
299,57816,193,109,5,3,0.64765101,Q50_75,False,0,1,3
299,76368,255,123,5,3,0.8557047,Q75_100,False,0,2,3
299,86382,288,270,5,3,0.96644295,Q75_100,False,0,1,3
299,3078,10,88,4,2,0.03355705,Q0_25,False,1,2,2
299,54157,181,38,5,3,0.60738255,Q50_75,False,0,1,2
299,32066,107,73,5,3,0.3590604,Q25_50,False,0,1,2
299,4835,16,51,4,2,0.05369128,Q0_25,False,0,1,2
299,23763,79,142,5,2,0.26510067,Q25_50,False,0,2,3
299,38650,129,79,5,3,0.43288591,Q25_50,False,0,1,2
299,43200,144,144,5,3,0.48322148,Q25_50,False,0,2,3
299,8940,29,269,4,2,0.09731544,Q0_25,False,1,3,3
299,32592,109,1,5,3,0.36577181,Q25_50,False,0,0,1
299,62080,207,187,5,3,0.69463087,Q50_75,False,0,2,3
299,33972,113,185,5,3,0.37919463,Q25_50,False,0,1,3
299,18116,60,176,5,2,0.20134228,Q0_25,False,0,1,3
299,67919,227,46,5,3,0.76174497,Q75_100,False,0,1,2
299,51237,171,108,5,3,0.5738255,Q50_75,False,0,2,3
299,9776,32,208,4,2,0.10738255,Q0_25,False,0,2,3
299,39896,133,129,5,3,0.44630872,Q25_50,False,0,1,3
299,24969,83,152,5,2,0.27852349,Q25_50,False,0,2,3
299,60842,203,145,5,3,0.68120805,Q50_75,False,0,1,3
299,78516,262,178,5,3,0.87919463,Q75_100,False,0,2,3
299,3092,10,102,4,2,0.03355705,Q0_25,False,0,2,3
299,81233,271,204,5,3,0.90939597,Q75_100,False,0,1,3
299,1272,4,76,4,1,0.01342282,Q0_25,False,1,2,2
299,73886,247,33,5,3,0.82885906,Q75_100,False,0,1,2
299,16458,55,13,5,2,0.18456376,Q0_25,False,0,1,2
299,22269,74,143,5,2,0.24832215,Q0_25,False,0,2,3
299,7383,24,207,4,2,0.08053691,Q0_25,False,0,2,3
299,66062,220,282,5,3,0.73825503,Q50_75,False,1,3,3
299,71310,238,148,5,3,0.79865772,Q75_100,False,0,2,3
299,14019,46,265,5,2,0.15436242,Q0_25,False,0,2,3
299,51678,172,250,5,3,0.57718121,Q50_75,False,0,1,3
299,3074,10,84,4,2,0.03355705,Q0_25,False,1,2,2
299,65593,219,112,5,3,0.73489933,Q50_75,False,1,3,3
299,30492,101,293,5,3,0.33892617,Q25_50,False,0,2,3
299,53899,180,79,5,3,0.60402685,Q50_75,False,0,1,2
299,2538,8,146,4,1,0.02684564,Q0_25,False,0,2,3
299,67505,225,230,5,3,0.75503356,Q75_100,False,0,1,3
299,72349,241,290,5,3,0.80872483,Q75_100,False,0,2,3
299,81198,271,169,5,3,0.90939597,Q75_100,False,0,0,3
299,21080,70,150,5,2,0.23489933,Q0_25,False,0,2,3
299,8687,29,16,4,2,0.09731544,Q0_25,False,1,2,2
299,83370,278,248,5,3,0.93288591,Q75_100,False,0,0,3
299,12673,42,115,5,2,0.1409396,Q0_25,False,0,2,3
299,68610,229,139,5,3,0.76845638,Q75_100,False,0,1,3
299,66830,223,153,5,3,0.74832215,Q50_75,False,0,1,3
299,41924,140,64,5,3,0.46979866,Q25_50,False,0,1,2
299,41342,138,80,5,3,0.46308725,Q25_50,False,0,1,2
299,10613,35,148,5,2,0.11744966,Q0_25,False,0,2,3
299,84273,281,254,5,3,0.94295302,Q75_100,False,0,1,3
299,35684,119,103,5,3,0.39932886,Q25_50,False,0,1,3
299,76394,255,149,5,3,0.8557047,Q75_100,False,0,1,3
299,57981,193,274,5,3,0.64765101,Q50_75,False,0,2,3
299,59472,198,270,5,3,0.66442953,Q50_75,False,0,1,3
299,64182,214,196,5,3,0.71812081,Q50_75,False,0,1,3
299,5921,19,240,4,2,0.06375839,Q0_25,False,1,3,3
299,27373,91,164,5,2,0.30536913,Q25_50,False,0,2,3
299,67214,224,238,5,3,0.75167785,Q75_100,False,0,2,3
299,10212,34,46,5,2,0.11409396,Q0_25,False,0,1,2
299,2842,9,151,4,1,0.03020134,Q0_25,False,0,2,3
299,58761,196,157,5,3,0.65771812,Q50_75,False,0,2,3
299,10807,36,43,5,2,0.12080537,Q0_25,False,0,1,2
299,57085,190,275,5,3,0.63758389,Q50_75,False,0,1,3
299,3580,11,291,4,2,0.03691275,Q0_25,False,1,3,3
299,56723,189,212,5,3,0.63422819,Q50_75,False,0,1,3
299,2085,6,291,4,1,0.02013423,Q0_25,False,1,3,3
299,6842,22,264,4,2,0.0738255,Q0_25,False,1,3,3
299,79563,266,29,5,3,0.89261745,Q75_100,False,0,1,2
299,86372,288,260,5,3,0.96644295,Q75_100,False,0,1,3
299,8675,29,4,4,2,0.09731544,Q0_25,False,0,0,1
299,74149,247,296,5,3,0.82885906,Q75_100,False,0,2,3
299,29526,98,224,5,2,0.32885906,Q25_50,False,0,1,3
299,38855,129,284,5,3,0.43288591,Q25_50,False,0,1,3
299,56000,187,87,5,3,0.62751678,Q50_75,False,0,1,2
299,84847,283,230,5,3,0.94966443,Q75_100,False,0,2,3
299,83811,280,91,5,3,0.93959732,Q75_100,False,1,2,2
299,45598,152,150,5,3,0.51006711,Q50_75,False,0,2,3
299,89139,298,37,5,3,1.0,Q75_100,False,0,1,2
299,61517,205,222,5,3,0.68791946,Q50_75,False,0,2,3
299,63082,210,292,5,3,0.70469799,Q50_75,False,0,2,3
299,63305,211,216,5,3,0.70805369,Q50_75,False,0,1,3
299,62244,208,52,5,3,0.69798658,Q50_75,False,0,1,2
299,76451,255,206,5,3,0.8557047,Q75_100,False,0,2,3
299,6791,22,213,4,2,0.0738255,Q0_25,False,0,2,3
299,17854,59,213,5,2,0.19798658,Q0_25,False,0,1,3
299,75878,253,231,5,3,0.84899329,Q75_100,False,0,2,3
299,67236,224,260,5,3,0.75167785,Q75_100,False,0,2,3
299,44294,148,42,5,3,0.4966443,Q25_50,False,0,1,2
299,36996,123,219,5,3,0.41275168,Q25_50,False,0,0,3
299,43609,145,254,5,3,0.48657718,Q25_50,False,0,1,3
299,55699,186,85,5,3,0.62416107,Q50_75,False,0,1,2
299,81047,271,18,5,3,0.90939597,Q75_100,False,0,1,2
299,32266,107,273,5,3,0.3590604,Q25_50,False,0,2,3
299,42817,143,60,5,3,0.47986577,Q25_50,False,0,1,2
299,15575,52,27,5,2,0.17449664,Q0_25,False,0,1,2
299,69719,233,52,5,3,0.78187919,Q75_100,False,1,2,2
299,11508,38,146,5,2,0.12751678,Q0_25,False,0,2,3
299,18106,60,166,5,2,0.20134228,Q0_25,False,0,2,3
299,44777,149,226,5,3,0.5,Q50_75,False,0,2,3
299,67460,225,185,5,3,0.75503356,Q75_100,False,0,2,3
299,7561,25,86,4,2,0.08389262,Q0_25,False,1,2,2
299,84814,283,197,5,3,0.94966443,Q75_100,False,0,1,3
299,25079,83,262,5,2,0.27852349,Q25_50,False,0,1,3
299,49813,166,179,5,3,0.55704698,Q50_75,False,0,2,3
299,177,0,177,3,1,0.0,Q0_25,False,1,3,3
299,13654,45,199,5,2,0.15100671,Q0_25,False,0,1,3
299,30770,102,272,5,3,0.34228188,Q25_50,False,0,1,3
299,9117,30,147,4,2,0.10067114,Q0_25,False,1,3,3
299,35788,119,207,5,3,0.39932886,Q25_50,False,0,2,3
299,64178,214,192,5,3,0.71812081,Q50_75,False,0,1,3
299,25411,84,295,5,2,0.28187919,Q25_50,False,0,2,3
299,23445,78,123,5,2,0.26174497,Q25_50,False,0,2,3
299,56373,188,161,5,3,0.63087248,Q50_75,False,1,3,3
299,40528,135,163,5,3,0.45302013,Q25_50,False,0,2,3
299,82042,274,116,5,3,0.91946309,Q75_100,False,0,1,3
299,42695,142,237,5,3,0.47651007,Q25_50,False,0,1,3
299,58750,196,146,5,3,0.65771812,Q50_75,False,0,2,3
299,5848,19,167,4,2,0.06375839,Q0_25,False,0,2,3
299,23800,79,179,5,2,0.26510067,Q25_50,False,0,2,3
299,33948,113,161,5,3,0.37919463,Q25_50,False,0,2,3
299,22239,74,113,5,2,0.24832215,Q0_25,False,0,2,3
299,6982,23,105,4,2,0.07718121,Q0_25,False,0,2,3
299,45766,153,19,5,3,0.51342282,Q50_75,False,0,1,2
299,89357,298,255,5,3,1.0,Q75_100,False,0,2,3
299,25124,84,8,5,2,0.28187919,Q25_50,False,0,0,1
299,14166,47,113,5,2,0.15771812,Q0_25,False,0,2,3
299,41609,139,48,5,3,0.46644295,Q25_50,False,0,1,2
299,81489,272,161,5,3,0.91275168,Q75_100,False,0,2,3
299,23604,78,282,5,2,0.26174497,Q25_50,False,0,1,3
299,55226,184,210,5,3,0.61744966,Q50_75,False,0,1,3
299,25101,83,284,5,2,0.27852349,Q25_50,False,0,1,3
299,69802,233,135,5,3,0.78187919,Q75_100,False,0,1,3
299,86479,289,68,5,3,0.96979866,Q75_100,False,0,1,2
299,87540,292,232,5,3,0.97986577,Q75_100,False,0,1,3
299,54117,180,297,5,3,0.60402685,Q50_75,False,0,2,3
299,54765,183,48,5,3,0.61409396,Q50_75,False,0,1,2
299,24425,81,206,5,2,0.27181208,Q25_50,False,0,1,3
299,64394,215,109,5,3,0.72147651,Q50_75,False,0,0,3
299,77837,260,97,5,3,0.87248322,Q75_100,False,0,1,2
299,54791,183,74,5,3,0.61409396,Q50_75,False,0,1,2
299,52252,174,226,5,3,0.58389262,Q50_75,False,0,1,3
299,81045,271,16,5,3,0.90939597,Q75_100,False,0,1,2
299,6551,21,272,4,2,0.0704698,Q0_25,False,1,3,3
299,43769,146,115,5,3,0.48993289,Q25_50,False,0,1,3
299,86629,289,218,5,3,0.96979866,Q75_100,False,0,1,3
299,22001,73,174,5,2,0.24496644,Q0_25,False,0,2,3
299,85253,285,38,5,3,0.95637584,Q75_100,False,0,1,2
299,3304,11,15,4,2,0.03691275,Q0_25,False,1,2,2
299,13121,43,264,5,2,0.1442953,Q0_25,False,0,1,3
299,37412,125,37,5,3,0.41946309,Q25_50,False,0,1,2
299,47982,160,142,5,3,0.53691275,Q50_75,False,0,1,3
299,43819,146,165,5,3,0.48993289,Q25_50,False,0,1,3
299,70797,236,233,5,3,0.79194631,Q75_100,False,0,2,3
299,16535,55,90,5,2,0.18456376,Q0_25,False,0,1,2
299,41890,140,30,5,3,0.46979866,Q25_50,False,0,1,2
299,33418,111,229,5,3,0.37248322,Q25_50,False,0,1,3
299,67104,224,128,5,3,0.75167785,Q75_100,False,0,1,3
299,72034,240,274,5,3,0.80536913,Q75_100,False,0,1,3
299,45335,151,186,5,3,0.50671141,Q50_75,False,0,2,3
299,27400,91,191,5,2,0.30536913,Q25_50,False,1,3,3
299,22350,74,224,5,2,0.24832215,Q0_25,False,0,1,3
299,44065,147,112,5,3,0.49328859,Q25_50,False,1,3,3
299,83320,278,198,5,3,0.93288591,Q75_100,False,0,2,3
299,15812,52,264,5,2,0.17449664,Q0_25,False,0,2,3
299,163,0,163,3,1,0.0,Q0_25,False,1,3,3
299,74236,248,84,5,3,0.83221477,Q75_100,False,0,1,2
299,72013,240,253,5,3,0.80536913,Q75_100,False,0,2,3
299,51921,173,194,5,3,0.58053691,Q50_75,False,0,2,3
299,944,3,47,3,1,0.01006711,Q0_25,False,1,2,2
299,65932,220,152,5,3,0.73825503,Q50_75,False,0,1,3
299,85975,287,162,5,3,0.96308725,Q75_100,False,0,1,3
299,76904,257,61,5,3,0.86241611,Q75_100,False,0,1,2
299,52124,174,98,5,3,0.58389262,Q50_75,False,0,1,2
299,54407,181,288,5,3,0.60738255,Q50_75,False,0,2,3
299,2503,8,111,4,1,0.02684564,Q0_25,False,0,2,3
299,59844,200,44,5,3,0.67114094,Q50_75,False,0,1,2
299,55659,186,45,5,3,0.62416107,Q50_75,False,0,1,2
299,62411,208,219,5,3,0.69798658,Q50_75,False,0,2,3
299,30263,101,64,5,3,0.33892617,Q25_50,False,0,1,2
299,33949,113,162,5,3,0.37919463,Q25_50,False,0,2,3
299,59301,198,99,5,3,0.66442953,Q50_75,False,0,0,2
299,25382,84,266,5,2,0.28187919,Q25_50,False,0,2,3
299,4456,14,270,4,2,0.04697987,Q0_25,False,0,2,3
299,43201,144,145,5,3,0.48322148,Q25_50,False,0,2,3
299,46409,155,64,5,3,0.52013423,Q50_75,False,0,1,2
299,28216,94,110,5,2,0.31543624,Q25_50,False,0,2,3
299,2076,6,282,4,1,0.02013423,Q0_25,False,1,3,3
299,4516,15,31,4,2,0.05033557,Q0_25,False,0,1,2
299,15308,51,59,5,2,0.17114094,Q0_25,False,0,1,2
299,1980,6,186,4,1,0.02013423,Q0_25,False,1,3,3
299,74197,248,45,5,3,0.83221477,Q75_100,False,0,1,2
299,30655,102,157,5,3,0.34228188,Q25_50,False,0,2,3
299,49106,164,70,5,3,0.55033557,Q50_75,False,0,0,2
299,18821,62,283,5,2,0.20805369,Q0_25,False,0,2,3
299,11924,39,263,5,2,0.13087248,Q0_25,False,0,1,3
299,76613,256,69,5,3,0.8590604,Q75_100,False,0,1,2
299,51067,170,237,5,3,0.5704698,Q50_75,False,0,1,3
299,1477,4,281,4,1,0.01342282,Q0_25,False,0,2,3
299,64009,214,23,5,3,0.71812081,Q50_75,False,0,1,2
299,86697,289,286,5,3,0.96979866,Q75_100,False,0,1,3
299,36330,121,151,5,3,0.40604027,Q25_50,False,0,2,3
299,55621,186,7,5,3,0.62416107,Q50_75,False,0,0,1
299,87313,292,5,5,3,0.97986577,Q75_100,False,0,0,1
299,33802,113,15,5,3,0.37919463,Q25_50,False,0,1,2
299,813,2,215,3,1,0.00671141,Q0_25,False,1,3,3
299,7816,26,42,4,2,0.08724832,Q0_25,False,1,2,2
299,47033,157,90,5,3,0.52684564,Q50_75,False,0,0,2
299,6694,22,116,4,2,0.0738255,Q0_25,False,0,2,3
299,11382,38,20,5,2,0.12751678,Q0_25,False,0,1,2
299,82306,275,81,5,3,0.92281879,Q75_100,False,1,2,2
299,53984,180,164,5,3,0.60402685,Q50_75,False,0,1,3
299,68275,228,103,5,3,0.76510067,Q75_100,False,0,2,3
299,65309,218,127,5,3,0.73154362,Q50_75,False,0,1,3
299,53796,179,275,5,3,0.60067114,Q50_75,False,0,1,3
299,4775,15,290,4,2,0.05033557,Q0_25,False,0,1,3
299,9055,30,85,4,2,0.10067114,Q0_25,False,1,2,2
299,10448,34,282,5,2,0.11409396,Q0_25,False,0,1,3
299,11387,38,25,5,2,0.12751678,Q0_25,False,0,1,2
299,14316,47,263,5,2,0.15771812,Q0_25,False,0,1,3
299,6,0,6,1,1,0.0,Q0_25,False,0,0,1
299,4979,16,195,4,2,0.05369128,Q0_25,False,1,3,3
299,84742,283,125,5,3,0.94966443,Q75_100,False,0,1,3
299,73834,246,280,5,3,0.82550336,Q75_100,False,0,1,3
299,82446,275,221,5,3,0.92281879,Q75_100,False,0,2,3
299,49304,164,268,5,3,0.55033557,Q50_75,False,0,1,3
299,23072,77,49,5,2,0.25838926,Q25_50,False,0,1,2
299,79726,266,192,5,3,0.89261745,Q75_100,False,1,3,3
299,47273,158,31,5,3,0.53020134,Q50_75,False,1,2,2
299,5514,18,132,4,2,0.06040268,Q0_25,False,0,2,3
299,16854,56,110,5,2,0.18791946,Q0_25,False,0,2,3
299,22865,76,141,5,2,0.25503356,Q25_50,False,1,3,3
299,71556,239,95,5,3,0.80201342,Q75_100,False,0,1,2
299,78371,262,33,5,3,0.87919463,Q75_100,False,0,1,2
299,54338,181,219,5,3,0.60738255,Q50_75,False,0,1,3
299,57985,193,278,5,3,0.64765101,Q50_75,False,0,2,3
299,26504,88,192,5,2,0.29530201,Q25_50,False,0,2,3
299,10775,36,11,5,2,0.12080537,Q0_25,False,1,2,2
299,85021,284,105,5,3,0.95302013,Q75_100,False,0,2,3
299,73685,246,131,5,3,0.82550336,Q75_100,False,0,1,3
299,65525,219,44,5,3,0.73489933,Q50_75,False,0,1,2
299,9540,31,271,4,2,0.10402685,Q0_25,False,1,3,3
299,63567,212,179,5,3,0.7114094,Q50_75,False,0,0,3
299,44102,147,149,5,3,0.49328859,Q25_50,False,0,2,3
299,6066,20,86,4,2,0.06711409,Q0_25,False,1,2,2
299,79539,266,5,5,3,0.89261745,Q75_100,False,0,0,1
299,85955,287,142,5,3,0.96308725,Q75_100,False,0,1,3
299,27520,92,12,5,2,0.30872483,Q25_50,False,0,1,2
299,75263,251,214,5,3,0.84228188,Q75_100,False,0,1,3
299,18191,60,251,5,2,0.20134228,Q0_25,False,0,1,3
299,31593,105,198,5,3,0.35234899,Q25_50,False,0,2,3
299,50813,169,282,5,3,0.56711409,Q50_75,False,0,1,3
299,71787,240,27,5,3,0.80536913,Q75_100,False,0,1,2
299,27604,92,96,5,2,0.30872483,Q25_50,False,0,1,2
299,19789,66,55,5,2,0.22147651,Q0_25,False,0,1,2
299,70879,237,16,5,3,0.79530201,Q75_100,False,0,1,2
299,13218,44,62,5,2,0.14765101,Q0_25,False,0,1,2
299,39524,132,56,5,3,0.44295302,Q25_50,False,0,1,2
299,2158,7,65,4,1,0.02348993,Q0_25,False,1,2,2
299,23418,78,96,5,2,0.26174497,Q25_50,False,0,1,2
299,30702,102,204,5,3,0.34228188,Q25_50,False,0,2,3
299,61339,205,44,5,3,0.68791946,Q50_75,False,0,1,2
299,20341,68,9,5,2,0.22818792,Q0_25,False,0,0,1
299,65779,219,298,5,3,0.73489933,Q50_75,False,0,1,3
299,12873,43,16,5,2,0.1442953,Q0_25,False,0,1,2
299,34405,115,20,5,3,0.38590604,Q25_50,False,0,1,2
299,77610,259,169,5,3,0.86912752,Q75_100,False,0,2,3
299,52197,174,171,5,3,0.58389262,Q50_75,False,1,3,3
299,49993,167,60,5,3,0.56040268,Q50_75,False,0,1,2
299,17931,59,290,5,2,0.19798658,Q0_25,False,0,1,3
299,30061,100,161,5,3,0.33557047,Q25_50,False,0,2,3
299,84935,284,19,5,3,0.95302013,Q75_100,False,0,1,2
299,39267,131,98,5,3,0.43959732,Q25_50,False,0,0,2
299,76233,254,287,5,3,0.85234899,Q75_100,False,0,1,3
299,63557,212,169,5,3,0.7114094,Q50_75,False,0,1,3
299,65684,219,203,5,3,0.73489933,Q50_75,False,0,2,3
299,61615,206,21,5,3,0.69127517,Q50_75,False,1,2,2
299,7526,25,51,4,2,0.08389262,Q0_25,False,1,2,2
299,37559,125,184,5,3,0.41946309,Q25_50,False,0,2,3
299,65619,219,138,5,3,0.73489933,Q50_75,False,0,1,3
299,46617,155,272,5,3,0.52013423,Q50_75,False,0,2,3
299,56293,188,81,5,3,0.63087248,Q50_75,False,0,1,2
299,10929,36,165,5,2,0.12080537,Q0_25,False,0,2,3
299,11033,36,269,5,2,0.12080537,Q0_25,False,0,0,3
299,36376,121,197,5,3,0.40604027,Q25_50,False,0,1,3
299,2232,7,139,4,1,0.02348993,Q0_25,False,0,2,3
299,67924,227,51,5,3,0.76174497,Q75_100,False,1,2,2
299,365,1,66,3,1,0.0033557,Q0_25,False,1,2,2
299,9237,30,267,4,2,0.10067114,Q0_25,False,0,2,3
299,70397,235,132,5,3,0.7885906,Q75_100,False,0,2,3
299,40132,134,66,5,3,0.44966443,Q25_50,False,0,1,2
299,42496,142,38,5,3,0.47651007,Q25_50,False,0,1,2
299,19298,64,162,5,2,0.2147651,Q0_25,False,1,3,3
299,52798,176,174,5,3,0.59060403,Q50_75,False,0,2,3
299,33518,112,30,5,3,0.37583893,Q25_50,False,0,1,2
299,43659,146,5,5,3,0.48993289,Q25_50,False,0,0,1
299,32111,107,118,5,3,0.3590604,Q25_50,False,0,1,3
299,45334,151,185,5,3,0.50671141,Q50_75,False,0,2,3
299,9180,30,210,4,2,0.10067114,Q0_25,False,1,3,3
299,18539,62,1,5,2,0.20805369,Q0_25,False,0,0,1
299,80275,268,143,5,3,0.89932886,Q75_100,False,0,2,3
299,65000,217,117,5,3,0.72818792,Q50_75,False,0,2,3
299,43449,145,94,5,3,0.48657718,Q25_50,False,0,1,2
299,47807,159,266,5,3,0.53355705,Q50_75,False,0,1,3
299,23996,80,76,5,2,0.26845638,Q25_50,False,0,1,2
299,44579,149,28,5,3,0.5,Q50_75,False,0,1,2
299,85106,284,190,5,3,0.95302013,Q75_100,False,0,1,3
299,88993,297,190,5,3,0.9966443,Q75_100,False,0,1,3
299,60487,202,89,5,3,0.67785235,Q50_75,False,0,0,2
299,45402,151,253,5,3,0.50671141,Q50_75,False,0,1,3
299,51844,173,117,5,3,0.58053691,Q50_75,False,0,2,3
299,75833,253,186,5,3,0.84899329,Q75_100,False,0,2,3
299,851,2,253,3,1,0.00671141,Q0_25,False,1,3,3
299,36555,122,77,5,3,0.40939597,Q25_50,False,0,1,2
299,45303,151,154,5,3,0.50671141,Q50_75,False,0,2,3
299,86418,289,7,5,3,0.96979866,Q75_100,False,0,0,1
299,76516,255,271,5,3,0.8557047,Q75_100,False,0,1,3
299,54929,183,212,5,3,0.61409396,Q50_75,False,0,1,3
299,47303,158,61,5,3,0.53020134,Q50_75,False,1,2,2
299,45929,153,182,5,3,0.51342282,Q50_75,False,0,2,3
299,65706,219,225,5,3,0.73489933,Q50_75,False,0,2,3
299,35447,118,165,5,3,0.39597315,Q25_50,False,0,1,3
299,38034,127,61,5,3,0.4261745,Q25_50,False,0,1,2
299,28017,93,210,5,2,0.31208054,Q25_50,False,0,2,3
299,77850,260,110,5,3,0.87248322,Q75_100,False,0,2,3
299,33173,110,283,5,3,0.36912752,Q25_50,False,0,2,3
299,28991,96,287,5,2,0.32214765,Q25_50,False,0,2,3
299,10642,35,177,5,2,0.11744966,Q0_25,False,0,2,3
299,27869,93,62,5,2,0.31208054,Q25_50,False,0,1,2
299,53389,178,167,5,3,0.59731544,Q50_75,False,0,1,3
299,83005,277,182,5,3,0.9295302,Q75_100,False,0,2,3
299,9645,32,77,4,2,0.10738255,Q0_25,False,1,2,2
299,52642,176,18,5,3,0.59060403,Q50_75,False,0,1,2
299,17528,58,186,5,2,0.19463087,Q0_25,False,0,2,3
299,35367,118,85,5,3,0.39597315,Q25_50,False,0,1,2
299,84928,284,12,5,3,0.95302013,Q75_100,False,0,1,2
299,63700,213,13,5,3,0.7147651,Q50_75,False,0,1,2
299,77067,257,224,5,3,0.86241611,Q75_100,False,0,2,3
299,19839,66,105,5,2,0.22147651,Q0_25,False,0,2,3
299,30095,100,195,5,3,0.33557047,Q25_50,False,0,2,3
299,82395,275,170,5,3,0.92281879,Q75_100,False,0,2,3
299,2699,9,8,4,1,0.03020134,Q0_25,False,0,0,1
299,551,1,252,3,1,0.0033557,Q0_25,False,1,3,3
299,48791,163,54,5,3,0.54697987,Q50_75,False,0,1,2
299,43103,144,47,5,3,0.48322148,Q25_50,False,0,1,2
299,62457,208,265,5,3,0.69798658,Q50_75,False,0,2,3
299,10176,34,10,5,2,0.11409396,Q0_25,False,0,0,2
299,15590,52,42,5,2,0.17449664,Q0_25,False,0,1,2
299,80747,270,17,5,3,0.90604027,Q75_100,False,0,1,2
299,33052,110,162,5,3,0.36912752,Q25_50,False,0,1,3
299,67063,224,87,5,3,0.75167785,Q75_100,False,0,1,2
299,42368,141,209,5,3,0.47315436,Q25_50,False,0,1,3
299,28205,94,99,5,2,0.31543624,Q25_50,False,0,0,2
299,39963,133,196,5,3,0.44630872,Q25_50,False,0,2,3
299,59236,198,34,5,3,0.66442953,Q50_75,False,0,1,2
299,83568,279,147,5,3,0.93624161,Q75_100,False,0,1,3
299,33915,113,128,5,3,0.37919463,Q25_50,False,0,2,3
299,17683,59,42,5,2,0.19798658,Q0_25,False,0,1,2
299,44263,148,11,5,3,0.4966443,Q25_50,False,0,0,2
299,53779,179,258,5,3,0.60067114,Q50_75,False,0,2,3
299,71032,237,169,5,3,0.79530201,Q75_100,False,0,2,3
299,73026,244,70,5,3,0.81879195,Q75_100,False,0,0,2
299,10700,35,235,5,2,0.11744966,Q0_25,False,0,1,3
299,86422,289,11,5,3,0.96979866,Q75_100,False,1,2,2
299,32952,110,62,5,3,0.36912752,Q25_50,False,0,1,2
299,86253,288,141,5,3,0.96644295,Q75_100,False,0,2,3
299,17403,58,61,5,2,0.19463087,Q0_25,False,1,2,2
299,35953,120,73,5,3,0.40268456,Q25_50,False,0,1,2
299,74455,249,4,5,3,0.83557047,Q75_100,False,0,0,1
299,55283,184,267,5,3,0.61744966,Q50_75,False,0,1,3
299,69566,232,198,5,3,0.77852349,Q75_100,False,0,2,3
299,32351,108,59,5,3,0.36241611,Q25_50,False,0,1,2
299,74495,249,44,5,3,0.83557047,Q75_100,False,0,1,2
299,37078,124,2,5,3,0.41610738,Q25_50,False,0,0,1
299,42728,142,270,5,3,0.47651007,Q25_50,False,0,1,3
299,8273,27,200,4,2,0.09060403,Q0_25,False,1,3,3
299,23021,76,297,5,2,0.25503356,Q25_50,False,0,1,3
299,1670,5,175,4,1,0.01677852,Q0_25,False,1,3,3
299,13487,45,32,5,2,0.15100671,Q0_25,False,0,1,2
299,16895,56,151,5,2,0.18791946,Q0_25,False,0,2,3
299,44694,149,143,5,3,0.5,Q50_75,False,0,2,3
299,60411,202,13,5,3,0.67785235,Q50_75,False,0,1,2
299,11760,39,99,5,2,0.13087248,Q0_25,False,0,1,2
299,41862,140,2,5,3,0.46979866,Q25_50,False,1,1,1
299,51108,170,278,5,3,0.5704698,Q50_75,False,0,1,3
299,4057,13,170,4,2,0.04362416,Q0_25,False,0,2,3
299,68194,228,22,5,3,0.76510067,Q75_100,False,1,2,2
299,45050,150,200,5,3,0.5033557,Q50_75,False,0,1,3
299,57068,190,258,5,3,0.63758389,Q50_75,False,0,0,3
299,84545,282,227,5,3,0.94630872,Q75_100,False,0,1,3
299,79295,265,60,5,3,0.88926174,Q75_100,False,0,1,2
299,16717,55,272,5,2,0.18456376,Q0_25,False,1,3,3
299,49836,166,202,5,3,0.55704698,Q50_75,False,0,2,3
299,23592,78,270,5,2,0.26174497,Q25_50,False,0,1,3
299,34359,114,273,5,3,0.38255034,Q25_50,False,0,2,3
299,14305,47,252,5,2,0.15771812,Q0_25,False,0,1,3
299,81259,271,230,5,3,0.90939597,Q75_100,False,0,2,3
299,78605,262,267,5,3,0.87919463,Q75_100,False,0,1,3
299,47563,159,22,5,3,0.53355705,Q50_75,False,1,2,2
299,27152,90,242,5,2,0.30201342,Q25_50,False,0,2,3
299,41474,138,212,5,3,0.46308725,Q25_50,False,0,1,3
299,57960,193,253,5,3,0.64765101,Q50_75,False,0,1,3
299,69621,232,253,5,3,0.77852349,Q75_100,False,0,2,3
299,39065,130,195,5,3,0.43624161,Q25_50,False,0,2,3
299,71803,240,43,5,3,0.80536913,Q75_100,False,0,1,2
299,72158,241,99,5,3,0.80872483,Q75_100,False,0,1,2
299,46933,156,289,5,3,0.52348993,Q50_75,False,0,1,3
299,71544,239,83,5,3,0.80201342,Q75_100,False,0,1,2
299,41129,137,166,5,3,0.45973154,Q25_50,False,0,2,3
299,63487,212,99,5,3,0.7114094,Q50_75,False,0,0,2
299,7627,25,152,4,2,0.08389262,Q0_25,False,1,3,3
299,53777,179,256,5,3,0.60067114,Q50_75,False,0,1,3
299,36891,123,114,5,3,0.41275168,Q25_50,False,0,1,3
299,3305,11,16,4,2,0.03691275,Q0_25,False,1,2,2
299,40017,133,250,5,3,0.44630872,Q25_50,False,0,1,3
299,20553,68,221,5,2,0.22818792,Q0_25,False,0,2,3
299,65639,219,158,5,3,0.73489933,Q50_75,False,0,1,3
299,3853,12,265,4,2,0.04026846,Q0_25,False,1,3,3
299,25105,83,288,5,2,0.27852349,Q25_50,False,0,1,3
299,80156,268,24,5,3,0.89932886,Q75_100,False,0,1,2
299,1142,3,245,4,1,0.01006711,Q0_25,False,0,2,3
299,73089,244,133,5,3,0.81879195,Q75_100,False,0,1,3
299,45257,151,108,5,3,0.50671141,Q50_75,False,0,2,3
299,63342,211,253,5,3,0.70805369,Q50_75,False,0,2,3
299,86614,289,203,5,3,0.96979866,Q75_100,False,0,2,3
299,69774,233,107,5,3,0.78187919,Q75_100,False,0,1,3
299,52669,176,45,5,3,0.59060403,Q50_75,False,0,1,2
299,51402,171,273,5,3,0.5738255,Q50_75,False,0,1,3
299,53285,178,63,5,3,0.59731544,Q50_75,False,0,1,2
299,10544,35,79,5,2,0.11744966,Q0_25,False,0,0,2
299,23213,77,190,5,2,0.25838926,Q25_50,False,0,2,3
299,54731,183,14,5,3,0.61409396,Q50_75,False,0,1,2
299,45824,153,77,5,3,0.51342282,Q50_75,False,0,1,2
299,66686,223,9,5,3,0.74832215,Q50_75,False,0,0,1
299,33099,110,209,5,3,0.36912752,Q25_50,False,0,1,3
299,28943,96,239,5,2,0.32214765,Q25_50,False,0,0,3
299,85621,286,107,5,3,0.95973154,Q75_100,False,0,2,3
299,29799,99,198,5,2,0.33221477,Q25_50,False,0,2,3
299,76560,256,16,5,3,0.8590604,Q75_100,False,0,1,2
299,7474,24,298,4,2,0.08053691,Q0_25,False,1,3,3
299,63016,210,226,5,3,0.70469799,Q50_75,False,0,2,3
299,435,1,136,3,1,0.0033557,Q0_25,False,1,3,3
299,82640,276,116,5,3,0.9261745,Q75_100,False,0,2,3
299,47343,158,101,5,3,0.53020134,Q50_75,False,1,3,3
299,49950,167,17,5,3,0.56040268,Q50_75,False,0,1,2
299,8230,27,157,4,2,0.09060403,Q0_25,False,0,2,3
299,29310,98,8,5,2,0.32885906,Q25_50,False,0,0,1
299,33539,112,51,5,3,0.37583893,Q25_50,False,1,2,2
299,51072,170,242,5,3,0.5704698,Q50_75,False,0,1,3
299,79137,264,201,5,3,0.88590604,Q75_100,False,0,1,3
299,68967,230,197,5,3,0.77181208,Q75_100,False,0,1,3
299,56682,189,171,5,3,0.63422819,Q50_75,False,1,3,3
299,45330,151,181,5,3,0.50671141,Q50_75,False,1,3,3
299,7807,26,33,4,2,0.08724832,Q0_25,False,1,2,2
299,49656,166,22,5,3,0.55704698,Q50_75,False,0,1,2
299,20243,67,210,5,2,0.22483221,Q0_25,False,0,1,3
299,78135,261,96,5,3,0.87583893,Q75_100,False,0,1,2
299,451,1,152,3,1,0.0033557,Q0_25,False,0,1,3
299,36650,122,172,5,3,0.40939597,Q25_50,False,0,2,3
299,35097,117,114,5,3,0.39261745,Q25_50,False,0,1,3
299,83232,278,110,5,3,0.93288591,Q75_100,False,0,1,3
299,60558,202,160,5,3,0.67785235,Q50_75,False,0,1,3
299,14767,49,116,5,2,0.16442953,Q0_25,False,0,2,3
299,27138,90,228,5,2,0.30201342,Q25_50,False,0,2,3
299,65596,219,115,5,3,0.73489933,Q50_75,False,0,2,3
299,75358,252,10,5,3,0.84563758,Q75_100,False,0,1,2
299,70691,236,127,5,3,0.79194631,Q75_100,False,0,2,3
299,5414,18,32,4,2,0.06040268,Q0_25,False,1,2,2
299,29335,98,33,5,2,0.32885906,Q25_50,False,0,1,2
299,32233,107,240,5,3,0.3590604,Q25_50,False,0,1,3
299,51572,172,144,5,3,0.57718121,Q50_75,False,0,2,3
299,82697,276,173,5,3,0.9261745,Q75_100,False,0,2,3
299,30722,102,224,5,3,0.34228188,Q25_50,False,0,2,3
299,34221,114,135,5,3,0.38255034,Q25_50,False,0,1,3
299,48255,161,116,5,3,0.54026846,Q50_75,False,0,2,3
299,58038,194,32,5,3,0.65100671,Q50_75,False,0,1,2
299,37976,127,3,5,3,0.4261745,Q25_50,False,0,0,1
299,62500,209,9,5,3,0.70134228,Q50_75,False,0,0,1
299,22062,73,235,5,2,0.24496644,Q0_25,False,0,1,3
299,62888,210,98,5,3,0.70469799,Q50_75,False,0,1,2
299,35690,119,109,5,3,0.39932886,Q25_50,False,0,1,3
299,13347,44,191,5,2,0.14765101,Q0_25,False,1,3,3
299,63242,211,153,5,3,0.70805369,Q50_75,False,0,1,3
299,25143,84,27,5,2,0.28187919,Q25_50,False,0,1,2
299,83984,280,264,5,3,0.93959732,Q75_100,False,0,2,3
299,29562,98,260,5,2,0.32885906,Q25_50,False,0,1,3
299,66958,223,281,5,3,0.74832215,Q50_75,False,1,3,3
299,74144,247,291,5,3,0.82885906,Q75_100,False,1,3,3
299,68845,230,75,5,3,0.77181208,Q75_100,False,0,1,2
299,34803,116,119,5,3,0.38926174,Q25_50,False,0,1,3
299,3672,12,84,4,2,0.04026846,Q0_25,False,1,2,2
299,13891,46,137,5,2,0.15436242,Q0_25,False,0,2,3
299,6593,22,15,4,2,0.0738255,Q0_25,False,1,2,2
299,54439,182,21,5,3,0.61073826,Q50_75,False,1,2,2
299,35358,118,76,5,3,0.39597315,Q25_50,False,0,1,2
299,80960,270,230,5,3,0.90604027,Q75_100,False,0,1,3
299,65477,218,295,5,3,0.73154362,Q50_75,False,0,2,3
299,18342,61,103,5,2,0.20469799,Q0_25,False,0,2,3
299,70677,236,113,5,3,0.79194631,Q75_100,False,0,1,3
299,72379,242,21,5,3,0.81208054,Q75_100,False,0,1,2
299,69125,231,56,5,3,0.77516779,Q75_100,False,0,1,2
299,74469,249,18,5,3,0.83557047,Q75_100,False,0,1,2
299,54647,182,229,5,3,0.61073826,Q50_75,False,0,0,3
299,59287,198,85,5,3,0.66442953,Q50_75,False,0,1,2
299,65256,218,74,5,3,0.73154362,Q50_75,False,0,1,2
299,59532,199,31,5,3,0.66778523,Q50_75,False,1,2,2
299,78127,261,88,5,3,0.87583893,Q75_100,False,0,1,2
299,60142,201,43,5,3,0.67449664,Q50_75,False,0,1,2
299,16770,56,26,5,2,0.18791946,Q0_25,False,0,1,2
299,32651,109,60,5,3,0.36577181,Q25_50,False,0,0,2
299,86195,288,83,5,3,0.96644295,Q75_100,False,0,1,2
299,85212,284,296,5,3,0.95302013,Q75_100,False,0,1,3
299,66489,222,111,5,3,0.74496644,Q50_75,False,0,2,3
299,8258,27,185,4,2,0.09060403,Q0_25,False,0,2,3
299,72788,243,131,5,3,0.81543624,Q75_100,False,0,1,3
299,56866,190,56,5,3,0.63758389,Q50_75,False,0,1,2
299,63851,213,164,5,3,0.7147651,Q50_75,False,0,1,3
299,48416,161,277,5,3,0.54026846,Q50_75,False,0,1,3
299,80465,269,34,5,3,0.90268456,Q75_100,False,0,1,2
299,79161,264,225,5,3,0.88590604,Q75_100,False,0,2,3
299,71723,239,262,5,3,0.80201342,Q75_100,False,0,2,3
299,20465,68,133,5,2,0.22818792,Q0_25,False,0,2,3
299,27671,92,163,5,2,0.30872483,Q25_50,False,0,2,3
299,17519,58,177,5,2,0.19463087,Q0_25,False,0,1,3
299,72855,243,198,5,3,0.81543624,Q75_100,False,0,2,3
299,56798,189,287,5,3,0.63422819,Q50_75,False,0,1,3
299,562,1,263,3,1,0.0033557,Q0_25,False,1,3,3
299,10331,34,165,5,2,0.11409396,Q0_25,False,0,2,3
299,50230,167,297,5,3,0.56040268,Q50_75,False,0,1,3
299,82824,277,1,5,3,0.9295302,Q75_100,False,1,1,1
299,5674,18,292,4,2,0.06040268,Q0_25,False,1,3,3
299,85237,285,22,5,3,0.95637584,Q75_100,False,0,1,2
299,83691,279,270,5,3,0.93624161,Q75_100,False,0,1,3
299,23476,78,154,5,2,0.26174497,Q25_50,False,0,1,3
299,24437,81,218,5,2,0.27181208,Q25_50,False,0,1,3
299,28742,96,38,5,2,0.32214765,Q25_50,False,0,1,2
299,31516,105,121,5,3,0.35234899,Q25_50,False,0,2,3
299,30672,102,174,5,3,0.34228188,Q25_50,False,0,1,3
299,13106,43,249,5,2,0.1442953,Q0_25,False,0,2,3
299,8522,28,150,4,2,0.09395973,Q0_25,False,0,2,3
299,54608,182,190,5,3,0.61073826,Q50_75,False,0,2,3
299,4376,14,190,4,2,0.04697987,Q0_25,False,1,3,3
299,82514,275,289,5,3,0.92281879,Q75_100,False,0,1,3
299,15119,50,169,5,2,0.16778523,Q0_25,False,0,1,3
299,60348,201,249,5,3,0.67449664,Q50_75,False,0,2,3
299,31919,106,225,5,3,0.3557047,Q25_50,False,0,2,3
299,73494,245,239,5,3,0.82214765,Q75_100,False,0,1,3
299,77401,258,259,5,3,0.86577181,Q75_100,False,0,1,3
299,34536,115,151,5,3,0.38590604,Q25_50,False,0,2,3
299,57765,193,58,5,3,0.64765101,Q50_75,False,0,1,2
299,8362,27,289,4,2,0.09060403,Q0_25,False,0,2,3
299,78165,261,126,5,3,0.87583893,Q75_100,False,0,1,3
299,18004,60,64,5,2,0.20134228,Q0_25,False,0,1,2
299,48020,160,180,5,3,0.53691275,Q50_75,False,0,2,3
299,18544,62,6,5,2,0.20805369,Q0_25,False,0,0,1
299,86849,290,139,5,3,0.97315436,Q75_100,False,0,1,3
299,5799,19,118,4,2,0.06375839,Q0_25,False,0,2,3
299,6016,20,36,4,2,0.06711409,Q0_25,False,1,2,2
299,26038,87,25,5,2,0.29194631,Q25_50,False,0,1,2
299,52707,176,83,5,3,0.59060403,Q50_75,False,0,1,2
299,19172,64,36,5,2,0.2147651,Q0_25,False,0,1,2
299,56789,189,278,5,3,0.63422819,Q50_75,False,0,2,3
299,20973,70,43,5,2,0.23489933,Q0_25,False,0,1,2
299,49767,166,133,5,3,0.55704698,Q50_75,False,0,2,3
299,89258,298,156,5,3,1.0,Q75_100,False,0,2,3
299,54384,181,265,5,3,0.60738255,Q50_75,False,0,1,3
299,77950,260,210,5,3,0.87248322,Q75_100,False,0,1,3
299,56534,189,23,5,3,0.63422819,Q50_75,False,0,1,2
299,9793,32,225,4,2,0.10738255,Q0_25,False,0,2,3
299,66502,222,124,5,3,0.74496644,Q50_75,False,0,2,3
299,55317,185,2,5,3,0.62080537,Q50_75,False,0,0,1
299,8792,29,121,4,2,0.09731544,Q0_25,False,0,2,3
299,37496,125,121,5,3,0.41946309,Q25_50,False,0,1,3
299,34575,115,190,5,3,0.38590604,Q25_50,False,0,2,3
299,32878,109,287,5,3,0.36577181,Q25_50,False,0,2,3
299,41974,140,114,5,3,0.46979866,Q25_50,False,0,1,3
299,52959,177,36,5,3,0.59395973,Q50_75,False,0,1,2
299,36057,120,177,5,3,0.40268456,Q25_50,False,0,1,3
299,18805,62,267,5,2,0.20805369,Q0_25,False,0,1,3
299,42552,142,94,5,3,0.47651007,Q25_50,False,0,1,2
299,52832,176,208,5,3,0.59060403,Q50_75,False,0,2,3
299,15121,50,171,5,2,0.16778523,Q0_25,False,0,2,3
299,75685,253,38,5,3,0.84899329,Q75_100,False,0,1,2
299,72139,241,80,5,3,0.80872483,Q75_100,False,0,0,2
299,38859,129,288,5,3,0.43288591,Q25_50,False,0,2,3
299,40986,137,23,5,3,0.45973154,Q25_50,False,0,1,2
299,88298,295,93,5,3,0.98993289,Q75_100,False,0,1,2
299,3405,11,116,4,2,0.03691275,Q0_25,False,1,3,3
299,18719,62,181,5,2,0.20805369,Q0_25,False,0,0,3
299,7924,26,150,4,2,0.08724832,Q0_25,False,0,2,3
299,84287,281,268,5,3,0.94295302,Q75_100,False,0,1,3
299,76531,255,286,5,3,0.8557047,Q75_100,False,0,1,3
299,65459,218,277,5,3,0.73154362,Q50_75,False,0,2,3
299,51387,171,258,5,3,0.5738255,Q50_75,False,0,1,3
299,54372,181,253,5,3,0.60738255,Q50_75,False,0,1,3
299,12270,41,11,5,2,0.13758389,Q0_25,False,0,1,2
299,63556,212,168,5,3,0.7114094,Q50_75,False,0,1,3
299,29140,97,137,5,2,0.32550336,Q25_50,False,0,2,3
299,83985,280,265,5,3,0.93959732,Q75_100,False,0,2,3
299,32670,109,79,5,3,0.36577181,Q25_50,False,0,1,2
299,11050,36,286,5,2,0.12080537,Q0_25,False,0,1,3
299,32957,110,67,5,3,0.36912752,Q25_50,False,0,1,2
299,27591,92,83,5,2,0.30872483,Q25_50,False,0,1,2
299,48435,161,296,5,3,0.54026846,Q50_75,False,0,1,3
299,32350,108,58,5,3,0.36241611,Q25_50,False,0,1,2
299,54149,181,30,5,3,0.60738255,Q50_75,False,0,1,2
299,60510,202,112,5,3,0.67785235,Q50_75,False,0,1,3
299,63966,213,279,5,3,0.7147651,Q50_75,False,0,2,3
299,32150,107,157,5,3,0.3590604,Q25_50,False,0,1,3
299,56689,189,178,5,3,0.63422819,Q50_75,False,0,1,3
299,24726,82,208,5,2,0.27516779,Q25_50,False,0,1,3
299,82951,277,128,5,3,0.9295302,Q75_100,False,0,1,3
299,29581,98,279,5,2,0.32885906,Q25_50,False,0,0,3
299,37835,126,161,5,3,0.42281879,Q25_50,False,1,3,3
299,6686,22,108,4,2,0.0738255,Q0_25,False,1,3,3
299,47370,158,128,5,3,0.53020134,Q50_75,False,0,2,3
299,42561,142,103,5,3,0.47651007,Q25_50,False,0,2,3
299,53254,178,32,5,3,0.59731544,Q50_75,False,0,1,2
299,54469,182,51,5,3,0.61073826,Q50_75,False,1,2,2
299,27289,91,80,5,2,0.30536913,Q25_50,False,0,1,2
299,45700,152,252,5,3,0.51006711,Q50_75,False,0,1,3
299,28845,96,141,5,2,0.32214765,Q25_50,False,1,3,3
299,11548,38,186,5,2,0.12751678,Q0_25,False,0,2,3
299,70961,237,98,5,3,0.79530201,Q75_100,False,0,1,2
299,41404,138,142,5,3,0.46308725,Q25_50,False,0,2,3
299,81430,272,102,5,3,0.91275168,Q75_100,False,0,2,3
299,3522,11,233,4,2,0.03691275,Q0_25,False,1,3,3
299,31791,106,97,5,3,0.3557047,Q25_50,False,0,1,2
299,31907,106,213,5,3,0.3557047,Q25_50,False,0,2,3
299,84297,281,278,5,3,0.94295302,Q75_100,False,0,1,3
299,81627,273,0,5,3,0.91610738,Q75_100,False,0,0,1
299,33434,111,245,5,3,0.37248322,Q25_50,False,0,2,3
299,24400,81,181,5,2,0.27181208,Q25_50,False,1,3,3
299,75800,253,153,5,3,0.84899329,Q75_100,False,0,2,3
299,8163,27,90,4,2,0.09060403,Q0_25,False,1,2,2
299,12,0,12,2,1,0.0,Q0_25,False,1,2,2
299,1833,6,39,4,1,0.02013423,Q0_25,False,1,2,2
299,35380,118,98,5,3,0.39597315,Q25_50,False,0,0,2
299,62966,210,176,5,3,0.70469799,Q50_75,False,0,1,3
299,2935,9,244,4,1,0.03020134,Q0_25,False,1,3,3
299,75373,252,25,5,3,0.84563758,Q75_100,False,0,1,2
299,52927,177,4,5,3,0.59395973,Q50_75,False,0,0,1
299,16557,55,112,5,2,0.18456376,Q0_25,False,1,3,3
299,68283,228,111,5,3,0.76510067,Q75_100,False,0,2,3
299,89107,298,5,5,3,1.0,Q75_100,False,0,0,1
299,28056,93,249,5,2,0.31208054,Q25_50,False,0,2,3
299,24387,81,168,5,2,0.27181208,Q25_50,False,0,1,3
299,42702,142,244,5,3,0.47651007,Q25_50,False,0,1,3
299,54595,182,177,5,3,0.61073826,Q50_75,False,0,2,3
299,70263,234,297,5,3,0.7852349,Q75_100,False,0,1,3
299,87631,293,24,5,3,0.98322148,Q75_100,False,0,1,2
299,49999,167,66,5,3,0.56040268,Q50_75,False,0,1,2
299,77507,259,66,5,3,0.86912752,Q75_100,False,0,1,2
299,16790,56,46,5,2,0.18791946,Q0_25,False,0,1,2
299,20394,68,62,5,2,0.22818792,Q0_25,False,0,1,2
299,66430,222,52,5,3,0.74496644,Q50_75,False,0,1,2
299,51014,170,184,5,3,0.5704698,Q50_75,False,0,2,3
299,1313,4,117,4,1,0.01342282,Q0_25,False,1,3,3
299,21580,72,52,5,2,0.24161074,Q0_25,False,0,1,2
299,78151,261,112,5,3,0.87583893,Q75_100,False,0,2,3
299,86142,288,30,5,3,0.96644295,Q75_100,False,0,1,2
299,63812,213,125,5,3,0.7147651,Q50_75,False,0,1,3
299,1600,5,105,4,1,0.01677852,Q0_25,False,1,3,3
299,28431,95,26,5,2,0.31879195,Q25_50,False,0,1,2
299,77953,260,213,5,3,0.87248322,Q75_100,False,0,2,3
299,29013,97,10,5,2,0.32550336,Q25_50,False,0,0,2
299,33166,110,276,5,3,0.36912752,Q25_50,False,0,2,3
299,61262,204,266,5,3,0.68456376,Q50_75,False,0,2,3
299,12765,42,207,5,2,0.1409396,Q0_25,False,0,1,3
299,85309,285,94,5,3,0.95637584,Q75_100,False,0,1,2
299,67495,225,220,5,3,0.75503356,Q75_100,False,0,1,3
299,39375,131,206,5,3,0.43959732,Q25_50,False,0,1,3
299,18129,60,189,5,2,0.20134228,Q0_25,False,0,1,3
299,56725,189,214,5,3,0.63422819,Q50_75,False,0,1,3
299,71672,239,211,5,3,0.80201342,Q75_100,False,0,2,3
299,9956,33,89,4,2,0.11073826,Q0_25,False,1,2,2
299,45553,152,105,5,3,0.51006711,Q50_75,False,0,2,3
299,36490,122,12,5,3,0.40939597,Q25_50,False,0,1,2
299,61186,204,190,5,3,0.68456376,Q50_75,False,0,1,3
299,23861,79,240,5,2,0.26510067,Q25_50,False,0,2,3
299,28437,95,32,5,2,0.31879195,Q25_50,False,0,1,2
299,39962,133,195,5,3,0.44630872,Q25_50,False,0,1,3
299,27331,91,122,5,2,0.30536913,Q25_50,False,0,2,3
299,63182,211,93,5,3,0.70805369,Q50_75,False,0,1,2
299,40402,135,37,5,3,0.45302013,Q25_50,False,0,1,2
299,58543,195,238,5,3,0.65436242,Q50_75,False,0,1,3
299,86301,288,189,5,3,0.96644295,Q75_100,False,0,2,3
299,65845,220,65,5,3,0.73825503,Q50_75,False,0,1,2
299,59411,198,209,5,3,0.66442953,Q50_75,False,0,0,3
299,7834,26,60,4,2,0.08724832,Q0_25,False,0,1,2
299,74297,248,145,5,3,0.83221477,Q75_100,False,0,2,3
299,66462,222,84,5,3,0.74496644,Q50_75,False,0,1,2
299,56698,189,187,5,3,0.63422819,Q50_75,False,0,2,3
299,42581,142,123,5,3,0.47651007,Q25_50,False,0,2,3
299,46543,155,198,5,3,0.52013423,Q50_75,False,0,2,3
299,77827,260,87,5,3,0.87248322,Q75_100,False,0,1,2
299,5792,19,111,4,2,0.06375839,Q0_25,False,0,2,3
299,81678,273,51,5,3,0.91610738,Q75_100,False,1,2,2
299,29556,98,254,5,2,0.32885906,Q25_50,False,0,2,3
299,59154,197,251,5,3,0.66107383,Q50_75,False,1,3,3
299,36870,123,93,5,3,0.41275168,Q25_50,False,0,1,2
299,43543,145,188,5,3,0.48657718,Q25_50,False,0,2,3
299,84280,281,261,5,3,0.94295302,Q75_100,False,0,2,3
299,28264,94,158,5,2,0.31543624,Q25_50,False,0,2,3
299,73281,245,26,5,3,0.82214765,Q75_100,False,0,1,2
299,65615,219,134,5,3,0.73489933,Q50_75,False,0,1,3
299,16571,55,126,5,2,0.18456376,Q0_25,False,0,2,3
299,66247,221,168,5,3,0.74161074,Q50_75,False,0,1,3
299,36925,123,148,5,3,0.41275168,Q25_50,False,0,2,3
299,60055,200,255,5,3,0.67114094,Q50_75,False,0,1,3
299,18946,63,109,5,2,0.2114094,Q0_25,False,0,2,3
299,64204,214,218,5,3,0.71812081,Q50_75,False,0,2,3
299,80977,270,247,5,3,0.90604027,Q75_100,False,0,1,3
299,84386,282,68,5,3,0.94630872,Q75_100,False,0,1,2
299,63940,213,253,5,3,0.7147651,Q50_75,False,0,2,3
299,68424,228,252,5,3,0.76510067,Q75_100,False,0,2,3
299,51054,170,224,5,3,0.5704698,Q50_75,False,0,1,3
299,77871,260,131,5,3,0.87248322,Q75_100,False,0,1,3
299,45888,153,141,5,3,0.51342282,Q50_75,False,0,2,3
299,46782,156,138,5,3,0.52348993,Q50_75,False,0,1,3
299,15213,50,263,5,2,0.16778523,Q0_25,False,0,1,3
299,62603,209,112,5,3,0.70134228,Q50_75,False,0,2,3
299,17538,58,196,5,2,0.19463087,Q0_25,False,0,2,3
299,77458,259,17,5,3,0.86912752,Q75_100,False,0,1,2
299,84941,284,25,5,3,0.95302013,Q75_100,False,0,1,2
299,89010,297,207,5,3,0.9966443,Q75_100,False,0,1,3
299,68018,227,145,5,3,0.76174497,Q75_100,False,0,1,3
299,17378,58,36,5,2,0.19463087,Q0_25,False,0,1,2
299,43561,145,206,5,3,0.48657718,Q25_50,False,0,1,3
299,26944,90,34,5,2,0.30201342,Q25_50,False,0,1,2
299,4439,14,253,4,2,0.04697987,Q0_25,False,1,3,3
299,59044,197,141,5,3,0.66107383,Q50_75,False,1,3,3
299,45978,153,231,5,3,0.51342282,Q50_75,False,1,3,3
299,49456,165,121,5,3,0.55369128,Q50_75,False,1,3,3
299,46839,156,195,5,3,0.52348993,Q50_75,False,0,2,3
299,55960,187,47,5,3,0.62751678,Q50_75,False,0,1,2
299,37842,126,168,5,3,0.42281879,Q25_50,False,0,1,3
299,83768,280,48,5,3,0.93959732,Q75_100,False,0,1,2
299,16002,53,155,5,2,0.17785235,Q0_25,False,0,2,3
299,38723,129,152,5,3,0.43288591,Q25_50,False,0,2,3
299,31720,106,26,5,3,0.3557047,Q25_50,False,0,1,2
299,750,2,152,3,1,0.00671141,Q0_25,False,1,3,3
299,44939,150,89,5,3,0.5033557,Q50_75,False,0,1,2
299,11099,37,36,5,2,0.12416107,Q0_25,False,0,1,2
299,11180,37,117,5,2,0.12416107,Q0_25,False,0,2,3
299,46634,155,289,5,3,0.52013423,Q50_75,False,0,1,3
299,23757,79,136,5,2,0.26510067,Q25_50,False,0,1,3
299,23542,78,220,5,2,0.26174497,Q25_50,False,0,1,3
299,78902,263,265,5,3,0.88255034,Q75_100,False,0,1,3
299,55690,186,76,5,3,0.62416107,Q50_75,False,0,1,2
299,70511,235,246,5,3,0.7885906,Q75_100,False,0,1,3
299,85726,286,212,5,3,0.95973154,Q75_100,False,0,1,3
299,43266,144,210,5,3,0.48322148,Q25_50,False,0,0,3
299,55662,186,48,5,3,0.62416107,Q50_75,False,0,1,2
299,24146,80,226,5,2,0.26845638,Q25_50,False,0,2,3
299,83315,278,193,5,3,0.93288591,Q75_100,False,0,2,3
299,54436,182,18,5,3,0.61073826,Q50_75,False,0,1,2
299,79851,267,18,5,3,0.89597315,Q75_100,False,0,1,2
299,63081,210,291,5,3,0.70469799,Q50_75,False,1,3,3
299,1818,6,24,4,1,0.02013423,Q0_25,False,1,2,2
299,8805,29,134,4,2,0.09731544,Q0_25,False,0,2,3
299,59485,198,283,5,3,0.66442953,Q50_75,False,0,1,3
299,15598,52,50,5,2,0.17449664,Q0_25,False,0,1,2
299,26875,89,264,5,2,0.29865772,Q25_50,False,0,1,3
299,16669,55,224,5,2,0.18456376,Q0_25,False,0,1,3
299,25851,86,137,5,2,0.2885906,Q25_50,False,0,1,3
299,20947,70,17,5,2,0.23489933,Q0_25,False,0,1,2
299,26389,88,77,5,2,0.29530201,Q25_50,False,0,1,2
299,67019,224,43,5,3,0.75167785,Q75_100,False,0,1,2
299,52280,174,254,5,3,0.58389262,Q50_75,False,0,1,3
299,62510,209,19,5,3,0.70134228,Q50_75,False,0,1,2
299,69049,230,279,5,3,0.77181208,Q75_100,False,0,2,3
299,63180,211,91,5,3,0.70805369,Q50_75,False,1,2,2
299,64938,217,55,5,3,0.72818792,Q50_75,False,0,1,2
299,7010,23,133,4,2,0.07718121,Q0_25,False,1,3,3
299,87038,291,29,5,3,0.97651007,Q75_100,False,0,0,2
299,55949,187,36,5,3,0.62751678,Q50_75,False,0,1,2
299,46306,154,260,5,3,0.51677852,Q50_75,False,0,0,3
299,40331,134,265,5,3,0.44966443,Q25_50,False,0,1,3
299,77646,259,205,5,3,0.86912752,Q75_100,False,0,1,3
299,16845,56,101,5,2,0.18791946,Q0_25,False,0,2,3
299,16154,54,8,5,2,0.18120805,Q0_25,False,0,0,1
299,47260,158,18,5,3,0.53020134,Q50_75,False,0,1,2
299,37198,124,122,5,3,0.41610738,Q25_50,False,0,2,3
299,25047,83,230,5,2,0.27852349,Q25_50,False,0,1,3
299,81084,271,55,5,3,0.90939597,Q75_100,False,0,1,2
299,59574,199,73,5,3,0.66778523,Q50_75,False,0,1,2
299,57576,192,168,5,3,0.6442953,Q50_75,False,0,2,3
299,4810,16,26,4,2,0.05369128,Q0_25,False,1,2,2
299,33926,113,139,5,3,0.37919463,Q25_50,False,0,2,3
299,84011,280,291,5,3,0.93959732,Q75_100,False,0,2,3
299,63102,211,13,5,3,0.70805369,Q50_75,False,0,1,2
299,57687,192,279,5,3,0.6442953,Q50_75,False,0,1,3
299,57187,191,78,5,3,0.6409396,Q50_75,False,0,1,2
299,60850,203,153,5,3,0.68120805,Q50_75,False,0,1,3
299,1890,6,96,4,1,0.02013423,Q0_25,False,1,2,2
299,44385,148,133,5,3,0.4966443,Q25_50,False,0,2,3
299,28966,96,262,5,2,0.32214765,Q25_50,False,0,1,3
299,24714,82,196,5,2,0.27516779,Q25_50,False,0,1,3
299,52486,175,161,5,3,0.58724832,Q50_75,False,1,3,3
299,57448,192,40,5,3,0.6442953,Q50_75,False,0,1,2
299,74599,249,148,5,3,0.83557047,Q75_100,False,0,1,3
299,5190,17,107,4,2,0.05704698,Q0_25,False,0,2,3
299,70827,236,263,5,3,0.79194631,Q75_100,False,0,1,3
299,77428,258,286,5,3,0.86577181,Q75_100,False,0,1,3
299,31284,104,188,5,3,0.34899329,Q25_50,False,0,1,3
299,48060,160,220,5,3,0.53691275,Q50_75,False,0,0,3
299,60791,203,94,5,3,0.68120805,Q50_75,False,0,1,2
299,63542,212,154,5,3,0.7114094,Q50_75,False,0,1,3
299,3213,10,223,4,2,0.03355705,Q0_25,False,1,3,3
299,9198,30,228,4,2,0.10067114,Q0_25,False,1,3,3
299,34409,115,24,5,3,0.38590604,Q25_50,False,0,1,2
299,32516,108,224,5,3,0.36241611,Q25_50,False,0,2,3
299,9000,30,30,4,2,0.10067114,Q0_25,False,1,2,2
299,38583,129,12,5,3,0.43288591,Q25_50,False,0,1,2
299,36378,121,199,5,3,0.40604027,Q25_50,False,0,1,3
299,10321,34,155,5,2,0.11409396,Q0_25,False,0,2,3
299,41867,140,7,5,3,0.46979866,Q25_50,False,0,0,1
299,41951,140,91,5,3,0.46979866,Q25_50,False,1,2,2
299,53232,178,10,5,3,0.59731544,Q50_75,False,0,1,2
299,29356,98,54,5,2,0.32885906,Q25_50,False,0,1,2
299,56569,189,58,5,3,0.63422819,Q50_75,False,0,1,2
299,37045,123,268,5,3,0.41275168,Q25_50,False,0,1,3
299,80726,269,295,5,3,0.90268456,Q75_100,False,0,1,3
299,41830,139,269,5,3,0.46644295,Q25_50,False,0,1,3
299,33242,111,53,5,3,0.37248322,Q25_50,False,0,1,2
299,21503,71,274,5,2,0.23825503,Q0_25,False,0,1,3
299,35717,119,136,5,3,0.39932886,Q25_50,False,0,1,3
299,80669,269,238,5,3,0.90268456,Q75_100,False,0,2,3
299,29022,97,19,5,2,0.32550336,Q25_50,False,0,1,2
299,26179,87,166,5,2,0.29194631,Q25_50,False,0,2,3
299,4042,13,155,4,2,0.04362416,Q0_25,False,1,3,3
299,8274,27,201,4,2,0.09060403,Q0_25,False,1,3,3
299,27208,90,298,5,2,0.30201342,Q25_50,False,0,0,3
299,60700,203,3,5,3,0.68120805,Q50_75,False,0,0,1
299,86228,288,116,5,3,0.96644295,Q75_100,False,0,2,3
299,75596,252,248,5,3,0.84563758,Q75_100,False,0,2,3
299,48955,163,218,5,3,0.54697987,Q50_75,False,0,1,3
299,60043,200,243,5,3,0.67114094,Q50_75,False,0,2,3
299,1296,4,100,4,1,0.01342282,Q0_25,False,1,3,3
299,474,1,175,3,1,0.0033557,Q0_25,False,1,3,3
299,62903,210,113,5,3,0.70469799,Q50_75,False,0,1,3
299,31701,106,7,5,3,0.3557047,Q25_50,False,0,0,1
299,62928,210,138,5,3,0.70469799,Q50_75,False,0,1,3
299,15292,51,43,5,2,0.17114094,Q0_25,False,0,1,2
299,53645,179,124,5,3,0.60067114,Q50_75,False,0,2,3
299,15065,50,115,5,2,0.16778523,Q0_25,False,0,2,3
299,53428,178,206,5,3,0.59731544,Q50_75,False,0,1,3
299,36179,121,0,5,3,0.40604027,Q25_50,False,0,0,1
299,4608,15,123,4,2,0.05033557,Q0_25,False,1,3,3
299,20049,67,16,5,2,0.22483221,Q0_25,False,0,1,2
299,70985,237,122,5,3,0.79530201,Q75_100,False,0,2,3
299,43236,144,180,5,3,0.48322148,Q25_50,False,0,1,3
299,42358,141,199,5,3,0.47315436,Q25_50,False,0,2,3
299,34433,115,48,5,3,0.38590604,Q25_50,False,0,1,2
299,58376,195,71,5,3,0.65436242,Q50_75,False,1,2,2
299,81634,273,7,5,3,0.91610738,Q75_100,False,0,0,1
299,9620,32,52,4,2,0.10738255,Q0_25,False,1,2,2
299,49421,165,86,5,3,0.55369128,Q50_75,False,0,1,2
299,2302,7,209,4,1,0.02348993,Q0_25,False,1,3,3
299,47936,160,96,5,3,0.53691275,Q50_75,False,0,1,2
299,66681,223,4,5,3,0.74832215,Q50_75,False,0,0,1
299,20933,70,3,5,2,0.23489933,Q0_25,False,0,0,1
299,57423,192,15,5,3,0.6442953,Q50_75,False,0,1,2
299,89197,298,95,5,3,1.0,Q75_100,False,0,1,2
299,62242,208,50,5,3,0.69798658,Q50_75,False,0,1,2
299,26757,89,146,5,2,0.29865772,Q25_50,False,0,1,3
299,24115,80,195,5,2,0.26845638,Q25_50,False,0,2,3
299,3168,10,178,4,2,0.03355705,Q0_25,False,1,3,3
299,64043,214,57,5,3,0.71812081,Q50_75,False,0,1,2
299,12429,41,170,5,2,0.13758389,Q0_25,False,0,2,3
299,55265,184,249,5,3,0.61744966,Q50_75,False,0,0,3
299,46944,157,1,5,3,0.52684564,Q50_75,False,1,1,1
299,42762,143,5,5,3,0.47986577,Q25_50,False,0,0,1
299,46890,156,246,5,3,0.52348993,Q50_75,False,0,1,3
299,74657,249,206,5,3,0.83557047,Q75_100,False,0,1,3
299,71636,239,175,5,3,0.80201342,Q75_100,False,0,2,3
299,40415,135,50,5,3,0.45302013,Q25_50,False,0,1,2
299,57718,193,11,5,3,0.64765101,Q50_75,False,1,2,2
299,40530,135,165,5,3,0.45302013,Q25_50,False,0,2,3
299,83318,278,196,5,3,0.93288591,Q75_100,False,0,2,3
299,46980,157,37,5,3,0.52684564,Q50_75,False,0,1,2
299,43802,146,148,5,3,0.48993289,Q25_50,False,0,2,3
299,15609,52,61,5,2,0.17449664,Q0_25,False,0,1,2
299,36812,123,35,5,3,0.41275168,Q25_50,False,0,1,2
299,76552,256,8,5,3,0.8590604,Q75_100,False,0,0,1
299,76305,255,60,5,3,0.8557047,Q75_100,False,0,0,2
299,13764,46,10,5,2,0.15436242,Q0_25,False,0,0,2
299,57378,191,269,5,3,0.6409396,Q50_75,False,0,0,3
299,65937,220,157,5,3,0.73825503,Q50_75,False,0,1,3
299,45149,151,0,5,3,0.50671141,Q50_75,False,0,0,1
299,30768,102,270,5,3,0.34228188,Q25_50,False,0,1,3
299,35583,119,2,5,3,0.39932886,Q25_50,False,0,0,1
299,63569,212,181,5,3,0.7114094,Q50_75,False,0,1,3
299,33885,113,98,5,3,0.37919463,Q25_50,False,0,0,2
299,5905,19,224,4,2,0.06375839,Q0_25,False,1,3,3
299,15945,53,98,5,2,0.17785235,Q0_25,False,0,0,2
299,88627,296,123,5,3,0.99328859,Q75_100,False,0,2,3
299,22970,76,246,5,2,0.25503356,Q25_50,False,0,1,3
299,17761,59,120,5,2,0.19798658,Q0_25,False,0,2,3
299,57806,193,99,5,3,0.64765101,Q50_75,False,0,0,2
299,5786,19,105,4,2,0.06375839,Q0_25,False,0,2,3
299,18151,60,211,5,2,0.20134228,Q0_25,False,0,2,3
299,41800,139,239,5,3,0.46644295,Q25_50,False,0,1,3
299,3751,12,163,4,2,0.04026846,Q0_25,False,1,3,3
299,68873,230,103,5,3,0.77181208,Q75_100,False,0,1,3
299,55463,185,148,5,3,0.62080537,Q50_75,False,0,2,3
299,37886,126,212,5,3,0.42281879,Q25_50,False,0,2,3
299,14855,49,204,5,2,0.16442953,Q0_25,False,0,1,3
299,31620,105,225,5,3,0.35234899,Q25_50,False,0,1,3
299,9370,31,101,4,2,0.10402685,Q0_25,False,0,2,3
299,2939,9,248,4,1,0.03020134,Q0_25,False,1,3,3
299,57622,192,214,5,3,0.6442953,Q50_75,False,0,1,3
299,77242,258,100,5,3,0.86577181,Q75_100,False,0,2,3
299,85076,284,160,5,3,0.95302013,Q75_100,False,0,1,3
299,68095,227,222,5,3,0.76174497,Q75_100,False,1,3,3
299,80221,268,89,5,3,0.89932886,Q75_100,False,0,1,2
299,76750,256,206,5,3,0.8590604,Q75_100,False,0,1,3
299,3656,12,68,4,2,0.04026846,Q0_25,False,1,2,2
299,51560,172,132,5,3,0.57718121,Q50_75,False,0,2,3
299,37563,125,188,5,3,0.41946309,Q25_50,False,0,2,3
299,43474,145,119,5,3,0.48657718,Q25_50,False,0,1,3
299,7737,25,262,4,2,0.08389262,Q0_25,False,1,3,3
299,56229,188,17,5,3,0.63087248,Q50_75,False,0,1,2
299,61774,206,180,5,3,0.69127517,Q50_75,False,0,1,3
299,18554,62,16,5,2,0.20805369,Q0_25,False,0,1,2
299,17223,57,180,5,2,0.19127517,Q0_25,False,0,1,3
299,79129,264,193,5,3,0.88590604,Q75_100,False,0,2,3
299,27756,92,248,5,2,0.30872483,Q25_50,False,0,2,3
299,43818,146,164,5,3,0.48993289,Q25_50,False,0,2,3
299,35185,117,202,5,3,0.39261745,Q25_50,False,0,1,3
299,1073,3,176,4,1,0.01006711,Q0_25,False,1,3,3
299,67540,225,265,5,3,0.75503356,Q75_100,False,0,2,3
299,69768,233,101,5,3,0.78187919,Q75_100,False,0,1,3
299,40238,134,172,5,3,0.44966443,Q25_50,False,0,2,3
299,36109,120,229,5,3,0.40268456,Q25_50,False,0,0,3
299,16472,55,27,5,2,0.18456376,Q0_25,False,0,1,2
299,43844,146,190,5,3,0.48993289,Q25_50,False,0,2,3
299,32119,107,126,5,3,0.3590604,Q25_50,False,0,1,3
299,78753,263,116,5,3,0.88255034,Q75_100,False,0,2,3
299,28486,95,81,5,2,0.31879195,Q25_50,False,1,2,2
299,37074,123,297,5,3,0.41275168,Q25_50,False,0,1,3
299,46748,156,104,5,3,0.52348993,Q50_75,False,0,2,3
299,17878,59,237,5,2,0.19798658,Q0_25,False,0,2,3
299,44826,149,275,5,3,0.5,Q50_75,False,0,1,3
299,7439,24,263,4,2,0.08053691,Q0_25,False,0,2,3
299,61660,206,66,5,3,0.69127517,Q50_75,False,0,1,2
299,34813,116,129,5,3,0.38926174,Q25_50,False,0,1,3
299,72667,243,10,5,3,0.81543624,Q75_100,False,0,0,2
299,70871,237,8,5,3,0.79530201,Q75_100,False,0,0,1
299,50733,169,202,5,3,0.56711409,Q50_75,False,0,1,3
299,87563,292,255,5,3,0.97986577,Q75_100,False,0,1,3
299,64325,215,40,5,3,0.72147651,Q50_75,False,0,1,2
299,27481,91,272,5,2,0.30536913,Q25_50,False,0,2,3
299,56419,188,207,5,3,0.63087248,Q50_75,False,0,2,3
299,74407,248,255,5,3,0.83221477,Q75_100,False,0,2,3
299,49873,166,239,5,3,0.55704698,Q50_75,False,0,1,3
299,54445,182,27,5,3,0.61073826,Q50_75,False,0,1,2
299,30887,103,90,5,3,0.34563758,Q25_50,False,0,1,2
299,13584,45,129,5,2,0.15100671,Q0_25,False,0,0,3
299,19605,65,170,5,2,0.21812081,Q0_25,False,0,1,3
299,87112,291,103,5,3,0.97651007,Q75_100,False,0,1,3
299,18986,63,149,5,2,0.2114094,Q0_25,False,0,1,3
299,4308,14,122,4,2,0.04697987,Q0_25,False,1,3,3
299,64210,214,224,5,3,0.71812081,Q50_75,False,0,2,3
299,58399,195,94,5,3,0.65436242,Q50_75,False,0,1,2
299,41035,137,72,5,3,0.45973154,Q25_50,False,0,1,2
299,29893,99,292,5,2,0.33221477,Q25_50,False,0,1,3
299,69491,232,123,5,3,0.77852349,Q75_100,False,0,1,3
299,70897,237,34,5,3,0.79530201,Q75_100,False,0,1,2
299,34640,115,255,5,3,0.38590604,Q25_50,False,0,1,3
299,47570,159,29,5,3,0.53355705,Q50_75,False,0,1,2
299,80383,268,251,5,3,0.89932886,Q75_100,False,0,2,3
299,54025,180,205,5,3,0.60402685,Q50_75,False,0,1,3
299,74219,248,67,5,3,0.83221477,Q75_100,False,0,1,2
299,27339,91,130,5,2,0.30536913,Q25_50,False,0,2,3
299,51318,171,189,5,3,0.5738255,Q50_75,False,0,2,3
299,29688,99,87,5,2,0.33221477,Q25_50,False,0,1,2
299,81926,274,0,5,3,0.91946309,Q75_100,False,0,0,1
299,84583,282,265,5,3,0.94630872,Q75_100,False,0,1,3
299,60728,203,31,5,3,0.68120805,Q50_75,False,1,2,2
299,70804,236,240,5,3,0.79194631,Q75_100,False,0,1,3
299,63652,212,264,5,3,0.7114094,Q50_75,False,0,1,3
299,46818,156,174,5,3,0.52348993,Q50_75,False,0,2,3
299,40307,134,241,5,3,0.44966443,Q25_50,False,0,2,3
299,35862,119,281,5,3,0.39932886,Q25_50,False,1,3,3
299,48909,163,172,5,3,0.54697987,Q50_75,False,1,3,3
299,56,0,56,2,1,0.0,Q0_25,False,1,2,2
299,82327,275,102,5,3,0.92281879,Q75_100,False,0,2,3
299,3951,13,64,4,2,0.04362416,Q0_25,False,1,2,2
299,37916,126,242,5,3,0.42281879,Q25_50,False,0,1,3
299,82661,276,137,5,3,0.9261745,Q75_100,False,0,2,3
299,31483,105,88,5,3,0.35234899,Q25_50,False,0,0,2
299,31920,106,226,5,3,0.3557047,Q25_50,False,0,1,3
299,24509,81,290,5,2,0.27181208,Q25_50,False,0,1,3
299,72785,243,128,5,3,0.81543624,Q75_100,False,0,0,3
299,30329,101,130,5,3,0.33892617,Q25_50,False,0,2,3
299,32450,108,158,5,3,0.36241611,Q25_50,False,0,2,3
299,54721,183,4,5,3,0.61409396,Q50_75,False,0,0,1
299,51476,172,48,5,3,0.57718121,Q50_75,False,0,1,2
299,62582,209,91,5,3,0.70134228,Q50_75,False,1,2,2
299,15429,51,180,5,2,0.17114094,Q0_25,False,0,2,3
299,78649,263,12,5,3,0.88255034,Q75_100,False,0,1,2
299,60799,203,102,5,3,0.68120805,Q50_75,False,0,2,3
299,46601,155,256,5,3,0.52013423,Q50_75,False,0,1,3
299,11466,38,104,5,2,0.12751678,Q0_25,False,0,2,3
299,55834,186,220,5,3,0.62416107,Q50_75,False,0,2,3
299,70338,235,73,5,3,0.7885906,Q75_100,False,0,1,2
299,19387,64,251,5,2,0.2147651,Q0_25,False,1,3,3
299,79352,265,117,5,3,0.88926174,Q75_100,False,0,2,3
299,11031,36,267,5,2,0.12080537,Q0_25,False,0,1,3
299,41801,139,240,5,3,0.46644295,Q25_50,False,0,1,3
299,85734,286,220,5,3,0.95973154,Q75_100,False,0,2,3
299,19924,66,190,5,2,0.22147651,Q0_25,False,0,1,3
299,32727,109,136,5,3,0.36577181,Q25_50,False,0,1,3
299,59807,200,7,5,3,0.67114094,Q50_75,False,0,0,1
299,45377,151,228,5,3,0.50671141,Q50_75,False,0,2,3
299,3325,11,36,4,2,0.03691275,Q0_25,False,1,2,2
299,1364,4,168,4,1,0.01342282,Q0_25,False,1,3,3
299,7403,24,227,4,2,0.08053691,Q0_25,False,0,2,3
299,53884,180,64,5,3,0.60402685,Q50_75,False,0,1,2
299,22255,74,129,5,2,0.24832215,Q0_25,False,0,1,3
299,78863,263,226,5,3,0.88255034,Q75_100,False,0,2,3
299,17334,57,291,5,2,0.19127517,Q0_25,False,0,2,3
299,38790,129,219,5,3,0.43288591,Q25_50,False,0,0,3
299,70886,237,23,5,3,0.79530201,Q75_100,False,0,1,2
299,56980,190,170,5,3,0.63758389,Q50_75,False,0,2,3
299,64731,216,147,5,3,0.72483221,Q50_75,False,0,1,3
299,49277,164,241,5,3,0.55033557,Q50_75,False,0,2,3
299,18072,60,132,5,2,0.20134228,Q0_25,False,0,2,3
299,21660,72,132,5,2,0.24161074,Q0_25,False,0,2,3
299,49327,164,291,5,3,0.55033557,Q50_75,False,0,2,3
299,8546,28,174,4,2,0.09395973,Q0_25,False,0,2,3
299,77042,257,199,5,3,0.86241611,Q75_100,False,0,1,3
299,46674,156,30,5,3,0.52348993,Q50_75,False,0,0,2
299,2270,7,177,4,1,0.02348993,Q0_25,False,0,2,3
299,58757,196,153,5,3,0.65771812,Q50_75,False,0,2,3
299,7919,26,145,4,2,0.08724832,Q0_25,False,1,3,3
299,8814,29,143,4,2,0.09731544,Q0_25,False,0,2,3
299,71750,239,289,5,3,0.80201342,Q75_100,False,0,1,3
299,49996,167,63,5,3,0.56040268,Q50_75,False,0,1,2
299,45015,150,165,5,3,0.5033557,Q50_75,False,0,2,3
299,87422,292,114,5,3,0.97986577,Q75_100,False,0,2,3
299,43752,146,98,5,3,0.48993289,Q25_50,False,0,1,2
299,44998,150,148,5,3,0.5033557,Q50_75,False,0,2,3
299,33750,112,262,5,3,0.37583893,Q25_50,False,0,1,3
299,61795,206,201,5,3,0.69127517,Q50_75,False,0,1,3
299,75702,253,55,5,3,0.84899329,Q75_100,False,0,1,2
299,512,1,213,3,1,0.0033557,Q0_25,False,1,3,3
299,81895,273,268,5,3,0.91610738,Q75_100,False,0,1,3
299,7704,25,229,4,2,0.08389262,Q0_25,False,1,3,3
299,33665,112,177,5,3,0.37583893,Q25_50,False,0,2,3
299,87968,294,62,5,3,0.98657718,Q75_100,False,0,1,2
299,76588,256,44,5,3,0.8590604,Q75_100,False,0,1,2
299,45947,153,200,5,3,0.51342282,Q50_75,False,0,1,3
299,24014,80,94,5,2,0.26845638,Q25_50,False,0,1,2
299,10136,33,269,5,2,0.11073826,Q0_25,False,0,1,3
299,13331,44,175,5,2,0.14765101,Q0_25,False,0,2,3
299,24284,81,65,5,2,0.27181208,Q25_50,False,0,1,2
299,20504,68,172,5,2,0.22818792,Q0_25,False,0,2,3
299,15193,50,243,5,2,0.16778523,Q0_25,False,0,2,3
299,506,1,207,3,1,0.0033557,Q0_25,False,1,3,3
299,64368,215,83,5,3,0.72147651,Q50_75,False,0,1,2
299,18001,60,61,5,2,0.20134228,Q0_25,False,1,2,2
299,86400,288,288,5,3,0.96644295,Q75_100,False,0,1,3
299,30577,102,79,5,3,0.34228188,Q25_50,False,0,0,2
299,16263,54,117,5,2,0.18120805,Q0_25,False,0,2,3
299,56591,189,80,5,3,0.63422819,Q50_75,False,0,0,2
299,1918,6,124,4,1,0.02013423,Q0_25,False,0,2,3
299,55782,186,168,5,3,0.62416107,Q50_75,False,0,1,3
299,88813,297,10,5,3,0.9966443,Q75_100,False,0,1,2
299,63363,211,274,5,3,0.70805369,Q50_75,False,0,2,3
299,44797,149,246,5,3,0.5,Q50_75,False,0,1,3
299,31342,104,246,5,3,0.34899329,Q25_50,False,0,2,3
299,43448,145,93,5,3,0.48657718,Q25_50,False,0,1,2
299,47653,159,112,5,3,0.53355705,Q50_75,False,0,2,3
299,37556,125,181,5,3,0.41946309,Q25_50,False,0,2,3
299,21096,70,166,5,2,0.23489933,Q0_25,False,0,2,3
299,67743,226,169,5,3,0.75838926,Q75_100,False,0,2,3
299,7971,26,197,4,2,0.08724832,Q0_25,False,1,3,3
299,47948,160,108,5,3,0.53691275,Q50_75,False,0,2,3
299,25737,86,23,5,2,0.2885906,Q25_50,False,0,1,2
299,65247,218,65,5,3,0.73154362,Q50_75,False,0,1,2
299,2415,8,23,4,1,0.02684564,Q0_25,False,1,2,2
299,57966,193,259,5,3,0.64765101,Q50_75,False,0,1,3
299,80136,268,4,5,3,0.89932886,Q75_100,False,0,0,1
299,81591,272,263,5,3,0.91275168,Q75_100,False,0,1,3
299,56144,187,231,5,3,0.62751678,Q50_75,False,1,3,3
299,69120,231,51,5,3,0.77516779,Q75_100,False,1,2,2
299,76447,255,202,5,3,0.8557047,Q75_100,False,1,3,3
299,25076,83,259,5,2,0.27852349,Q25_50,False,0,1,3
299,61414,205,119,5,3,0.68791946,Q50_75,False,0,1,3
299,51177,171,48,5,3,0.5738255,Q50_75,False,0,1,2
299,24113,80,193,5,2,0.26845638,Q25_50,False,0,1,3
299,25117,84,1,5,2,0.28187919,Q25_50,False,1,1,1
299,74524,249,73,5,3,0.83557047,Q75_100,False,0,1,2
299,53994,180,174,5,3,0.60402685,Q50_75,False,0,1,3
299,27327,91,118,5,2,0.30536913,Q25_50,False,0,2,3
299,64769,216,185,5,3,0.72483221,Q50_75,False,0,1,3
299,29100,97,97,5,2,0.32550336,Q25_50,False,0,1,2
299,18237,60,297,5,2,0.20134228,Q0_25,False,0,1,3
299,67682,226,108,5,3,0.75838926,Q75_100,False,0,2,3
299,44519,148,267,5,3,0.4966443,Q25_50,False,0,2,3
299,77724,259,283,5,3,0.86912752,Q75_100,False,0,2,3
299,58481,195,176,5,3,0.65436242,Q50_75,False,0,2,3
299,4545,15,60,4,2,0.05033557,Q0_25,False,0,1,2
299,14187,47,134,5,2,0.15771812,Q0_25,False,0,1,3
299,8318,27,245,4,2,0.09060403,Q0_25,False,1,3,3
299,30916,103,119,5,3,0.34563758,Q25_50,False,0,1,3
299,55273,184,257,5,3,0.61744966,Q50_75,False,0,1,3
299,22501,75,76,5,2,0.25167785,Q25_50,False,0,1,2
299,22167,74,41,5,2,0.24832215,Q0_25,False,1,2,2
299,2379,7,286,4,1,0.02348993,Q0_25,False,0,2,3
299,76838,256,294,5,3,0.8590604,Q75_100,False,0,1,3
299,66986,224,10,5,3,0.75167785,Q75_100,False,0,0,2
299,2461,8,69,4,1,0.02684564,Q0_25,False,0,1,2
299,36362,121,183,5,3,0.40604027,Q25_50,False,0,1,3
299,10695,35,230,5,2,0.11744966,Q0_25,False,0,1,3
299,10032,33,165,5,2,0.11073826,Q0_25,False,0,2,3
299,16233,54,87,5,2,0.18120805,Q0_25,False,0,1,2
299,25242,84,126,5,2,0.28187919,Q25_50,False,0,2,3
299,46515,155,170,5,3,0.52013423,Q50_75,False,0,1,3
299,56864,190,54,5,3,0.63758389,Q50_75,False,0,1,2
299,81056,271,27,5,3,0.90939597,Q75_100,False,0,1,2
299,55546,185,231,5,3,0.62080537,Q50_75,False,0,2,3
299,34454,115,69,5,3,0.38590604,Q25_50,False,0,1,2
299,37637,125,262,5,3,0.41946309,Q25_50,False,0,2,3
299,86927,290,217,5,3,0.97315436,Q75_100,False,0,1,3
299,11340,37,277,5,2,0.12416107,Q0_25,False,0,1,3
299,49240,164,204,5,3,0.55033557,Q50_75,False,0,1,3
299,23395,78,73,5,2,0.26174497,Q25_50,False,0,1,2
299,78464,262,126,5,3,0.87919463,Q75_100,False,0,1,3
299,30852,103,55,5,3,0.34563758,Q25_50,False,0,1,2
299,14271,47,218,5,2,0.15771812,Q0_25,False,0,1,3
299,5570,18,188,4,2,0.06040268,Q0_25,False,1,3,3
299,7530,25,55,4,2,0.08389262,Q0_25,False,1,2,2
299,77713,259,272,5,3,0.86912752,Q75_100,False,0,2,3
299,22384,74,258,5,2,0.24832215,Q0_25,False,0,1,3
299,3865,12,277,4,2,0.04026846,Q0_25,False,1,3,3
299,82805,276,281,5,3,0.9261745,Q75_100,False,0,2,3
299,14256,47,203,5,2,0.15771812,Q0_25,False,0,1,3
299,30935,103,138,5,3,0.34563758,Q25_50,False,0,2,3
299,11107,37,44,5,2,0.12416107,Q0_25,False,0,1,2
299,17819,59,178,5,2,0.19798658,Q0_25,False,0,1,3
299,14557,48,205,5,2,0.16107383,Q0_25,False,0,1,3
299,45422,151,273,5,3,0.50671141,Q50_75,False,0,1,3
299,44219,147,266,5,3,0.49328859,Q25_50,False,0,2,3
299,14872,49,221,5,2,0.16442953,Q0_25,False,1,3,3
299,48756,163,19,5,3,0.54697987,Q50_75,False,0,1,2
299,58503,195,198,5,3,0.65436242,Q50_75,False,0,2,3
299,83550,279,129,5,3,0.93624161,Q75_100,False,0,1,3
299,12586,42,28,5,2,0.1409396,Q0_25,False,0,0,2
299,80694,269,263,5,3,0.90268456,Q75_100,False,0,2,3
299,9194,30,224,4,2,0.10067114,Q0_25,False,1,3,3
299,5349,17,266,4,2,0.05704698,Q0_25,False,1,3,3
299,38441,128,169,5,3,0.4295302,Q25_50,False,0,1,3
299,18858,63,21,5,2,0.2114094,Q0_25,False,0,1,2
299,88103,294,197,5,3,0.98657718,Q75_100,False,0,1,3
299,19581,65,146,5,2,0.21812081,Q0_25,False,0,2,3
299,86635,289,224,5,3,0.96979866,Q75_100,False,0,1,3
299,27466,91,257,5,2,0.30536913,Q25_50,False,0,1,3
299,84733,283,116,5,3,0.94966443,Q75_100,False,0,2,3
299,61475,205,180,5,3,0.68791946,Q50_75,False,0,2,3
299,75057,251,8,5,3,0.84228188,Q75_100,False,0,0,1
299,86520,289,109,5,3,0.96979866,Q75_100,False,0,2,3
299,78460,262,122,5,3,0.87919463,Q75_100,False,1,3,3
299,28432,95,27,5,2,0.31879195,Q25_50,False,0,1,2
299,68913,230,143,5,3,0.77181208,Q75_100,False,0,1,3
299,38739,129,168,5,3,0.43288591,Q25_50,False,0,2,3
299,49190,164,154,5,3,0.55033557,Q50_75,False,0,2,3
299,24525,82,7,5,2,0.27516779,Q25_50,False,0,0,1
299,75874,253,227,5,3,0.84899329,Q75_100,False,0,2,3
299,88919,297,116,5,3,0.9966443,Q75_100,False,0,1,3
299,77836,260,96,5,3,0.87248322,Q75_100,False,0,1,2
299,37746,126,72,5,3,0.42281879,Q25_50,False,0,1,2
299,63166,211,77,5,3,0.70805369,Q50_75,False,0,1,2
299,89140,298,38,5,3,1.0,Q75_100,False,0,1,2
299,13376,44,220,5,2,0.14765101,Q0_25,False,0,1,3
299,69016,230,246,5,3,0.77181208,Q75_100,False,0,2,3
299,66330,221,251,5,3,0.74161074,Q50_75,False,0,2,3
299,41834,139,273,5,3,0.46644295,Q25_50,False,0,1,3
299,40767,136,103,5,3,0.45637584,Q25_50,False,0,2,3
299,71516,239,55,5,3,0.80201342,Q75_100,False,0,1,2
299,73900,247,47,5,3,0.82885906,Q75_100,False,0,1,2
299,16676,55,231,5,2,0.18456376,Q0_25,False,0,2,3
299,57591,192,183,5,3,0.6442953,Q50_75,False,0,2,3
299,719,2,121,3,1,0.00671141,Q0_25,False,0,2,3
299,51551,172,123,5,3,0.57718121,Q50_75,False,0,2,3
299,15759,52,211,5,2,0.17449664,Q0_25,False,0,1,3
299,1736,5,241,4,1,0.01677852,Q0_25,False,1,3,3
299,12795,42,237,5,2,0.1409396,Q0_25,False,0,1,3
299,65257,218,75,5,3,0.73154362,Q50_75,False,0,1,2
299,74531,249,80,5,3,0.83557047,Q75_100,False,0,0,2
299,69560,232,192,5,3,0.77852349,Q75_100,False,1,3,3
299,80654,269,223,5,3,0.90268456,Q75_100,False,0,2,3
299,56152,187,239,5,3,0.62751678,Q50_75,False,0,2,3
299,44705,149,154,5,3,0.5,Q50_75,False,0,2,3
299,23251,77,228,5,2,0.25838926,Q25_50,False,0,2,3
299,42761,143,4,5,3,0.47986577,Q25_50,False,0,0,1
299,48588,162,150,5,3,0.54362416,Q50_75,False,0,2,3
299,44199,147,246,5,3,0.49328859,Q25_50,False,0,2,3
299,19164,64,28,5,2,0.2147651,Q0_25,False,0,1,2
299,14532,48,180,5,2,0.16107383,Q0_25,False,0,2,3
299,15303,51,54,5,2,0.17114094,Q0_25,False,0,1,2
299,54444,182,26,5,3,0.61073826,Q50_75,False,0,1,2
299,24807,82,289,5,2,0.27516779,Q25_50,False,0,1,3
299,19640,65,205,5,2,0.21812081,Q0_25,False,0,1,3
299,33137,110,247,5,3,0.36912752,Q25_50,False,0,2,3
299,18325,61,86,5,2,0.20469799,Q0_25,False,0,1,2
299,7957,26,183,4,2,0.08724832,Q0_25,False,1,3,3
299,45776,153,29,5,3,0.51342282,Q50_75,False,0,1,2
299,65112,217,229,5,3,0.72818792,Q50_75,False,0,1,3
299,81419,272,91,5,3,0.91275168,Q75_100,False,1,2,2
299,45029,150,179,5,3,0.5033557,Q50_75,False,0,2,3
299,43030,143,273,5,3,0.47986577,Q25_50,False,0,1,3
299,78908,263,271,5,3,0.88255034,Q75_100,False,0,1,3
299,11702,39,41,5,2,0.13087248,Q0_25,False,1,2,2
299,66012,220,232,5,3,0.73825503,Q50_75,False,0,2,3
299,47818,159,277,5,3,0.53355705,Q50_75,False,0,1,3
299,21313,71,84,5,2,0.23825503,Q0_25,False,0,1,2
299,31452,105,57,5,3,0.35234899,Q25_50,False,0,1,2
299,7527,25,52,4,2,0.08389262,Q0_25,False,1,2,2
299,62589,209,98,5,3,0.70134228,Q50_75,False,0,1,2
299,49417,165,82,5,3,0.55369128,Q50_75,False,0,0,2
299,19323,64,187,5,2,0.2147651,Q0_25,False,0,2,3
299,72770,243,113,5,3,0.81543624,Q75_100,False,0,1,3
299,66211,221,132,5,3,0.74161074,Q50_75,False,0,1,3
299,75267,251,218,5,3,0.84228188,Q75_100,False,0,1,3
299,70241,234,275,5,3,0.7852349,Q75_100,False,0,1,3
299,22187,74,61,5,2,0.24832215,Q0_25,False,1,2,2
299,1515,5,20,4,1,0.01677852,Q0_25,False,1,2,2
299,72924,243,267,5,3,0.81543624,Q75_100,False,0,1,3
299,10022,33,155,5,2,0.11073826,Q0_25,False,0,2,3
299,43452,145,97,5,3,0.48657718,Q25_50,False,0,1,2
299,36457,121,278,5,3,0.40604027,Q25_50,False,0,2,3
299,77466,259,25,5,3,0.86912752,Q75_100,False,0,1,2
299,76481,255,236,5,3,0.8557047,Q75_100,False,0,2,3
299,54579,182,161,5,3,0.61073826,Q50_75,False,0,2,3
299,28682,95,277,5,2,0.31879195,Q25_50,False,0,1,3
299,74426,248,274,5,3,0.83221477,Q75_100,False,0,1,3
299,10463,34,297,5,2,0.11409396,Q0_25,False,0,1,3
299,28739,96,35,5,2,0.32214765,Q25_50,False,0,1,2
299,14917,49,266,5,2,0.16442953,Q0_25,False,0,2,3
299,70575,236,11,5,3,0.79194631,Q75_100,False,0,1,2
299,12953,43,96,5,2,0.1442953,Q0_25,False,0,1,2
299,56224,188,12,5,3,0.63087248,Q50_75,False,0,1,2
299,3926,13,39,4,2,0.04362416,Q0_25,False,1,2,2
299,39861,133,94,5,3,0.44630872,Q25_50,False,0,1,2
299,635,2,37,3,1,0.00671141,Q0_25,False,1,2,2
299,78046,261,7,5,3,0.87583893,Q75_100,False,0,0,1
299,87088,291,79,5,3,0.97651007,Q75_100,False,0,1,2
299,48323,161,184,5,3,0.54026846,Q50_75,False,0,2,3
299,11445,38,83,5,2,0.12751678,Q0_25,False,0,1,2
299,32750,109,159,5,3,0.36577181,Q25_50,False,0,2,3
299,62795,210,5,5,3,0.70469799,Q50_75,False,0,0,1
299,13540,45,85,5,2,0.15100671,Q0_25,False,0,1,2
323,80206,248,102,5,3,0.77018634,Q75_100,False,0,1,3
323,86812,268,248,5,3,0.83229814,Q75_100,False,0,1,3
323,89507,277,36,5,3,0.86024845,Q75_100,False,0,0,2
323,67992,210,162,5,3,0.65217391,Q50_75,False,0,1,3
323,16345,50,195,5,2,0.1552795,Q0_25,False,0,1,3
323,14648,45,113,5,2,0.13975155,Q0_25,False,0,2,3
323,104300,322,294,6,3,1.0,Q75_100,True,0,1,3
323,60081,186,3,5,3,0.57763975,Q50_75,False,0,0,1
323,1339,4,47,4,1,0.01242236,Q0_25,False,0,0,2
323,87034,269,147,5,3,0.83540373,Q75_100,False,0,1,3
323,13088,40,168,5,2,0.1242236,Q0_25,False,0,1,3
323,39523,122,117,5,3,0.37888199,Q25_50,False,0,2,3
323,79750,246,292,5,3,0.76397516,Q75_100,False,0,1,3
323,7253,22,147,4,2,0.06832298,Q0_25,False,0,1,3
323,61077,189,30,5,3,0.58695652,Q50_75,False,0,0,2
323,13709,42,143,5,2,0.13043478,Q0_25,False,0,1,3
323,7677,23,248,4,2,0.07142857,Q0_25,False,0,2,3
323,92147,285,92,5,3,0.88509317,Q75_100,False,0,0,2
323,22773,70,163,5,2,0.2173913,Q0_25,False,0,1,3
323,97998,303,129,5,3,0.94099379,Q75_100,False,0,1,3
323,68998,213,199,5,3,0.66149068,Q50_75,False,0,1,3
323,64173,198,219,5,3,0.61490683,Q50_75,False,1,3,3
323,11663,36,35,5,2,0.11180124,Q0_25,False,0,0,2
323,19869,61,166,5,2,0.18944099,Q0_25,False,0,1,3
323,42511,131,198,5,3,0.4068323,Q25_50,False,0,1,3
323,29257,90,187,5,2,0.27950311,Q25_50,False,0,1,3
323,51274,158,240,5,3,0.49068323,Q25_50,False,0,1,3
323,39449,122,43,5,3,0.37888199,Q25_50,False,0,0,2
323,71380,220,320,5,3,0.68322981,Q50_75,False,0,1,3
323,41264,127,243,5,3,0.39440994,Q25_50,False,0,1,3
323,3509,10,279,4,2,0.0310559,Q0_25,False,0,2,3
323,31084,96,76,5,2,0.29813665,Q25_50,False,0,0,2
323,37773,116,305,5,3,0.36024845,Q25_50,False,0,1,3
323,98745,305,230,5,3,0.94720497,Q75_100,False,0,1,3
323,8482,26,84,4,2,0.08074534,Q0_25,False,0,1,2
323,25490,78,296,5,2,0.24223602,Q0_25,False,0,1,3
323,11194,34,212,5,2,0.10559006,Q0_25,False,0,2,3
323,49078,151,305,5,3,0.4689441,Q25_50,False,0,0,3
323,47119,145,284,5,3,0.45031056,Q25_50,False,0,1,3
323,92080,285,25,5,3,0.88509317,Q75_100,False,0,0,2
323,236,0,236,3,1,0.0,Q0_25,False,0,2,3
323,22019,68,55,5,2,0.21118012,Q0_25,False,0,0,2
323,44570,137,319,5,3,0.42546584,Q25_50,False,1,3,3
323,88631,274,129,5,3,0.85093168,Q75_100,False,0,2,3
323,87777,271,244,5,3,0.84161491,Q75_100,False,0,1,3
323,73639,227,318,5,3,0.70496894,Q50_75,False,0,2,3
323,46280,143,91,5,3,0.44409938,Q25_50,False,0,0,2
323,35436,109,229,5,3,0.33850932,Q25_50,False,0,2,3
323,2273,7,12,4,1,0.02173913,Q0_25,False,0,1,2
323,63131,195,146,5,3,0.60559006,Q50_75,False,0,1,3
323,19265,59,208,5,2,0.18322981,Q0_25,False,0,1,3
323,47372,146,214,5,3,0.45341615,Q25_50,False,0,2,3
323,100321,310,191,6,3,0.96273292,Q75_100,True,0,1,3
323,1149,3,180,4,1,0.00931677,Q0_25,False,0,1,3
323,72776,225,101,5,3,0.69875776,Q50_75,False,0,1,3
323,42855,132,219,5,3,0.40993789,Q25_50,False,0,2,3
323,9353,28,309,4,2,0.08695652,Q0_25,False,0,1,3
323,19193,59,136,5,2,0.18322981,Q0_25,False,0,1,3
323,1601,4,309,4,1,0.01242236,Q0_25,False,0,0,3
323,8471,26,73,4,2,0.08074534,Q0_25,False,0,0,2
323,73981,229,14,5,3,0.71118012,Q50_75,False,0,1,2
323,2352,7,91,4,1,0.02173913,Q0_25,False,0,1,2
323,25756,79,239,5,2,0.24534161,Q0_25,False,0,2,3
323,90139,279,22,5,3,0.86645963,Q75_100,False,0,0,2
323,81660,252,264,5,3,0.7826087,Q75_100,False,0,1,3
323,93276,288,252,5,3,0.89440994,Q75_100,False,0,1,3
323,1979,6,41,4,1,0.01863354,Q0_25,False,0,0,2
323,24594,76,46,5,2,0.23602484,Q0_25,False,0,0,2
323,34741,107,180,5,3,0.33229814,Q25_50,False,0,1,3
323,85641,265,46,5,3,0.82298137,Q75_100,False,0,0,2
323,59689,184,257,5,3,0.57142857,Q50_75,False,0,1,3
323,20911,64,239,5,2,0.19875776,Q0_25,False,0,2,3
323,46124,142,258,5,3,0.44099379,Q25_50,False,0,1,3
323,8183,25,108,4,2,0.07763975,Q0_25,False,0,1,3
323,39320,121,237,5,3,0.3757764,Q25_50,False,0,1,3
323,96770,299,193,5,3,0.92857143,Q75_100,False,0,0,3
323,89757,277,286,5,3,0.86024845,Q75_100,False,0,1,3
323,1612,4,320,4,1,0.01242236,Q0_25,False,0,1,3
323,82523,255,158,5,3,0.79192547,Q75_100,False,0,1,3
323,18196,56,108,5,2,0.17391304,Q0_25,False,0,0,3
323,57339,177,168,5,3,0.54968944,Q50_75,False,0,1,3
323,35914,111,61,5,3,0.3447205,Q25_50,False,0,0,2
323,6050,18,236,4,2,0.05590062,Q0_25,False,0,1,3
323,88053,272,197,5,3,0.8447205,Q75_100,False,0,1,3
323,95355,295,70,5,3,0.91614907,Q75_100,False,0,0,2
323,12892,39,295,5,2,0.12111801,Q0_25,False,0,1,3
323,14235,44,23,5,2,0.13664596,Q0_25,False,0,0,2
323,31747,98,93,5,2,0.30434783,Q25_50,False,0,0,2
323,57894,179,77,5,3,0.55590062,Q50_75,False,0,0,2
323,21778,67,137,5,2,0.20807453,Q0_25,False,0,1,3
323,70455,218,41,5,3,0.67701863,Q50_75,False,0,1,2
323,100837,312,61,6,3,0.9689441,Q75_100,True,0,0,2
323,42743,132,107,5,3,0.40993789,Q25_50,False,0,1,3
323,9874,30,184,4,2,0.0931677,Q0_25,False,0,1,3
323,76533,236,305,5,3,0.73291925,Q50_75,False,0,1,3
323,54646,169,59,5,3,0.52484472,Q50_75,False,0,1,2
323,83656,258,322,5,3,0.80124224,Q75_100,False,0,1,3
323,44136,136,208,5,3,0.42236025,Q25_50,False,0,1,3
323,71586,221,203,5,3,0.6863354,Q50_75,False,0,0,3
323,78143,241,300,5,3,0.7484472,Q50_75,False,0,0,3
323,8195,25,120,4,2,0.07763975,Q0_25,False,0,2,3
323,47871,148,67,5,3,0.45962733,Q25_50,False,0,0,2
323,27499,85,44,5,2,0.26397516,Q25_50,False,0,0,2
323,95918,296,310,5,3,0.91925466,Q75_100,False,0,2,3
323,92164,285,109,5,3,0.88509317,Q75_100,False,0,1,3
323,62949,194,287,5,3,0.60248447,Q50_75,False,0,1,3
323,22781,70,171,5,2,0.2173913,Q0_25,False,0,1,3
323,81451,252,55,5,3,0.7826087,Q75_100,False,0,0,2
323,79508,246,50,5,3,0.76397516,Q75_100,False,0,0,2
323,75530,233,271,5,3,0.72360248,Q50_75,False,0,1,3
323,59496,184,64,5,3,0.57142857,Q50_75,False,0,1,2
323,102947,318,233,6,3,0.98757764,Q75_100,True,0,1,3
323,101310,313,211,6,3,0.97204969,Q75_100,True,0,2,3
323,68157,211,4,5,3,0.6552795,Q50_75,False,0,0,1
323,46202,143,13,5,3,0.44409938,Q25_50,False,0,1,2
323,49700,153,281,5,3,0.47515528,Q25_50,False,0,2,3
323,70367,217,276,5,3,0.67391304,Q50_75,False,0,1,3
323,25087,77,216,5,2,0.23913043,Q0_25,False,0,2,3
323,35630,110,100,5,3,0.34161491,Q25_50,False,0,1,3
323,11266,34,284,5,2,0.10559006,Q0_25,False,0,1,3
323,77478,239,281,5,3,0.74223602,Q50_75,False,0,1,3
323,55745,172,189,5,3,0.53416149,Q50_75,False,0,1,3
323,18034,55,269,5,2,0.17080745,Q0_25,False,0,1,3
323,54581,168,317,5,3,0.52173913,Q50_75,False,0,2,3
323,70470,218,56,5,3,0.67701863,Q50_75,False,0,0,2
323,53143,164,171,5,3,0.50931677,Q50_75,False,0,1,3
323,78361,242,195,5,3,0.7515528,Q75_100,False,0,1,3
323,39196,121,113,5,3,0.3757764,Q25_50,False,0,2,3
323,37072,114,250,5,3,0.35403727,Q25_50,False,0,1,3
323,2762,8,178,4,1,0.02484472,Q0_25,False,0,1,3
323,24706,76,158,5,2,0.23602484,Q0_25,False,0,1,3
323,66909,207,48,5,3,0.64285714,Q50_75,False,0,0,2
323,13890,43,1,5,2,0.13354037,Q0_25,False,0,0,1
323,88132,272,276,5,3,0.8447205,Q75_100,False,0,1,3
323,61589,190,219,5,3,0.59006211,Q50_75,False,1,3,3
323,46995,145,160,5,3,0.45031056,Q25_50,False,0,1,3
323,54025,167,84,5,3,0.51863354,Q50_75,False,0,0,2
323,44080,136,152,5,3,0.42236025,Q25_50,False,0,1,3
323,77237,239,40,5,3,0.74223602,Q50_75,False,0,0,2
323,47524,147,43,5,3,0.45652174,Q25_50,False,0,0,2
323,54954,170,44,5,3,0.52795031,Q50_75,False,0,0,2
323,41326,127,305,5,3,0.39440994,Q25_50,False,0,1,3
323,78969,244,157,5,3,0.75776398,Q75_100,False,0,1,3
323,84663,262,37,5,3,0.8136646,Q75_100,False,0,0,2
323,99965,309,158,5,3,0.95962733,Q75_100,False,0,1,3
323,37599,116,131,5,3,0.36024845,Q25_50,False,0,1,3
323,95269,294,307,5,3,0.91304348,Q75_100,False,0,1,3
323,88661,274,159,5,3,0.85093168,Q75_100,False,0,1,3
323,52197,161,194,5,3,0.5,Q50_75,False,0,1,3
323,35957,111,104,5,3,0.3447205,Q25_50,False,0,1,3
323,46677,144,165,5,3,0.44720497,Q25_50,False,0,1,3
323,50774,157,63,5,3,0.48757764,Q25_50,False,0,0,2
323,8976,27,255,4,2,0.08385093,Q0_25,False,0,1,3
323,61565,190,195,5,3,0.59006211,Q50_75,False,0,1,3
323,21934,67,293,5,2,0.20807453,Q0_25,False,0,1,3
323,36191,112,15,5,3,0.34782609,Q25_50,False,0,1,2
323,24900,77,29,5,2,0.23913043,Q0_25,False,0,1,2
323,95381,295,96,5,3,0.91614907,Q75_100,False,0,0,2
323,91850,284,118,5,3,0.88198758,Q75_100,False,0,2,3
323,68764,212,288,5,3,0.65838509,Q50_75,False,0,1,3
323,83426,258,92,5,3,0.80124224,Q75_100,False,0,0,2
323,25400,78,206,5,2,0.24223602,Q0_25,False,0,1,3
323,25038,77,167,5,2,0.23913043,Q0_25,False,0,1,3
323,40214,124,162,5,3,0.38509317,Q25_50,False,0,1,3
323,63841,197,210,5,3,0.61180124,Q50_75,False,0,2,3
323,58813,182,27,5,3,0.56521739,Q50_75,False,0,0,2
323,70670,218,256,5,3,0.67701863,Q50_75,False,0,1,3
323,53053,164,81,5,3,0.50931677,Q50_75,False,0,0,2
323,74639,231,26,5,3,0.7173913,Q50_75,False,0,0,2
323,20279,62,253,5,2,0.19254658,Q0_25,False,0,1,3
323,85501,264,229,5,3,0.81987578,Q75_100,False,0,2,3
323,70803,219,66,5,3,0.68012422,Q50_75,False,0,0,2
323,72811,225,136,5,3,0.69875776,Q50_75,False,0,1,3
323,85737,265,142,5,3,0.82298137,Q75_100,False,0,1,3
323,10874,33,215,5,2,0.10248447,Q0_25,False,0,2,3
323,6398,19,261,4,2,0.05900621,Q0_25,False,0,1,3
323,57394,177,223,5,3,0.54968944,Q50_75,False,0,1,3
323,87838,271,305,5,3,0.84161491,Q75_100,False,0,1,3
323,101739,314,317,6,3,0.97515528,Q75_100,True,0,2,3
323,11426,35,121,5,2,0.10869565,Q0_25,False,0,1,3
323,40883,126,185,5,3,0.39130435,Q25_50,False,0,1,3
323,43990,136,62,5,3,0.42236025,Q25_50,False,0,0,2
323,74035,229,68,5,3,0.71118012,Q50_75,False,0,0,2
323,29847,92,131,5,2,0.28571429,Q25_50,False,0,1,3
323,77937,241,94,5,3,0.7484472,Q50_75,False,0,0,2
323,32055,99,78,5,2,0.30745342,Q25_50,False,0,0,2
323,69401,214,279,5,3,0.66459627,Q50_75,False,0,2,3
323,56701,175,176,5,3,0.54347826,Q50_75,False,0,1,3
323,91252,282,166,5,3,0.8757764,Q75_100,False,0,1,3
323,44741,138,167,5,3,0.42857143,Q25_50,False,0,1,3
323,30198,93,159,5,2,0.28881988,Q25_50,False,0,2,3
323,101911,315,166,6,3,0.97826087,Q75_100,True,0,1,3
323,46801,144,289,5,3,0.44720497,Q25_50,False,0,0,3
323,59725,184,293,5,3,0.57142857,Q50_75,False,0,1,3
323,19725,61,22,5,2,0.18944099,Q0_25,False,0,0,2
323,12548,38,274,5,2,0.11801242,Q0_25,False,0,1,3
323,71758,222,52,5,3,0.68944099,Q50_75,False,0,0,2
323,5464,16,296,4,2,0.04968944,Q0_25,False,0,2,3
323,11076,34,94,5,2,0.10559006,Q0_25,False,0,0,2
323,95711,296,103,5,3,0.91925466,Q75_100,False,0,1,3
323,48651,150,201,5,3,0.46583851,Q25_50,False,0,1,3
323,75491,233,232,5,3,0.72360248,Q50_75,False,0,1,3
323,79642,246,184,5,3,0.76397516,Q75_100,False,0,1,3
323,79989,247,208,5,3,0.76708075,Q75_100,False,0,1,3
323,39430,122,24,5,3,0.37888199,Q25_50,False,0,0,2
323,74703,231,90,5,3,0.7173913,Q50_75,False,0,0,2
323,18794,58,60,5,2,0.18012422,Q0_25,False,0,0,2
323,14375,44,163,5,2,0.13664596,Q0_25,False,0,1,3
323,23780,73,201,5,2,0.22670807,Q0_25,False,0,0,3
323,86050,266,132,5,3,0.82608696,Q75_100,False,0,1,3
323,34851,107,290,5,3,0.33229814,Q25_50,False,0,1,3
323,29925,92,209,5,2,0.28571429,Q25_50,False,0,1,3
323,64495,199,218,5,3,0.61801242,Q50_75,False,0,2,3
323,40872,126,174,5,3,0.39130435,Q25_50,False,0,1,3
323,15427,47,246,5,2,0.14596273,Q0_25,False,0,1,3
323,28022,86,244,5,2,0.26708075,Q25_50,False,0,1,3
323,20422,63,73,5,2,0.19565217,Q0_25,False,0,0,2
323,71212,220,152,5,3,0.68322981,Q50_75,False,0,1,3
323,55651,172,95,5,3,0.53416149,Q50_75,False,0,0,2
323,47203,146,45,5,3,0.45341615,Q25_50,False,0,0,2
323,75134,232,198,5,3,0.72049689,Q50_75,False,0,1,3
323,29332,90,262,5,2,0.27950311,Q25_50,False,0,1,3
323,72743,225,68,5,3,0.69875776,Q50_75,False,0,0,2
323,33703,104,111,5,3,0.32298137,Q25_50,False,0,2,3
323,22205,68,241,5,2,0.21118012,Q0_25,False,0,1,3
323,16617,51,144,5,2,0.15838509,Q0_25,False,0,1,3
323,88878,275,53,5,3,0.85403727,Q75_100,False,0,0,2
323,102164,316,96,6,3,0.98136646,Q75_100,True,0,0,2
323,64423,199,146,5,3,0.61801242,Q50_75,False,0,1,3
323,100775,311,322,6,3,0.96583851,Q75_100,True,0,0,3
323,5821,18,7,4,2,0.05590062,Q0_25,False,1,1,1
323,5687,17,196,4,2,0.05279503,Q0_25,False,0,2,3
323,50120,155,55,5,3,0.48136646,Q25_50,False,0,0,2
323,23304,72,48,5,2,0.22360248,Q0_25,False,0,0,2
323,13123,40,203,5,2,0.1242236,Q0_25,False,0,0,3
323,62585,193,246,5,3,0.59937888,Q50_75,False,0,1,3
323,44249,136,321,5,3,0.42236025,Q25_50,False,0,1,3
323,86993,269,106,5,3,0.83540373,Q75_100,False,0,1,3
323,28604,88,180,5,2,0.27329193,Q25_50,False,0,1,3
323,52932,163,283,5,3,0.50621118,Q50_75,False,0,1,3
323,22270,68,306,5,2,0.21118012,Q0_25,False,0,0,3
323,17133,53,14,5,2,0.16459627,Q0_25,False,1,2,2
323,74229,229,262,5,3,0.71118012,Q50_75,False,0,1,3
323,2587,8,3,4,1,0.02484472,Q0_25,False,0,0,1
323,70322,217,231,5,3,0.67391304,Q50_75,False,0,2,3
323,61089,189,42,5,3,0.58695652,Q50_75,False,0,0,2
323,44531,137,280,5,3,0.42546584,Q25_50,False,0,1,3
323,19002,58,268,5,2,0.18012422,Q0_25,False,0,1,3
323,73684,228,40,5,3,0.70807453,Q50_75,False,0,0,2
323,61096,189,49,5,3,0.58695652,Q50_75,False,0,1,2
323,3223,9,316,4,1,0.02795031,Q0_25,False,0,0,3
323,96703,299,126,5,3,0.92857143,Q75_100,False,0,1,3
323,61378,190,8,5,3,0.59006211,Q50_75,False,0,0,1
323,98061,303,192,5,3,0.94099379,Q75_100,False,0,1,3
323,80754,250,4,5,3,0.77639752,Q75_100,False,0,0,1
323,65873,203,304,5,3,0.63043478,Q50_75,False,0,1,3
323,58749,181,286,5,3,0.5621118,Q50_75,False,0,1,3
323,21558,66,240,5,2,0.20496894,Q0_25,False,0,1,3
323,21852,67,211,5,2,0.20807453,Q0_25,False,0,2,3
323,56466,174,264,5,3,0.54037267,Q50_75,False,0,1,3
323,96281,298,27,5,3,0.92546584,Q75_100,False,0,0,2
323,47005,145,170,5,3,0.45031056,Q25_50,False,0,1,3
323,6481,20,21,4,2,0.0621118,Q0_25,False,0,1,2
323,97035,300,135,5,3,0.93167702,Q75_100,False,0,1,3
323,67528,209,21,5,3,0.64906832,Q50_75,False,0,0,2
323,70727,218,313,5,3,0.67701863,Q50_75,False,0,2,3
323,81459,252,63,5,3,0.7826087,Q75_100,False,0,0,2
323,55759,172,203,5,3,0.53416149,Q50_75,False,0,1,3
323,27078,83,269,5,2,0.25776398,Q25_50,False,0,2,3
323,45894,142,28,5,3,0.44099379,Q25_50,False,0,0,2
323,15340,47,159,5,2,0.14596273,Q0_25,False,0,2,3
323,1861,5,246,4,1,0.01552795,Q0_25,False,0,2,3
323,56152,173,273,5,3,0.53726708,Q50_75,False,0,1,3
323,73409,227,88,5,3,0.70496894,Q50_75,False,0,0,2
323,90557,280,117,5,3,0.86956522,Q75_100,False,0,2,3
323,62066,192,50,5,3,0.59627329,Q50_75,False,0,0,2
323,72254,223,225,5,3,0.69254658,Q50_75,False,0,1,3
323,45835,141,292,5,3,0.4378882,Q25_50,False,0,1,3
323,76902,238,28,5,3,0.73913043,Q50_75,False,0,0,2
323,32301,100,1,5,3,0.31055901,Q25_50,False,0,0,1
323,15743,48,239,5,2,0.14906832,Q0_25,False,0,2,3
323,19898,61,195,5,2,0.18944099,Q0_25,False,0,1,3
323,83919,259,262,5,3,0.80434783,Q75_100,False,0,1,3
323,63720,197,89,5,3,0.61180124,Q50_75,False,0,1,2
323,67499,208,315,5,3,0.64596273,Q50_75,False,0,2,3
323,82487,255,122,5,3,0.79192547,Q75_100,False,0,1,3
323,92424,286,46,5,3,0.88819876,Q75_100,False,0,0,2
323,50409,156,21,5,3,0.48447205,Q25_50,False,0,0,2
323,3561,11,8,4,2,0.03416149,Q0_25,False,0,0,1
323,72095,223,66,5,3,0.69254658,Q50_75,False,0,0,2
323,90982,281,219,5,3,0.87267081,Q75_100,False,0,2,3
323,68448,211,295,5,3,0.6552795,Q50_75,False,0,1,3
323,18005,55,240,5,2,0.17080745,Q0_25,False,0,1,3
323,95160,294,198,5,3,0.91304348,Q75_100,False,0,1,3
323,50913,157,202,5,3,0.48757764,Q25_50,False,0,1,3
323,11599,35,294,5,2,0.10869565,Q0_25,False,0,2,3
323,19000,58,266,5,2,0.18012422,Q0_25,False,0,1,3
323,1054,3,85,4,1,0.00931677,Q0_25,False,0,1,2
323,54064,167,123,5,3,0.51863354,Q50_75,False,0,1,3
323,5106,15,261,4,2,0.04658385,Q0_25,False,0,2,3
323,121,0,121,3,1,0.0,Q0_25,False,0,1,3
323,20498,63,149,5,2,0.19565217,Q0_25,False,0,2,3
323,59114,183,5,5,3,0.56832298,Q50_75,False,0,0,1
323,4875,15,30,4,2,0.04658385,Q0_25,False,0,1,2
323,101710,314,288,6,3,0.97515528,Q75_100,True,0,0,3
323,89970,278,176,5,3,0.86335404,Q75_100,False,0,1,3
323,65723,203,154,5,3,0.63043478,Q50_75,False,0,1,3
323,9222,28,178,4,2,0.08695652,Q0_25,False,0,2,3
323,84,0,84,2,1,0.0,Q0_25,False,0,1,2
323,49717,153,298,5,3,0.47515528,Q25_50,False,0,0,3
323,63530,196,222,5,3,0.60869565,Q50_75,False,0,1,3
323,14962,46,104,5,2,0.14285714,Q0_25,False,0,1,3
323,86938,269,51,5,3,0.83540373,Q75_100,False,0,0,2
323,95589,295,304,5,3,0.91614907,Q75_100,False,0,1,3
323,10738,33,79,5,2,0.10248447,Q0_25,False,0,0,2
323,3073,9,166,4,1,0.02795031,Q0_25,False,0,0,3
323,45891,142,25,5,3,0.44099379,Q25_50,False,0,0,2
323,32662,101,39,5,3,0.3136646,Q25_50,False,0,1,2
323,101589,314,167,6,3,0.97515528,Q75_100,True,0,1,3
323,102581,317,190,6,3,0.98447205,Q75_100,True,0,0,3
323,64399,199,122,5,3,0.61801242,Q50_75,False,0,1,3
323,13663,42,97,5,2,0.13043478,Q0_25,False,0,0,2
323,4635,14,113,4,2,0.04347826,Q0_25,False,1,3,3
323,80770,250,20,5,3,0.77639752,Q75_100,False,0,0,2
323,9705,30,15,4,2,0.0931677,Q0_25,False,0,0,2
323,48004,148,200,5,3,0.45962733,Q25_50,False,0,0,3
323,41117,127,96,5,3,0.39440994,Q25_50,False,0,0,2
323,32305,100,5,5,3,0.31055901,Q25_50,False,0,0,1
323,73492,227,171,5,3,0.70496894,Q50_75,False,0,1,3
323,50302,155,237,5,3,0.48136646,Q25_50,False,0,1,3
323,33886,104,294,5,3,0.32298137,Q25_50,False,0,1,3
323,54082,167,141,5,3,0.51863354,Q50_75,False,0,1,3
323,94714,293,75,5,3,0.90993789,Q75_100,False,0,0,2
323,84637,262,11,5,3,0.8136646,Q75_100,False,0,1,2
323,62804,194,142,5,3,0.60248447,Q50_75,False,0,1,3
323,74658,231,45,5,3,0.7173913,Q50_75,False,0,0,2
323,28553,88,129,5,2,0.27329193,Q25_50,False,0,2,3
323,12660,39,63,5,2,0.12111801,Q0_25,False,0,0,2
323,12522,38,248,5,2,0.11801242,Q0_25,False,0,1,3
323,46357,143,168,5,3,0.44409938,Q25_50,False,0,1,3
323,92225,285,170,5,3,0.88509317,Q75_100,False,0,1,3
323,71321,220,261,5,3,0.68322981,Q50_75,False,0,2,3
323,66582,206,44,5,3,0.63975155,Q50_75,False,0,0,2
323,59381,183,272,5,3,0.56832298,Q50_75,False,0,1,3
323,28062,86,284,5,2,0.26708075,Q25_50,False,0,1,3
323,65316,202,70,5,3,0.62732919,Q50_75,False,0,0,2
323,86421,267,180,5,3,0.82919255,Q75_100,False,0,1,3
323,98825,305,310,5,3,0.94720497,Q75_100,False,0,2,3
323,57682,178,188,5,3,0.55279503,Q50_75,False,0,1,3
323,41363,128,19,5,3,0.39751553,Q25_50,False,1,2,2
323,21035,65,40,5,2,0.20186335,Q0_25,False,0,0,2
323,75585,234,3,5,3,0.72670807,Q50_75,False,0,0,1
323,9633,29,266,4,2,0.09006211,Q0_25,False,0,2,3
323,73845,228,201,5,3,0.70807453,Q50_75,False,0,0,3
323,66872,207,11,5,3,0.64285714,Q50_75,False,0,1,2
323,11976,37,25,5,2,0.11490683,Q0_25,False,0,0,2
323,76790,237,239,5,3,0.73602484,Q50_75,False,0,1,3
323,59000,182,214,5,3,0.56521739,Q50_75,False,0,2,3
323,21921,67,280,5,2,0.20807453,Q0_25,False,0,1,3
323,69095,213,296,5,3,0.66149068,Q50_75,False,0,1,3
323,15917,49,90,5,2,0.15217391,Q0_25,False,0,0,2
323,24144,74,242,5,2,0.22981366,Q0_25,False,0,1,3
323,102317,316,249,6,3,0.98136646,Q75_100,True,0,1,3
323,17889,55,124,5,2,0.17080745,Q0_25,False,0,1,3
323,37029,114,207,5,3,0.35403727,Q25_50,False,0,1,3
323,6260,19,123,4,2,0.05900621,Q0_25,False,0,2,3
323,22347,69,60,5,2,0.21428571,Q0_25,False,0,0,2
323,26978,83,169,5,2,0.25776398,Q25_50,False,0,2,3
323,74896,231,283,5,3,0.7173913,Q50_75,False,0,1,3
323,59105,182,319,5,3,0.56521739,Q50_75,False,1,3,3
323,81228,251,155,5,3,0.77950311,Q75_100,False,0,1,3
323,20551,63,202,5,2,0.19565217,Q0_25,False,0,0,3
323,32721,101,98,5,3,0.3136646,Q25_50,False,0,0,2
323,59132,183,23,5,3,0.56832298,Q50_75,False,0,0,2
323,73972,229,5,5,3,0.71118012,Q50_75,False,0,0,1
323,57557,178,63,5,3,0.55279503,Q50_75,False,0,0,2
323,88539,274,37,5,3,0.85093168,Q75_100,False,0,0,2
323,80027,247,246,5,3,0.76708075,Q75_100,False,0,1,3
323,68203,211,50,5,3,0.6552795,Q50_75,False,0,0,2
323,38496,119,59,5,3,0.36956522,Q25_50,False,0,1,2
323,55310,171,77,5,3,0.5310559,Q50_75,False,0,0,2
323,1170,3,201,4,1,0.00931677,Q0_25,False,0,1,3
323,28542,88,118,5,2,0.27329193,Q25_50,False,0,2,3
323,8997,27,276,4,2,0.08385093,Q0_25,False,0,1,3
323,67130,207,269,5,3,0.64285714,Q50_75,False,0,2,3
323,78489,243,0,5,3,0.75465839,Q75_100,False,0,0,1
323,23656,73,77,5,2,0.22670807,Q0_25,False,0,0,2
323,99643,308,159,5,3,0.95652174,Q75_100,False,0,1,3
323,33548,103,279,5,3,0.31987578,Q25_50,False,0,2,3
323,73096,226,98,5,3,0.70186335,Q50_75,False,0,0,2
323,101728,314,306,6,3,0.97515528,Q75_100,True,0,1,3
323,30325,93,286,5,2,0.28881988,Q25_50,False,0,1,3
323,17527,54,85,5,2,0.16770186,Q0_25,False,0,0,2
323,18573,57,162,5,2,0.17701863,Q0_25,False,0,1,3
323,88479,273,300,5,3,0.84782609,Q75_100,False,0,1,3
323,97820,302,274,5,3,0.9378882,Q75_100,False,0,1,3
323,102631,317,240,6,3,0.98447205,Q75_100,True,0,1,3
323,59071,182,285,5,3,0.56521739,Q50_75,False,0,1,3
323,6203,19,66,4,2,0.05900621,Q0_25,False,0,0,2
323,88048,272,192,5,3,0.8447205,Q75_100,False,0,1,3
323,71282,220,222,5,3,0.68322981,Q50_75,False,0,1,3
323,84630,262,4,5,3,0.8136646,Q75_100,False,0,0,1
323,9589,29,222,4,2,0.09006211,Q0_25,False,0,1,3
323,41024,127,3,5,3,0.39440994,Q25_50,False,0,0,1
323,83024,257,13,5,3,0.79813665,Q75_100,False,0,1,2
323,90834,281,71,5,3,0.87267081,Q75_100,False,0,0,2
323,1543,4,251,4,1,0.01242236,Q0_25,False,0,2,3
323,44412,137,161,5,3,0.42546584,Q25_50,False,0,1,3
323,35578,110,48,5,3,0.34161491,Q25_50,False,0,0,2
323,50232,155,167,5,3,0.48136646,Q25_50,False,0,1,3
323,41613,128,269,5,3,0.39751553,Q25_50,False,0,2,3
323,67352,208,168,5,3,0.64596273,Q50_75,False,0,1,3
323,1644,5,29,4,1,0.01552795,Q0_25,False,0,1,2
323,73996,229,29,5,3,0.71118012,Q50_75,False,0,0,2
323,85469,264,197,5,3,0.81987578,Q75_100,False,0,0,3
323,48903,151,130,5,3,0.4689441,Q25_50,False,0,1,3
323,14674,45,139,5,2,0.13975155,Q0_25,False,0,2,3
323,71318,220,258,5,3,0.68322981,Q50_75,False,0,1,3
323,31534,97,203,5,2,0.30124224,Q25_50,False,0,1,3
323,13847,42,281,5,2,0.13043478,Q0_25,False,0,1,3
323,98673,305,158,5,3,0.94720497,Q75_100,False,0,1,3
323,22977,71,44,5,2,0.22049689,Q0_25,False,0,0,2
323,11779,36,151,5,2,0.11180124,Q0_25,False,0,1,3
323,31325,96,317,5,2,0.29813665,Q25_50,False,0,2,3
323,88659,274,157,5,3,0.85093168,Q75_100,False,0,1,3
323,76330,236,102,5,3,0.73291925,Q50_75,False,0,1,3
323,69094,213,295,5,3,0.66149068,Q50_75,False,0,1,3
323,12641,39,44,5,2,0.12111801,Q0_25,False,0,0,2
323,22174,68,210,5,2,0.21118012,Q0_25,False,0,2,3
323,69719,215,274,5,3,0.66770186,Q50_75,False,0,1,3
323,29226,90,156,5,2,0.27950311,Q25_50,False,0,1,3
323,82994,256,306,5,3,0.79503106,Q75_100,False,0,1,3
323,71864,222,158,5,3,0.68944099,Q50_75,False,0,1,3
323,87796,271,263,5,3,0.84161491,Q75_100,False,0,1,3
323,79493,246,35,5,3,0.76397516,Q75_100,False,0,0,2
323,100347,310,217,6,3,0.96273292,Q75_100,True,0,2,3
323,81559,252,163,5,3,0.7826087,Q75_100,False,0,1,3
323,26077,80,237,5,2,0.2484472,Q0_25,False,0,1,3
323,42101,130,111,5,3,0.40372671,Q25_50,False,0,2,3
323,27949,86,171,5,2,0.26708075,Q25_50,False,0,1,3
323,39988,123,259,5,3,0.38198758,Q25_50,False,0,2,3
323,48253,149,126,5,3,0.46273292,Q25_50,False,0,1,3
323,14653,45,118,5,2,0.13975155,Q0_25,False,0,2,3
323,52892,163,243,5,3,0.50621118,Q50_75,False,0,1,3
323,83567,258,233,5,3,0.80124224,Q75_100,False,0,1,3
323,11312,35,7,5,2,0.10869565,Q0_25,False,0,0,1
323,41785,129,118,5,3,0.40062112,Q25_50,False,0,2,3
323,39544,122,138,5,3,0.37888199,Q25_50,False,0,1,3
323,82578,255,213,5,3,0.79192547,Q75_100,False,0,2,3
323,61388,190,18,5,3,0.59006211,Q50_75,False,0,1,2
323,78496,243,7,5,3,0.75465839,Q75_100,False,0,0,1
323,3382,10,152,4,2,0.0310559,Q0_25,False,0,0,3
323,32345,100,45,5,3,0.31055901,Q25_50,False,0,0,2
323,59300,183,191,5,3,0.56832298,Q50_75,False,0,1,3
323,19992,61,289,5,2,0.18944099,Q0_25,False,0,1,3
323,65705,203,136,5,3,0.63043478,Q50_75,False,0,1,3
323,51557,159,200,5,3,0.49378882,Q25_50,False,0,1,3
323,19556,60,176,5,2,0.1863354,Q0_25,False,0,1,3
323,30450,94,88,5,2,0.29192547,Q25_50,False,0,0,2
323,69123,214,1,5,3,0.66459627,Q50_75,False,1,1,1
323,21355,66,37,5,2,0.20496894,Q0_25,False,0,0,2
323,31016,96,8,5,2,0.29813665,Q25_50,False,0,0,1
323,53034,164,62,5,3,0.50931677,Q50_75,False,0,0,2
323,29867,92,151,5,2,0.28571429,Q25_50,False,0,1,3
323,37430,115,285,5,3,0.35714286,Q25_50,False,0,1,3
323,72115,223,86,5,3,0.69254658,Q50_75,False,0,0,2
323,39083,121,0,5,3,0.3757764,Q25_50,False,0,0,1
323,88687,274,185,5,3,0.85093168,Q75_100,False,0,1,3
323,50705,156,317,5,3,0.48447205,Q25_50,False,0,2,3
323,66297,205,82,5,3,0.63664596,Q50_75,False,0,0,2
323,406,1,83,3,1,0.00310559,Q0_25,False,0,0,2
323,17369,53,250,5,2,0.16459627,Q0_25,False,0,1,3
323,102625,317,234,6,3,0.98447205,Q75_100,True,0,1,3
323,90968,281,205,5,3,0.87267081,Q75_100,False,0,1,3
323,16656,51,183,5,2,0.15838509,Q0_25,False,0,1,3
323,76917,238,43,5,3,0.73913043,Q50_75,False,0,0,2
323,98247,304,55,5,3,0.94409938,Q75_100,False,0,0,2
323,66546,206,8,5,3,0.63975155,Q50_75,False,0,0,1
323,39270,121,187,5,3,0.3757764,Q25_50,False,0,1,3
323,93988,290,318,5,3,0.90062112,Q75_100,False,0,2,3
323,81314,251,241,5,3,0.77950311,Q75_100,False,0,2,3
323,51879,160,199,5,3,0.49689441,Q25_50,False,0,1,3
323,44731,138,157,5,3,0.42857143,Q25_50,False,0,1,3
323,50110,155,45,5,3,0.48136646,Q25_50,False,0,0,2
323,83124,257,113,5,3,0.79813665,Q75_100,False,0,2,3
323,38149,118,35,5,3,0.36645963,Q25_50,False,0,0,2
323,89356,276,208,5,3,0.85714286,Q75_100,False,0,1,3
323,61210,189,163,5,3,0.58695652,Q50_75,False,0,1,3
323,56215,174,13,5,3,0.54037267,Q50_75,False,0,1,2
323,22078,68,114,5,2,0.21118012,Q0_25,False,0,2,3
323,33623,104,31,5,3,0.32298137,Q25_50,False,0,0,2
323,11566,35,261,5,2,0.10869565,Q0_25,False,0,2,3
323,8660,26,262,4,2,0.08074534,Q0_25,False,0,2,3
323,57630,178,136,5,3,0.55279503,Q50_75,False,0,1,3
323,7591,23,162,4,2,0.07142857,Q0_25,False,0,2,3
323,33803,104,211,5,3,0.32298137,Q25_50,False,0,2,3
323,67067,207,206,5,3,0.64285714,Q50_75,False,0,1,3
323,22648,70,38,5,2,0.2173913,Q0_25,False,0,0,2
323,47432,146,274,5,3,0.45341615,Q25_50,False,0,1,3
323,28047,86,269,5,2,0.26708075,Q25_50,False,0,2,3
323,79807,247,26,5,3,0.76708075,Q75_100,False,0,0,2
323,62855,194,193,5,3,0.60248447,Q50_75,False,0,1,3
323,52347,162,21,5,3,0.50310559,Q50_75,False,0,0,2
323,18661,57,250,5,2,0.17701863,Q0_25,False,0,1,3
323,19969,61,266,5,2,0.18944099,Q0_25,False,0,1,3
323,77580,240,60,5,3,0.74534161,Q50_75,False,0,0,2
323,30280,93,241,5,2,0.28881988,Q25_50,False,0,1,3
323,4674,14,152,4,2,0.04347826,Q0_25,False,0,2,3
323,60244,186,166,5,3,0.57763975,Q50_75,False,0,1,3
323,84349,261,46,5,3,0.81055901,Q75_100,False,0,0,2
323,6247,19,110,4,2,0.05900621,Q0_25,False,0,1,3
323,17311,53,192,5,2,0.16459627,Q0_25,False,0,1,3
323,4444,13,245,4,2,0.04037267,Q0_25,False,0,1,3
323,79021,244,209,5,3,0.75776398,Q75_100,False,0,1,3
323,2929,9,22,4,1,0.02795031,Q0_25,False,0,1,2
323,19469,60,89,5,2,0.1863354,Q0_25,False,0,0,2
323,43095,133,136,5,3,0.41304348,Q25_50,False,0,1,3
323,92238,285,183,5,3,0.88509317,Q75_100,False,0,1,3
323,48521,150,71,5,3,0.46583851,Q25_50,False,0,1,2
323,98029,303,160,5,3,0.94099379,Q75_100,False,0,1,3
323,67339,208,155,5,3,0.64596273,Q50_75,False,0,1,3
323,55568,172,12,5,3,0.53416149,Q50_75,False,0,1,2
323,103407,320,47,6,3,0.99378882,Q75_100,True,0,0,2
323,64315,199,38,5,3,0.61801242,Q50_75,False,0,0,2
323,23380,72,124,5,2,0.22360248,Q0_25,False,0,1,3
323,103457,320,97,6,3,0.99378882,Q75_100,True,0,0,2
323,11929,36,301,5,2,0.11180124,Q0_25,False,0,1,3
323,4117,12,241,4,2,0.03726708,Q0_25,False,0,1,3
323,101895,315,150,6,3,0.97826087,Q75_100,True,0,1,3
323,10859,33,200,5,2,0.10248447,Q0_25,False,0,1,3
323,75508,233,249,5,3,0.72360248,Q50_75,False,0,1,3
323,16390,50,240,5,2,0.1552795,Q0_25,False,0,1,3
323,59262,183,153,5,3,0.56832298,Q50_75,False,0,1,3
323,15053,46,195,5,2,0.14285714,Q0_25,False,0,1,3
323,58298,180,158,5,3,0.55900621,Q50_75,False,0,1,3
323,61325,189,278,5,3,0.58695652,Q50_75,False,0,1,3
323,35952,111,99,5,3,0.3447205,Q25_50,False,0,1,2
323,33342,103,73,5,3,0.31987578,Q25_50,False,0,0,2
323,71439,221,56,5,3,0.6863354,Q50_75,False,0,0,2
323,81553,252,157,5,3,0.7826087,Q75_100,False,0,1,3
323,86061,266,143,5,3,0.82608696,Q75_100,False,0,1,3
323,27252,84,120,5,2,0.26086957,Q25_50,False,0,1,3
323,87820,271,287,5,3,0.84161491,Q75_100,False,0,0,3
323,37552,116,84,5,3,0.36024845,Q25_50,False,0,0,2
323,67281,208,97,5,3,0.64596273,Q50_75,False,0,0,2
323,77631,240,111,5,3,0.74534161,Q50_75,False,0,2,3
323,82343,254,301,5,3,0.78881988,Q75_100,False,0,0,3
323,6252,19,115,4,2,0.05900621,Q0_25,False,0,2,3
323,10730,33,71,5,2,0.10248447,Q0_25,False,0,0,2
323,90686,280,246,5,3,0.86956522,Q75_100,False,0,1,3
323,1130,3,161,4,1,0.00931677,Q0_25,False,0,1,3
323,72984,225,309,5,3,0.69875776,Q50_75,False,0,2,3
323,1088,3,119,4,1,0.00931677,Q0_25,False,1,3,3
323,43468,134,186,5,3,0.41614907,Q25_50,False,0,1,3
323,5441,16,273,4,2,0.04968944,Q0_25,False,0,1,3
323,88206,273,27,5,3,0.84782609,Q75_100,False,0,0,2
323,28559,88,135,5,2,0.27329193,Q25_50,False,0,1,3
323,58035,179,218,5,3,0.55590062,Q50_75,False,0,2,3
323,36698,113,199,5,3,0.35093168,Q25_50,False,0,2,3
323,99849,309,42,5,3,0.95962733,Q75_100,False,0,0,2
323,81178,251,105,5,3,0.77950311,Q75_100,False,0,1,3
323,55090,170,180,5,3,0.52795031,Q50_75,False,0,1,3
323,21945,67,304,5,2,0.20807453,Q0_25,False,0,0,3
323,63620,196,312,5,3,0.60869565,Q50_75,False,0,2,3
323,65416,202,170,5,3,0.62732919,Q50_75,False,0,1,3
323,5580,17,89,4,2,0.05279503,Q0_25,False,0,1,2
323,48836,151,63,5,3,0.4689441,Q25_50,False,0,0,2
323,100938,312,162,6,3,0.9689441,Q75_100,True,0,1,3
323,36219,112,43,5,3,0.34782609,Q25_50,False,0,0,2
323,33358,103,89,5,3,0.31987578,Q25_50,False,0,1,2
323,78909,244,97,5,3,0.75776398,Q75_100,False,0,0,2
323,62303,192,287,5,3,0.59627329,Q50_75,False,0,1,3
323,102395,317,4,6,3,0.98447205,Q75_100,True,0,0,1
323,68080,210,250,5,3,0.65217391,Q50_75,False,0,1,3
323,104315,322,309,6,3,1.0,Q75_100,True,0,1,3
323,63184,195,199,5,3,0.60559006,Q50_75,False,0,1,3
323,57246,177,75,5,3,0.54968944,Q50_75,False,0,0,2
323,57567,178,73,5,3,0.55279503,Q50_75,False,0,0,2
323,102195,316,127,6,3,0.98136646,Q75_100,True,0,1,3
323,26746,82,260,5,2,0.25465839,Q25_50,False,0,1,3
323,28210,87,109,5,2,0.27018634,Q25_50,False,0,2,3
323,70113,217,22,5,3,0.67391304,Q50_75,False,0,0,2
323,31361,97,30,5,2,0.30124224,Q25_50,False,0,0,2
323,69192,214,70,5,3,0.66459627,Q50_75,False,0,0,2
323,51199,158,165,5,3,0.49068323,Q25_50,False,0,1,3
323,15418,47,237,5,2,0.14596273,Q0_25,False,0,1,3
323,63817,197,186,5,3,0.61180124,Q50_75,False,0,1,3
323,65499,202,253,5,3,0.62732919,Q50_75,False,0,1,3
323,12474,38,200,5,2,0.11801242,Q0_25,False,0,0,3
323,74939,232,3,5,3,0.72049689,Q50_75,False,0,0,1
323,41951,129,284,5,3,0.40062112,Q25_50,False,0,1,3
323,63730,197,99,5,3,0.61180124,Q50_75,False,0,1,2
323,104305,322,299,6,3,1.0,Q75_100,True,0,2,3
323,82320,254,278,5,3,0.78881988,Q75_100,False,0,1,3
323,19313,59,256,5,2,0.18322981,Q0_25,False,0,1,3
323,12823,39,226,5,2,0.12111801,Q0_25,False,0,1,3
323,42443,131,130,5,3,0.4068323,Q25_50,False,0,1,3
323,33083,102,137,5,3,0.31677019,Q25_50,False,0,1,3
323,94654,293,15,5,3,0.90993789,Q75_100,False,0,1,2
323,1257,3,288,4,1,0.00931677,Q0_25,False,0,1,3
323,18752,58,18,5,2,0.18012422,Q0_25,False,0,1,2
323,73320,226,322,5,3,0.70186335,Q50_75,False,0,1,3
323,12290,38,16,5,2,0.11801242,Q0_25,False,0,1,2
323,1022,3,53,4,1,0.00931677,Q0_25,False,0,1,2
323,81629,252,233,5,3,0.7826087,Q75_100,False,0,1,3
323,82079,254,37,5,3,0.78881988,Q75_100,False,0,0,2
323,42462,131,149,5,3,0.4068323,Q25_50,False,0,1,3
323,13911,43,22,5,2,0.13354037,Q0_25,False,0,0,2
323,33287,103,18,5,3,0.31987578,Q25_50,False,0,1,2
323,20526,63,177,5,2,0.19565217,Q0_25,False,0,1,3
323,53490,165,195,5,3,0.51242236,Q50_75,False,0,1,3
323,37066,114,244,5,3,0.35403727,Q25_50,False,0,1,3
323,62105,192,89,5,3,0.59627329,Q50_75,False,0,1,2
323,52873,163,224,5,3,0.50621118,Q50_75,False,0,1,3
323,101198,313,99,6,3,0.97204969,Q75_100,True,0,0,2
323,79439,245,304,5,3,0.76086957,Q75_100,False,0,1,3
323,26483,81,320,5,2,0.2515528,Q25_50,False,0,1,3
323,22305,69,18,5,2,0.21428571,Q0_25,False,0,1,2
323,42313,131,0,5,3,0.4068323,Q25_50,False,0,0,1
323,102136,316,68,6,3,0.98136646,Q75_100,True,0,0,2
323,101353,313,254,6,3,0.97204969,Q75_100,True,0,1,3
323,36531,113,32,5,3,0.35093168,Q25_50,False,0,0,2
323,52142,161,139,5,3,0.5,Q50_75,False,0,2,3
323,20141,62,115,5,2,0.19254658,Q0_25,False,0,2,3
323,44522,137,271,5,3,0.42546584,Q25_50,False,0,2,3
323,71718,222,12,5,3,0.68944099,Q50_75,False,0,1,2
323,50339,155,274,5,3,0.48136646,Q25_50,False,0,1,3
323,48342,149,215,5,3,0.46273292,Q25_50,False,0,2,3
323,243,0,243,3,1,0.0,Q0_25,False,0,1,3
323,103117,319,80,6,3,0.99068323,Q75_100,True,0,0,2
323,96298,298,44,5,3,0.92546584,Q75_100,False,0,0,2
323,92191,285,136,5,3,0.88509317,Q75_100,False,0,1,3
323,24610,76,62,5,2,0.23602484,Q0_25,False,0,0,2
323,15781,48,277,5,2,0.14906832,Q0_25,False,0,1,3
323,27561,85,106,5,2,0.26397516,Q25_50,False,0,1,3
323,85684,265,89,5,3,0.82298137,Q75_100,False,0,1,2
323,28556,88,132,5,2,0.27329193,Q25_50,False,0,1,3
323,101195,313,96,6,3,0.97204969,Q75_100,True,0,0,2
323,95668,296,60,5,3,0.91925466,Q75_100,False,0,0,2
323,35183,108,299,5,3,0.33540373,Q25_50,False,0,2,3
323,336,1,13,3,1,0.00310559,Q0_25,False,0,0,2
323,96158,297,227,5,3,0.92236025,Q75_100,False,0,1,3
323,34175,105,260,5,3,0.32608696,Q25_50,False,0,1,3
323,17642,54,200,5,2,0.16770186,Q0_25,False,0,0,3
323,79566,246,108,5,3,0.76397516,Q75_100,False,0,1,3
323,89110,275,285,5,3,0.85403727,Q75_100,False,0,1,3
323,15375,47,194,5,2,0.14596273,Q0_25,False,0,1,3
323,28699,88,275,5,2,0.27329193,Q25_50,False,0,1,3
323,93193,288,169,5,3,0.89440994,Q75_100,False,0,2,3
323,94075,291,82,5,3,0.90372671,Q75_100,False,0,0,2
323,21724,67,83,5,2,0.20807453,Q0_25,False,0,0,2
323,32502,100,202,5,3,0.31055901,Q25_50,False,0,0,3
323,60409,187,8,5,3,0.58074534,Q50_75,False,0,0,1
323,88666,274,164,5,3,0.85093168,Q75_100,False,0,1,3
323,82155,254,113,5,3,0.78881988,Q75_100,False,0,2,3
323,70703,218,289,5,3,0.67701863,Q50_75,False,0,1,3
323,74792,231,179,5,3,0.7173913,Q50_75,False,0,1,3
323,24359,75,134,5,2,0.23291925,Q0_25,False,0,1,3
323,35272,109,65,5,3,0.33850932,Q25_50,False,0,0,2
323,47500,147,19,5,3,0.45652174,Q25_50,False,0,1,2
323,92144,285,89,5,3,0.88509317,Q75_100,False,0,0,2
323,3007,9,100,4,1,0.02795031,Q0_25,False,0,2,3
323,58593,181,130,5,3,0.5621118,Q50_75,False,0,1,3
323,94960,293,321,5,3,0.90993789,Q75_100,False,0,1,3
323,96319,298,65,5,3,0.92546584,Q75_100,False,0,0,2
323,7248,22,142,4,2,0.06832298,Q0_25,False,0,2,3
323,96774,299,197,5,3,0.92857143,Q75_100,False,0,0,3
323,56838,175,313,5,3,0.54347826,Q50_75,False,0,2,3
323,8868,27,147,4,2,0.08385093,Q0_25,False,0,1,3
323,15322,47,141,5,2,0.14596273,Q0_25,False,0,1,3
323,14175,43,286,5,2,0.13354037,Q0_25,False,0,1,3
323,18062,55,297,5,2,0.17080745,Q0_25,False,0,1,3
323,34268,106,30,5,3,0.32919255,Q25_50,False,0,0,2
323,59840,185,85,5,3,0.57453416,Q50_75,False,0,0,2
323,25771,79,254,5,2,0.24534161,Q0_25,False,0,1,3
323,55905,173,26,5,3,0.53726708,Q50_75,False,0,0,2
323,79286,245,151,5,3,0.76086957,Q75_100,False,0,1,3
323,27695,85,240,5,2,0.26397516,Q25_50,False,0,1,3
323,17160,53,41,5,2,0.16459627,Q0_25,False,0,1,2
323,94589,292,273,5,3,0.9068323,Q75_100,False,0,1,3
323,61865,191,172,5,3,0.5931677,Q50_75,False,0,1,3
323,77617,240,97,5,3,0.74534161,Q50_75,False,0,0,2
323,39714,122,308,5,3,0.37888199,Q25_50,False,0,1,3
323,75435,233,176,5,3,0.72360248,Q50_75,False,0,1,3
323,14098,43,209,5,2,0.13354037,Q0_25,False,0,0,3
323,71313,220,253,5,3,0.68322981,Q50_75,False,0,1,3
323,96009,297,78,5,3,0.92236025,Q75_100,False,0,0,2
323,7141,22,35,4,2,0.06832298,Q0_25,False,0,1,2
323,43251,133,292,5,3,0.41304348,Q25_50,False,0,1,3
323,85605,265,10,5,3,0.82298137,Q75_100,False,0,1,2
323,83560,258,226,5,3,0.80124224,Q75_100,False,0,1,3
323,13196,40,276,5,2,0.1242236,Q0_25,False,0,1,3
323,18627,57,216,5,2,0.17701863,Q0_25,False,0,2,3
323,101142,313,43,6,3,0.97204969,Q75_100,True,0,0,2
323,36149,111,296,5,3,0.3447205,Q25_50,False,0,0,3
323,27643,85,188,5,2,0.26397516,Q25_50,False,0,1,3
323,102110,316,42,6,3,0.98136646,Q75_100,True,0,0,2
323,10604,32,268,5,2,0.09937888,Q0_25,False,0,1,3
323,27512,85,57,5,2,0.26397516,Q25_50,False,0,0,2
323,92543,286,165,5,3,0.88819876,Q75_100,False,0,1,3
323,33979,105,64,5,3,0.32608696,Q25_50,False,0,0,2
323,25728,79,211,5,2,0.24534161,Q0_25,False,0,2,3
323,71685,221,302,5,3,0.6863354,Q50_75,False,0,0,3
323,27889,86,111,5,2,0.26708075,Q25_50,False,0,2,3
323,1982,6,44,4,1,0.01863354,Q0_25,False,0,0,2
323,97624,302,78,5,3,0.9378882,Q75_100,False,0,0,2
323,10006,30,316,5,2,0.0931677,Q0_25,False,0,2,3
323,59447,184,15,5,3,0.57142857,Q50_75,False,0,1,2
323,29207,90,137,5,2,0.27950311,Q25_50,False,0,1,3
323,81395,251,322,5,3,0.77950311,Q75_100,False,0,1,3
323,98389,304,197,5,3,0.94409938,Q75_100,False,0,1,3
323,88583,274,81,5,3,0.85093168,Q75_100,False,0,0,2
323,80193,248,89,5,3,0.77018634,Q75_100,False,0,0,2
323,14802,45,267,5,2,0.13975155,Q0_25,False,0,1,3
323,5266,16,98,4,2,0.04968944,Q0_25,False,0,1,2
323,95349,295,64,5,3,0.91614907,Q75_100,False,0,0,2
323,96480,298,226,5,3,0.92546584,Q75_100,False,0,1,3
323,26431,81,268,5,2,0.2515528,Q25_50,False,0,1,3
323,101071,312,295,6,3,0.9689441,Q75_100,True,0,2,3
323,43453,134,171,5,3,0.41614907,Q25_50,False,0,2,3
323,99700,308,216,5,3,0.95652174,Q75_100,False,0,2,3
323,11325,35,20,5,2,0.10869565,Q0_25,False,0,0,2
323,61372,190,2,5,3,0.59006211,Q50_75,False,0,0,1
323,66504,205,289,5,3,0.63664596,Q50_75,False,0,1,3
323,87394,270,184,5,3,0.83850932,Q75_100,False,0,2,3
323,54199,167,258,5,3,0.51863354,Q50_75,False,0,1,3
323,27223,84,91,5,2,0.26086957,Q25_50,False,0,0,2
323,29437,91,44,5,2,0.2826087,Q25_50,False,0,0,2
323,27629,85,174,5,2,0.26397516,Q25_50,False,0,1,3
323,13853,42,287,5,2,0.13043478,Q0_25,False,0,1,3
323,3728,11,175,4,2,0.03416149,Q0_25,False,0,1,3
323,101955,315,210,6,3,0.97826087,Q75_100,True,0,2,3
323,32455,100,155,5,3,0.31055901,Q25_50,False,0,1,3
323,83906,259,249,5,3,0.80434783,Q75_100,False,0,2,3
323,75828,234,246,5,3,0.72670807,Q50_75,False,0,1,3
323,100929,312,153,6,3,0.9689441,Q75_100,True,0,1,3
323,41619,128,275,5,3,0.39751553,Q25_50,False,0,1,3
323,28094,86,316,5,2,0.26708075,Q25_50,False,0,2,3
323,66437,205,222,5,3,0.63664596,Q50_75,False,0,1,3
323,67194,208,10,5,3,0.64596273,Q50_75,False,0,1,2
323,1443,4,151,4,1,0.01242236,Q0_25,False,0,1,3
323,89398,276,250,5,3,0.85714286,Q75_100,False,0,1,3
323,10206,31,193,5,2,0.09627329,Q0_25,False,0,0,3
323,84056,260,76,5,3,0.80745342,Q75_100,False,0,0,2
323,68780,212,304,5,3,0.65838509,Q50_75,False,0,1,3
323,64717,200,117,5,3,0.62111801,Q50_75,False,0,2,3
323,98685,305,170,5,3,0.94720497,Q75_100,False,0,1,3
323,94180,291,187,5,3,0.90372671,Q75_100,False,0,1,3
323,81544,252,148,5,3,0.7826087,Q75_100,False,0,1,3
323,49999,154,257,5,3,0.47826087,Q25_50,False,0,1,3
323,74947,232,11,5,3,0.72049689,Q50_75,False,0,1,2
323,64575,199,298,5,3,0.61801242,Q50_75,False,0,0,3
323,101423,314,1,6,3,0.97515528,Q75_100,True,0,0,1
323,95785,296,177,5,3,0.91925466,Q75_100,False,0,1,3
323,74571,230,281,5,3,0.71428571,Q50_75,False,0,1,3
323,38281,118,167,5,3,0.36645963,Q25_50,False,0,1,3
323,79137,245,2,5,3,0.76086957,Q75_100,False,0,0,1
323,18851,58,117,5,2,0.18012422,Q0_25,False,0,2,3
323,100925,312,149,6,3,0.9689441,Q75_100,True,0,1,3
323,41974,129,307,5,3,0.40062112,Q25_50,False,0,1,3
323,42777,132,141,5,3,0.40993789,Q25_50,False,0,1,3
323,27893,86,115,5,2,0.26708075,Q25_50,False,0,2,3
323,23328,72,72,5,2,0.22360248,Q0_25,False,0,0,2
323,69706,215,261,5,3,0.66770186,Q50_75,False,0,1,3
323,59072,182,286,5,3,0.56521739,Q50_75,False,0,1,3
323,9631,29,264,4,2,0.09006211,Q0_25,False,0,2,3
323,27120,83,311,5,2,0.25776398,Q25_50,False,0,2,3
323,9897,30,207,4,2,0.0931677,Q0_25,False,0,1,3
323,39301,121,218,5,3,0.3757764,Q25_50,False,0,2,3
323,76886,238,12,5,3,0.73913043,Q50_75,False,0,1,2
323,23973,74,71,5,2,0.22981366,Q0_25,False,0,0,2
323,80979,250,229,5,3,0.77639752,Q75_100,False,0,2,3
323,59964,185,209,5,3,0.57453416,Q50_75,False,0,1,3
323,13154,40,234,5,2,0.1242236,Q0_25,False,0,1,3
323,10302,31,289,5,2,0.09627329,Q0_25,False,0,2,3
323,67663,209,156,5,3,0.64906832,Q50_75,False,0,1,3
323,55279,171,46,5,3,0.5310559,Q50_75,False,0,0,2
323,71949,222,243,5,3,0.68944099,Q50_75,False,0,1,3
323,27044,83,235,5,2,0.25776398,Q25_50,False,0,1,3
323,50757,157,46,5,3,0.48757764,Q25_50,False,0,0,2
323,9227,28,183,4,2,0.08695652,Q0_25,False,1,3,3
323,2750,8,166,4,1,0.02484472,Q0_25,False,0,1,3
323,9184,28,140,4,2,0.08695652,Q0_25,False,0,2,3
323,26692,82,206,5,2,0.25465839,Q25_50,False,0,0,3
323,8590,26,192,4,2,0.08074534,Q0_25,False,0,2,3
323,87852,271,319,5,3,0.84161491,Q75_100,False,1,3,3
323,48353,149,226,5,3,0.46273292,Q25_50,False,0,1,3
323,25822,79,305,5,2,0.24534161,Q0_25,False,0,1,3
323,19189,59,132,5,2,0.18322981,Q0_25,False,0,1,3
323,4030,12,154,4,2,0.03726708,Q0_25,False,0,1,3
323,78943,244,131,5,3,0.75776398,Q75_100,False,0,1,3
323,42182,130,192,5,3,0.40372671,Q25_50,False,0,1,3
323,44596,138,22,5,3,0.42857143,Q25_50,False,0,0,2
323,38488,119,51,5,3,0.36956522,Q25_50,False,0,0,2
323,99133,306,295,5,3,0.95031056,Q75_100,False,0,0,3
323,64656,200,56,5,3,0.62111801,Q50_75,False,0,0,2
323,73472,227,151,5,3,0.70496894,Q50_75,False,0,1,3
323,9334,28,290,4,2,0.08695652,Q0_25,False,0,2,3
323,78827,244,15,5,3,0.75776398,Q75_100,False,0,1,2
323,45850,141,307,5,3,0.4378882,Q25_50,False,0,1,3
323,18361,56,273,5,2,0.17391304,Q0_25,False,0,1,3
323,24978,77,107,5,2,0.23913043,Q0_25,False,0,1,3
323,87102,269,215,5,3,0.83540373,Q75_100,False,0,2,3
323,66570,206,32,5,3,0.63975155,Q50_75,False,0,0,2
323,35040,108,156,5,3,0.33540373,Q25_50,False,0,1,3
323,35003,108,119,5,3,0.33540373,Q25_50,False,1,3,3
323,45251,140,31,5,3,0.43478261,Q25_50,False,0,1,2
323,2478,7,217,4,1,0.02173913,Q0_25,False,0,2,3
323,97439,301,216,5,3,0.93478261,Q75_100,False,0,2,3
323,83863,259,206,5,3,0.80434783,Q75_100,False,0,1,3
323,42300,130,310,5,3,0.40372671,Q25_50,False,0,1,3
323,57382,177,211,5,3,0.54968944,Q50_75,False,0,2,3
323,35452,109,245,5,3,0.33850932,Q25_50,False,0,1,3
323,4045,12,169,4,2,0.03726708,Q0_25,False,0,2,3
323,33021,102,75,5,3,0.31677019,Q25_50,False,0,0,2
323,74088,229,121,5,3,0.71118012,Q50_75,False,0,1,3
323,70119,217,28,5,3,0.67391304,Q50_75,False,0,0,2
323,7059,21,276,4,2,0.06521739,Q0_25,False,0,1,3
323,53773,166,155,5,3,0.51552795,Q50_75,False,0,1,3
323,16207,50,57,5,2,0.1552795,Q0_25,False,0,0,2
323,22777,70,167,5,2,0.2173913,Q0_25,False,0,1,3
323,63077,195,92,5,3,0.60559006,Q50_75,False,0,0,2
323,39510,122,104,5,3,0.37888199,Q25_50,False,0,1,3
323,85581,264,309,5,3,0.81987578,Q75_100,False,0,2,3
323,6701,20,241,4,2,0.0621118,Q0_25,False,1,3,3
323,73778,228,134,5,3,0.70807453,Q50_75,False,0,1,3
323,30783,95,98,5,2,0.29503106,Q25_50,False,0,0,2
323,12691,39,94,5,2,0.12111801,Q0_25,False,0,1,2
323,84595,261,292,5,3,0.81055901,Q75_100,False,0,0,3
323,55662,172,106,5,3,0.53416149,Q50_75,False,0,1,3
323,19435,60,55,5,2,0.1863354,Q0_25,False,0,0,2
323,16225,50,75,5,2,0.1552795,Q0_25,False,0,0,2
323,33943,105,28,5,3,0.32608696,Q25_50,False,0,0,2
323,92330,285,275,5,3,0.88509317,Q75_100,False,0,1,3
323,65982,204,90,5,3,0.63354037,Q50_75,False,0,0,2
323,158,0,158,3,1,0.0,Q0_25,False,0,1,3
323,33657,104,65,5,3,0.32298137,Q25_50,False,0,0,2
323,79135,245,0,5,3,0.76086957,Q75_100,False,0,0,1
323,24337,75,112,5,2,0.23291925,Q0_25,False,0,2,3
323,35412,109,205,5,3,0.33850932,Q25_50,False,0,1,3
323,64678,200,78,5,3,0.62111801,Q50_75,False,0,0,2
323,51707,160,27,5,3,0.49689441,Q25_50,False,0,0,2
323,28839,89,92,5,2,0.27639752,Q25_50,False,0,0,2
323,92332,285,277,5,3,0.88509317,Q75_100,False,0,1,3
323,19275,59,218,5,2,0.18322981,Q0_25,False,0,2,3
323,95302,295,17,5,3,0.91614907,Q75_100,False,0,1,2
323,46335,143,146,5,3,0.44409938,Q25_50,False,0,1,3
323,42428,131,115,5,3,0.4068323,Q25_50,False,0,2,3
323,12447,38,173,5,2,0.11801242,Q0_25,False,0,1,3
323,12819,39,222,5,2,0.12111801,Q0_25,False,0,1,3
323,43402,134,120,5,3,0.41614907,Q25_50,False,0,1,3
323,23306,72,50,5,2,0.22360248,Q0_25,False,0,0,2
323,13907,43,18,5,2,0.13354037,Q0_25,False,0,1,2
323,5021,15,176,4,2,0.04658385,Q0_25,False,0,1,3
323,29070,90,0,5,2,0.27950311,Q25_50,False,0,0,1
323,55220,170,310,5,3,0.52795031,Q50_75,False,0,2,3
323,32860,101,237,5,3,0.3136646,Q25_50,False,0,1,3
323,232,0,232,3,1,0.0,Q0_25,False,0,1,3
323,14411,44,199,5,2,0.13664596,Q0_25,False,0,2,3
323,33633,104,41,5,3,0.32298137,Q25_50,False,0,0,2
323,87027,269,140,5,3,0.83540373,Q75_100,False,0,1,3
323,24310,75,85,5,2,0.23291925,Q0_25,False,0,0,2
323,56499,174,297,5,3,0.54037267,Q50_75,False,0,0,3
323,48804,151,31,5,3,0.4689441,Q25_50,False,0,1,2
323,22890,70,280,5,2,0.2173913,Q0_25,False,0,1,3
323,59341,183,232,5,3,0.56832298,Q50_75,False,0,1,3
323,84925,262,299,5,3,0.8136646,Q75_100,False,0,0,3
323,20648,63,299,5,2,0.19565217,Q0_25,False,0,2,3
323,50557,156,169,5,3,0.48447205,Q25_50,False,0,2,3
323,17368,53,249,5,2,0.16459627,Q0_25,False,0,1,3
323,62562,193,223,5,3,0.59937888,Q50_75,False,0,1,3
323,98913,306,75,5,3,0.95031056,Q75_100,False,0,0,2
323,45817,141,274,5,3,0.4378882,Q25_50,False,0,1,3
323,11380,35,75,5,2,0.10869565,Q0_25,False,0,0,2
323,54363,168,99,5,3,0.52173913,Q50_75,False,0,1,2
323,76318,236,90,5,3,0.73291925,Q50_75,False,0,0,2
323,23187,71,254,5,2,0.22049689,Q0_25,False,0,1,3
323,24596,76,48,5,2,0.23602484,Q0_25,False,0,0,2
323,21825,67,184,5,2,0.20807453,Q0_25,False,0,1,3
323,44072,136,144,5,3,0.42236025,Q25_50,False,0,1,3
323,36172,111,319,5,3,0.3447205,Q25_50,False,1,3,3
323,20985,64,313,5,2,0.19875776,Q0_25,False,0,2,3
323,9693,30,3,4,2,0.0931677,Q0_25,False,1,1,1
323,76460,236,232,5,3,0.73291925,Q50_75,False,0,1,3
323,1582,4,290,4,1,0.01242236,Q0_25,False,0,2,3
323,35465,109,258,5,3,0.33850932,Q25_50,False,0,1,3
323,99469,307,308,5,3,0.95341615,Q75_100,False,0,1,3
323,31712,98,58,5,2,0.30434783,Q25_50,False,0,0,2
323,33402,103,133,5,3,0.31987578,Q25_50,False,0,1,3
323,78692,243,203,5,3,0.75465839,Q75_100,False,0,0,3
323,20795,64,123,5,2,0.19875776,Q0_25,False,0,1,3
323,53745,166,127,5,3,0.51552795,Q50_75,False,0,1,3
323,12949,40,29,5,2,0.1242236,Q0_25,False,0,1,2
323,70628,218,214,5,3,0.67701863,Q50_75,False,0,2,3
323,80997,250,247,5,3,0.77639752,Q75_100,False,0,1,3
323,429,1,106,3,1,0.00310559,Q0_25,False,0,1,3
323,59440,184,8,5,3,0.57142857,Q50_75,False,0,0,1
323,89693,277,222,5,3,0.86024845,Q75_100,False,0,1,3
323,8823,27,102,4,2,0.08385093,Q0_25,False,0,1,3
323,36242,112,66,5,3,0.34782609,Q25_50,False,0,0,2
323,31324,96,316,5,2,0.29813665,Q25_50,False,0,2,3
323,93462,289,115,5,3,0.89751553,Q75_100,False,0,2,3
323,23545,72,289,5,2,0.22360248,Q0_25,False,0,2,3
323,47988,148,184,5,3,0.45962733,Q25_50,False,0,1,3
323,3181,9,274,4,1,0.02795031,Q0_25,False,0,2,3
323,56221,174,19,5,3,0.54037267,Q50_75,False,1,2,2
323,47522,147,41,5,3,0.45652174,Q25_50,False,0,1,2
323,60270,186,192,5,3,0.57763975,Q50_75,False,0,1,3
323,36386,112,210,5,3,0.34782609,Q25_50,False,0,1,3
323,23219,71,286,5,2,0.22049689,Q0_25,False,0,1,3
323,28505,88,81,5,2,0.27329193,Q25_50,False,0,0,2
323,28067,86,289,5,2,0.26708075,Q25_50,False,0,2,3
323,85268,263,319,5,3,0.81677019,Q75_100,False,0,2,3
323,56049,173,170,5,3,0.53726708,Q50_75,False,0,1,3
323,37144,114,322,5,3,0.35403727,Q25_50,False,0,1,3
323,102176,316,108,6,3,0.98136646,Q75_100,True,0,1,3
323,11013,34,31,5,2,0.10559006,Q0_25,False,0,1,2
323,62197,192,181,5,3,0.59627329,Q50_75,False,0,2,3
323,65699,203,130,5,3,0.63043478,Q50_75,False,0,1,3
323,70443,218,29,5,3,0.67701863,Q50_75,False,0,1,2
323,81201,251,128,5,3,0.77950311,Q75_100,False,0,1,3
323,23288,72,32,5,2,0.22360248,Q0_25,False,0,0,2
323,101881,315,136,6,3,0.97826087,Q75_100,True,0,1,3
323,45253,140,33,5,3,0.43478261,Q25_50,False,0,0,2
323,37581,116,113,5,3,0.36024845,Q25_50,False,0,2,3
323,55717,172,161,5,3,0.53416149,Q50_75,False,0,1,3
323,89860,278,66,5,3,0.86335404,Q75_100,False,0,0,2
323,68569,212,93,5,3,0.65838509,Q50_75,False,0,0,2
323,94958,293,319,5,3,0.90993789,Q75_100,False,1,3,3
323,83398,258,64,5,3,0.80124224,Q75_100,False,0,1,2
323,20997,65,2,5,2,0.20186335,Q0_25,False,0,0,1
323,40302,124,250,5,3,0.38509317,Q25_50,False,0,1,3
323,90059,278,265,5,3,0.86335404,Q75_100,False,0,1,3
323,24776,76,228,5,2,0.23602484,Q0_25,False,0,1,3
323,92911,287,210,5,3,0.89130435,Q75_100,False,0,2,3
323,77991,241,148,5,3,0.7484472,Q50_75,False,0,1,3
323,88059,272,203,5,3,0.8447205,Q75_100,False,0,1,3
323,21940,67,299,5,2,0.20807453,Q0_25,False,0,2,3
323,27676,85,221,5,2,0.26397516,Q25_50,False,0,1,3
323,65132,201,209,5,3,0.6242236,Q50_75,False,0,2,3
323,29971,92,255,5,2,0.28571429,Q25_50,False,0,1,3
323,30660,94,298,5,2,0.29192547,Q25_50,False,0,1,3
323,87878,272,22,5,3,0.8447205,Q75_100,False,0,0,2
323,63452,196,144,5,3,0.60869565,Q50_75,False,0,1,3
323,21524,66,206,5,2,0.20496894,Q0_25,False,0,1,3
323,15190,47,9,5,2,0.14596273,Q0_25,False,0,0,1
323,67100,207,239,5,3,0.64285714,Q50_75,False,0,2,3
323,85177,263,228,5,3,0.81677019,Q75_100,False,0,1,3
323,3516,10,286,4,2,0.0310559,Q0_25,False,0,1,3
323,100664,311,211,6,3,0.96583851,Q75_100,True,0,1,3
323,85068,263,119,5,3,0.81677019,Q75_100,False,0,2,3
323,80639,249,212,5,3,0.77329193,Q75_100,False,0,2,3
323,66318,205,103,5,3,0.63664596,Q50_75,False,0,1,3
323,103811,321,128,6,3,0.99689441,Q75_100,True,0,1,3
323,6107,18,293,4,2,0.05590062,Q0_25,False,0,1,3
323,4814,14,292,4,2,0.04347826,Q0_25,False,0,2,3
323,13634,42,68,5,2,0.13043478,Q0_25,False,0,0,2
323,83619,258,285,5,3,0.80124224,Q75_100,False,0,1,3
323,99157,306,319,5,3,0.95031056,Q75_100,False,1,3,3
323,50057,154,315,5,3,0.47826087,Q25_50,False,0,2,3
323,58134,179,317,5,3,0.55590062,Q50_75,False,0,2,3
323,54053,167,112,5,3,0.51863354,Q50_75,False,0,2,3
323,66828,206,290,5,3,0.63975155,Q50_75,False,0,0,3
323,79915,247,134,5,3,0.76708075,Q75_100,False,0,1,3
323,89129,275,304,5,3,0.85403727,Q75_100,False,0,1,3
323,44075,136,147,5,3,0.42236025,Q25_50,False,0,1,3
323,92524,286,146,5,3,0.88819876,Q75_100,False,0,1,3
323,54617,169,30,5,3,0.52484472,Q50_75,False,0,0,2
323,77304,239,107,5,3,0.74223602,Q50_75,False,0,1,3
323,87799,271,266,5,3,0.84161491,Q75_100,False,0,1,3
323,52075,161,72,5,3,0.5,Q50_75,False,0,0,2
323,25675,79,158,5,2,0.24534161,Q0_25,False,0,1,3
323,69664,215,219,5,3,0.66770186,Q50_75,False,0,2,3
323,25045,77,174,5,2,0.23913043,Q0_25,False,0,1,3
323,45007,139,110,5,3,0.43167702,Q25_50,False,0,2,3
323,67712,209,205,5,3,0.64906832,Q50_75,False,0,1,3
323,69927,216,159,5,3,0.67080745,Q50_75,False,0,2,3
323,44414,137,163,5,3,0.42546584,Q25_50,False,0,1,3
323,76452,236,224,5,3,0.73291925,Q50_75,False,0,1,3
323,54275,168,11,5,3,0.52173913,Q50_75,False,0,1,2
323,47507,147,26,5,3,0.45652174,Q25_50,False,0,0,2
323,72431,224,79,5,3,0.69565217,Q50_75,False,0,1,2
323,88584,274,82,5,3,0.85093168,Q75_100,False,0,0,2
323,31134,96,126,5,2,0.29813665,Q25_50,False,0,1,3
323,56696,175,171,5,3,0.54347826,Q50_75,False,0,1,3
323,23891,73,312,5,2,0.22670807,Q0_25,False,0,2,3
323,88704,274,202,5,3,0.85093168,Q75_100,False,0,1,3
323,99259,307,98,5,3,0.95341615,Q75_100,False,0,0,2
323,1431,4,139,4,1,0.01242236,Q0_25,False,0,1,3
323,44095,136,167,5,3,0.42236025,Q25_50,False,0,1,3
323,56997,176,149,5,3,0.54658385,Q50_75,False,0,1,3
323,79976,247,195,5,3,0.76708075,Q75_100,False,0,0,3
323,14765,45,230,5,2,0.13975155,Q0_25,False,0,1,3
323,81673,252,277,5,3,0.7826087,Q75_100,False,0,1,3
323,45875,142,9,5,3,0.44099379,Q25_50,False,1,1,1
323,26348,81,185,5,2,0.2515528,Q25_50,False,0,1,3
323,32114,99,137,5,2,0.30745342,Q25_50,False,0,1,3
323,29834,92,118,5,2,0.28571429,Q25_50,False,0,2,3
323,59583,184,151,5,3,0.57142857,Q50_75,False,0,1,3
323,103323,319,286,6,3,0.99068323,Q75_100,True,0,1,3
323,81082,251,9,5,3,0.77950311,Q75_100,False,1,1,1
323,87159,269,272,5,3,0.83540373,Q75_100,False,0,1,3
323,80153,248,49,5,3,0.77018634,Q75_100,False,0,1,2
323,43,0,43,2,1,0.0,Q0_25,False,0,0,2
323,58722,181,259,5,3,0.5621118,Q50_75,False,0,1,3
323,40091,124,39,5,3,0.38509317,Q25_50,False,0,0,2
323,40133,124,81,5,3,0.38509317,Q25_50,False,0,0,2
323,92312,285,257,5,3,0.88509317,Q75_100,False,0,1,3
323,83894,259,237,5,3,0.80434783,Q75_100,False,0,1,3
323,23999,74,97,5,2,0.22981366,Q0_25,False,0,0,2
323,88268,273,89,5,3,0.84782609,Q75_100,False,0,0,2
323,88740,274,238,5,3,0.85093168,Q75_100,False,0,1,3
323,85317,264,45,5,3,0.81987578,Q75_100,False,0,0,2
323,8972,27,251,4,2,0.08385093,Q0_25,False,0,0,3
323,86205,266,287,5,3,0.82608696,Q75_100,False,0,1,3
323,96518,298,264,5,3,0.92546584,Q75_100,False,0,1,3
323,12040,37,89,5,2,0.11490683,Q0_25,False,0,1,2
323,77299,239,102,5,3,0.74223602,Q50_75,False,0,1,3
323,17465,54,23,5,2,0.16770186,Q0_25,False,0,0,2
323,3910,12,34,4,2,0.03726708,Q0_25,False,0,1,2
323,93126,288,102,5,3,0.89440994,Q75_100,False,0,1,3
323,15513,48,9,5,2,0.14906832,Q0_25,False,1,1,1
323,89853,278,59,5,3,0.86335404,Q75_100,False,0,1,2
323,47708,147,227,5,3,0.45652174,Q25_50,False,0,1,3
323,12068,37,117,5,2,0.11490683,Q0_25,False,0,2,3
323,22618,70,8,5,2,0.2173913,Q0_25,False,0,0,1
323,100269,310,139,6,3,0.96273292,Q75_100,True,0,1,3
323,85582,264,310,5,3,0.81987578,Q75_100,False,0,2,3
323,33248,102,302,5,3,0.31677019,Q25_50,False,0,1,3
323,83835,259,178,5,3,0.80434783,Q75_100,False,0,1,3
323,65768,203,199,5,3,0.63043478,Q50_75,False,0,0,3
323,71097,220,37,5,3,0.68322981,Q50_75,False,0,0,2
323,4835,14,313,4,2,0.04347826,Q0_25,False,0,0,3
323,87807,271,274,5,3,0.84161491,Q75_100,False,0,1,3
323,89519,277,48,5,3,0.86024845,Q75_100,False,0,0,2
323,40486,125,111,5,3,0.38819876,Q25_50,False,0,2,3
323,83750,259,93,5,3,0.80434783,Q75_100,False,0,0,2
323,74300,230,10,5,3,0.71428571,Q50_75,False,0,1,2
323,25678,79,161,5,2,0.24534161,Q0_25,False,0,1,3
323,50581,156,193,5,3,0.48447205,Q25_50,False,0,1,3
323,93072,288,48,5,3,0.89440994,Q75_100,False,0,0,2
323,73970,229,3,5,3,0.71118012,Q50_75,False,0,0,1
323,14008,43,119,5,2,0.13354037,Q0_25,False,0,2,3
323,88400,273,221,5,3,0.84782609,Q75_100,False,0,1,3
323,42827,132,191,5,3,0.40993789,Q25_50,False,0,2,3
323,92851,287,150,5,3,0.89130435,Q75_100,False,0,1,3
323,96059,297,128,5,3,0.92236025,Q75_100,False,0,1,3
323,103654,320,294,6,3,0.99378882,Q75_100,True,0,2,3
323,69099,213,300,5,3,0.66149068,Q50_75,False,0,0,3
323,72728,225,53,5,3,0.69875776,Q50_75,False,0,0,2
323,43932,136,4,5,3,0.42236025,Q25_50,False,0,0,1
323,80697,249,270,5,3,0.77329193,Q75_100,False,0,1,3
323,92930,287,229,5,3,0.89130435,Q75_100,False,0,2,3
323,80276,248,172,5,3,0.77018634,Q75_100,False,0,1,3
323,12965,40,45,5,2,0.1242236,Q0_25,False,0,0,2
323,30113,93,74,5,2,0.28881988,Q25_50,False,0,0,2
323,27711,85,256,5,2,0.26397516,Q25_50,False,0,1,3
323,22194,68,230,5,2,0.21118012,Q0_25,False,0,1,3
323,59549,184,117,5,3,0.57142857,Q50_75,False,0,2,3
323,103607,320,247,6,3,0.99378882,Q75_100,True,0,1,3
323,76865,237,314,5,3,0.73602484,Q50_75,False,0,2,3
323,62762,194,100,5,3,0.60248447,Q50_75,False,0,1,3
323,19994,61,291,5,2,0.18944099,Q0_25,False,0,2,3
323,51480,159,123,5,3,0.49378882,Q25_50,False,0,1,3
323,49415,152,319,5,3,0.47204969,Q25_50,False,1,3,3
323,78767,243,278,5,3,0.75465839,Q75_100,False,0,1,3
323,27763,85,308,5,2,0.26397516,Q25_50,False,0,1,3
323,94998,294,36,5,3,0.91304348,Q75_100,False,0,0,2
323,89879,278,85,5,3,0.86335404,Q75_100,False,0,0,2
323,60999,188,275,5,3,0.58385093,Q50_75,False,0,1,3
323,81465,252,69,5,3,0.7826087,Q75_100,False,0,1,2
323,5004,15,159,4,2,0.04658385,Q0_25,False,0,0,3
323,64823,200,223,5,3,0.62111801,Q50_75,False,0,1,3
323,46139,142,273,5,3,0.44099379,Q25_50,False,0,1,3
323,91623,283,214,5,3,0.87888199,Q75_100,False,0,2,3
323,86609,268,45,5,3,0.83229814,Q75_100,False,0,0,2
323,56381,174,179,5,3,0.54037267,Q50_75,False,0,2,3
323,22059,68,95,5,2,0.21118012,Q0_25,False,0,0,2
323,56172,173,293,5,3,0.53726708,Q50_75,False,0,0,3
323,79852,247,71,5,3,0.76708075,Q75_100,False,0,1,2
323,7942,24,190,4,2,0.07453416,Q0_25,False,0,2,3
323,64398,199,121,5,3,0.61801242,Q50_75,False,0,1,3
323,68965,213,166,5,3,0.66149068,Q50_75,False,0,1,3
323,9287,28,243,4,2,0.08695652,Q0_25,False,0,2,3
323,85356,264,84,5,3,0.81987578,Q75_100,False,0,0,2
323,32429,100,129,5,3,0.31055901,Q25_50,False,0,2,3
323,44621,138,47,5,3,0.42857143,Q25_50,False,0,0,2
323,64773,200,173,5,3,0.62111801,Q50_75,False,0,1,3
323,61606,190,236,5,3,0.59006211,Q50_75,False,0,1,3
323,93836,290,166,5,3,0.90062112,Q75_100,False,0,1,3
323,43524,134,242,5,3,0.41614907,Q25_50,False,0,1,3
323,8649,26,251,4,2,0.08074534,Q0_25,False,0,1,3
323,86337,267,96,5,3,0.82919255,Q75_100,False,0,0,2
323,85820,265,225,5,3,0.82298137,Q75_100,False,0,1,3
323,101592,314,170,6,3,0.97515528,Q75_100,True,0,1,3
323,8068,24,316,4,2,0.07453416,Q0_25,False,0,0,3
323,48024,148,220,5,3,0.45962733,Q25_50,False,0,1,3
323,7427,22,321,4,2,0.06832298,Q0_25,False,0,1,3
323,78293,242,127,5,3,0.7515528,Q75_100,False,0,1,3
323,85392,264,120,5,3,0.81987578,Q75_100,False,0,1,3
323,98030,303,161,5,3,0.94099379,Q75_100,False,0,1,3
323,61534,190,164,5,3,0.59006211,Q50_75,False,0,1,3
323,78748,243,259,5,3,0.75465839,Q75_100,False,0,1,3
323,39240,121,157,5,3,0.3757764,Q25_50,False,0,1,3
323,13240,40,320,5,2,0.1242236,Q0_25,False,0,1,3
323,7825,24,73,4,2,0.07453416,Q0_25,False,0,1,2
323,67886,210,56,5,3,0.65217391,Q50_75,False,0,0,2
323,39362,121,279,5,3,0.3757764,Q25_50,False,0,2,3
323,26054,80,214,5,2,0.2484472,Q0_25,False,0,2,3
323,7075,21,292,4,2,0.06521739,Q0_25,False,0,1,3
323,27490,85,35,5,2,0.26397516,Q25_50,False,0,0,2
323,59930,185,175,5,3,0.57453416,Q50_75,False,0,1,3
323,25916,80,76,5,2,0.2484472,Q0_25,False,0,0,2
323,89657,277,186,5,3,0.86024845,Q75_100,False,0,1,3
323,39772,123,43,5,3,0.38198758,Q25_50,False,0,0,2
323,686,2,40,3,1,0.00621118,Q0_25,False,0,0,2
323,31568,97,237,5,2,0.30124224,Q25_50,False,0,1,3
323,13211,40,291,5,2,0.1242236,Q0_25,False,0,1,3
323,19036,58,302,5,2,0.18012422,Q0_25,False,0,0,3
323,88482,273,303,5,3,0.84782609,Q75_100,False,0,1,3
323,81075,251,2,5,3,0.77950311,Q75_100,False,0,0,1
323,35123,108,239,5,3,0.33540373,Q25_50,False,0,2,3
323,55083,170,173,5,3,0.52795031,Q50_75,False,0,1,3
323,28798,89,51,5,2,0.27639752,Q25_50,False,0,1,2
323,74384,230,94,5,3,0.71428571,Q50_75,False,0,0,2
323,46052,142,186,5,3,0.44099379,Q25_50,False,0,1,3
323,17810,55,45,5,2,0.17080745,Q0_25,False,0,0,2
323,43877,135,272,5,3,0.41925466,Q25_50,False,0,1,3
323,90593,280,153,5,3,0.86956522,Q75_100,False,0,1,3
323,46345,143,156,5,3,0.44409938,Q25_50,False,0,1,3
323,69230,214,108,5,3,0.66459627,Q50_75,False,0,1,3
323,3171,9,264,4,1,0.02795031,Q0_25,False,0,2,3
323,103318,319,281,6,3,0.99068323,Q75_100,True,0,1,3
323,73590,227,269,5,3,0.70496894,Q50_75,False,0,1,3
323,39408,122,2,5,3,0.37888199,Q25_50,False,0,0,1
323,18056,55,291,5,2,0.17080745,Q0_25,False,0,2,3
323,66931,207,70,5,3,0.64285714,Q50_75,False,0,0,2
323,60991,188,267,5,3,0.58385093,Q50_75,False,0,1,3
323,88794,274,292,5,3,0.85093168,Q75_100,False,0,0,3
323,67343,208,159,5,3,0.64596273,Q50_75,False,0,2,3
323,84167,260,187,5,3,0.80745342,Q75_100,False,0,1,3
323,76912,238,38,5,3,0.73913043,Q50_75,False,0,0,2
323,62786,194,124,5,3,0.60248447,Q50_75,False,0,1,3
323,91402,282,316,5,3,0.8757764,Q75_100,False,0,2,3
323,46701,144,189,5,3,0.44720497,Q25_50,False,0,1,3
323,50718,157,7,5,3,0.48757764,Q25_50,False,0,0,1
323,2417,7,156,4,1,0.02173913,Q0_25,False,0,2,3
323,50443,156,55,5,3,0.48447205,Q25_50,False,0,0,2
323,81424,252,28,5,3,0.7826087,Q75_100,False,0,0,2
323,86623,268,59,5,3,0.83229814,Q75_100,False,0,0,2
323,80065,247,284,5,3,0.76708075,Q75_100,False,0,1,3
323,21761,67,120,5,2,0.20807453,Q0_25,False,0,1,3
323,36949,114,127,5,3,0.35403727,Q25_50,False,0,1,3
323,3123,9,216,4,1,0.02795031,Q0_25,False,0,1,3
323,1099,3,130,4,1,0.00931677,Q0_25,False,0,1,3
323,74809,231,196,5,3,0.7173913,Q50_75,False,0,0,3
323,64198,198,244,5,3,0.61490683,Q50_75,False,0,1,3
323,20086,62,60,5,2,0.19254658,Q0_25,False,0,0,2
323,58510,181,47,5,3,0.5621118,Q50_75,False,0,0,2
323,9765,30,75,4,2,0.0931677,Q0_25,False,0,0,2
323,48659,150,209,5,3,0.46583851,Q25_50,False,0,1,3
323,7865,24,113,4,2,0.07453416,Q0_25,False,1,3,3
323,78974,244,162,5,3,0.75776398,Q75_100,False,0,1,3
323,1418,4,126,4,1,0.01242236,Q0_25,False,0,2,3
323,32304,100,4,5,3,0.31055901,Q25_50,False,0,0,1
323,19942,61,239,5,2,0.18944099,Q0_25,False,0,1,3
323,27359,84,227,5,2,0.26086957,Q25_50,False,0,1,3
323,10430,32,94,5,2,0.09937888,Q0_25,False,0,0,2
323,39132,121,49,5,3,0.3757764,Q25_50,False,0,1,2
323,54558,168,294,5,3,0.52173913,Q50_75,False,0,0,3
323,68790,212,314,5,3,0.65838509,Q50_75,False,0,2,3
323,3546,10,316,4,2,0.0310559,Q0_25,False,0,0,3
323,100310,310,180,6,3,0.96273292,Q75_100,True,0,0,3
323,37268,115,123,5,3,0.35714286,Q25_50,False,0,1,3
323,25878,80,38,5,2,0.2484472,Q0_25,False,0,0,2
323,67821,209,314,5,3,0.64906832,Q50_75,False,0,2,3
323,6478,20,18,4,2,0.0621118,Q0_25,False,0,1,2
323,53834,166,216,5,3,0.51552795,Q50_75,False,0,2,3
323,14387,44,175,5,2,0.13664596,Q0_25,False,0,1,3
323,31129,96,121,5,2,0.29813665,Q25_50,False,0,1,3
323,62871,194,209,5,3,0.60248447,Q50_75,False,0,2,3
323,20682,64,10,5,2,0.19875776,Q0_25,False,0,1,2
323,54112,167,171,5,3,0.51863354,Q50_75,False,0,1,3
323,78574,243,85,5,3,0.75465839,Q75_100,False,0,0,2
323,67494,208,310,5,3,0.64596273,Q50_75,False,0,2,3
323,92642,286,264,5,3,0.88819876,Q75_100,False,0,1,3
323,100304,310,174,6,3,0.96273292,Q75_100,True,0,1,3
323,42997,133,38,5,3,0.41304348,Q25_50,False,0,0,2
323,43733,135,128,5,3,0.41925466,Q25_50,False,0,1,3
323,94827,293,188,5,3,0.90993789,Q75_100,False,0,1,3
323,50238,155,173,5,3,0.48136646,Q25_50,False,0,1,3
323,26008,80,168,5,2,0.2484472,Q0_25,False,0,1,3
323,61466,190,96,5,3,0.59006211,Q50_75,False,0,0,2
323,20535,63,186,5,2,0.19565217,Q0_25,False,0,1,3
323,38447,119,10,5,3,0.36956522,Q25_50,False,0,1,2
323,94332,292,16,5,3,0.9068323,Q75_100,False,0,1,2
323,35446,109,239,5,3,0.33850932,Q25_50,False,0,2,3
323,59149,183,40,5,3,0.56832298,Q50_75,False,0,0,2
323,27049,83,240,5,2,0.25776398,Q25_50,False,0,1,3
323,76981,238,107,5,3,0.73913043,Q50_75,False,0,1,3
323,9501,29,134,4,2,0.09006211,Q0_25,False,1,3,3
323,54802,169,215,5,3,0.52484472,Q50_75,False,0,2,3
323,37882,117,91,5,3,0.36335404,Q25_50,False,0,0,2
323,43795,135,190,5,3,0.41925466,Q25_50,False,0,1,3
323,102106,316,38,6,3,0.98136646,Q75_100,True,0,0,2
323,64178,198,224,5,3,0.61490683,Q50_75,False,0,1,3
323,32228,99,251,5,2,0.30745342,Q25_50,False,0,1,3
323,13162,40,242,5,2,0.1242236,Q0_25,False,0,1,3
323,40804,126,106,5,3,0.39130435,Q25_50,False,0,1,3
323,52827,163,178,5,3,0.50621118,Q50_75,False,0,1,3
323,103978,321,295,6,3,0.99689441,Q75_100,True,0,1,3
323,5621,17,130,4,2,0.05279503,Q0_25,False,0,1,3
323,44206,136,278,5,3,0.42236025,Q25_50,False,0,1,3
323,6068,18,254,4,2,0.05590062,Q0_25,False,1,3,3
323,38525,119,88,5,3,0.36956522,Q25_50,False,0,0,2
323,1365,4,73,4,1,0.01242236,Q0_25,False,0,0,2
323,102957,318,243,6,3,0.98757764,Q75_100,True,0,1,3
323,88343,273,164,5,3,0.84782609,Q75_100,False,0,1,3
323,39931,123,202,5,3,0.38198758,Q25_50,False,0,1,3
323,92180,285,125,5,3,0.88509317,Q75_100,False,0,1,3
323,58964,182,178,5,3,0.56521739,Q50_75,False,0,1,3
323,62312,192,296,5,3,0.59627329,Q50_75,False,0,1,3
323,27204,84,72,5,2,0.26086957,Q25_50,False,0,0,2
323,52712,163,63,5,3,0.50621118,Q50_75,False,0,0,2
323,74429,230,139,5,3,0.71428571,Q50_75,False,0,1,3
323,59890,185,135,5,3,0.57453416,Q50_75,False,0,1,3
323,58808,182,22,5,3,0.56521739,Q50_75,False,0,0,2
323,5947,18,133,4,2,0.05590062,Q0_25,False,0,1,3
323,100844,312,68,6,3,0.9689441,Q75_100,True,0,0,2
323,7337,22,231,4,2,0.06832298,Q0_25,False,0,2,3
323,58349,180,209,5,3,0.55900621,Q50_75,False,0,2,3
323,100534,311,81,6,3,0.96583851,Q75_100,True,0,0,2
323,94149,291,156,5,3,0.90372671,Q75_100,False,0,1,3
323,37432,115,287,5,3,0.35714286,Q25_50,False,0,1,3
323,34625,107,64,5,3,0.33229814,Q25_50,False,0,0,2
323,17938,55,173,5,2,0.17080745,Q0_25,False,0,1,3
323,41679,129,12,5,3,0.40062112,Q25_50,False,0,1,2
323,50521,156,133,5,3,0.48447205,Q25_50,False,0,1,3
323,33890,104,298,5,3,0.32298137,Q25_50,False,0,0,3
323,41102,127,81,5,3,0.39440994,Q25_50,False,0,0,2
323,36604,113,105,5,3,0.35093168,Q25_50,False,0,1,3
323,68977,213,178,5,3,0.66149068,Q50_75,False,0,1,3
323,14392,44,180,5,2,0.13664596,Q0_25,False,0,1,3
323,37922,117,131,5,3,0.36335404,Q25_50,False,0,1,3
323,30572,94,210,5,2,0.29192547,Q25_50,False,0,2,3
323,20230,62,204,5,2,0.19254658,Q0_25,False,0,0,3
323,15948,49,121,5,2,0.15217391,Q0_25,False,0,2,3
323,58951,182,165,5,3,0.56521739,Q50_75,False,0,1,3
323,82985,256,297,5,3,0.79503106,Q75_100,False,0,1,3
323,80662,249,235,5,3,0.77329193,Q75_100,False,0,1,3
323,15239,47,58,5,2,0.14596273,Q0_25,False,0,0,2
323,84153,260,173,5,3,0.80745342,Q75_100,False,0,1,3
323,91518,283,109,5,3,0.87888199,Q75_100,False,0,1,3
323,93497,289,150,5,3,0.89751553,Q75_100,False,0,1,3
323,67508,209,1,5,3,0.64906832,Q50_75,False,0,0,1
323,18511,57,100,5,2,0.17701863,Q0_25,False,0,1,3
323,55934,173,55,5,3,0.53726708,Q50_75,False,0,0,2
323,101171,313,72,6,3,0.97204969,Q75_100,True,0,0,2
323,1625,5,10,4,1,0.01552795,Q0_25,False,0,1,2
323,69471,215,26,5,3,0.66770186,Q50_75,False,0,0,2
323,86865,268,301,5,3,0.83229814,Q75_100,False,0,2,3
323,952,2,306,3,1,0.00621118,Q0_25,False,0,1,3
323,85037,263,88,5,3,0.81677019,Q75_100,False,0,0,2
323,89408,276,260,5,3,0.85714286,Q75_100,False,0,1,3
323,68978,213,179,5,3,0.66149068,Q50_75,False,0,2,3
323,3696,11,143,4,2,0.03416149,Q0_25,False,0,2,3
323,39835,123,106,5,3,0.38198758,Q25_50,False,0,1,3
323,56270,174,68,5,3,0.54037267,Q50_75,False,0,0,2
323,84981,263,32,5,3,0.81677019,Q75_100,False,0,0,2
323,2636,8,52,4,1,0.02484472,Q0_25,False,0,1,2
323,97398,301,175,5,3,0.93478261,Q75_100,False,0,1,3
323,1033,3,64,4,1,0.00931677,Q0_25,False,0,1,2
323,88786,274,284,5,3,0.85093168,Q75_100,False,0,1,3
323,65469,202,223,5,3,0.62732919,Q50_75,False,0,1,3
323,96924,300,24,5,3,0.93167702,Q75_100,False,0,0,2
323,17744,54,302,5,2,0.16770186,Q0_25,False,0,1,3
323,32933,101,310,5,3,0.3136646,Q25_50,False,0,2,3
323,46038,142,172,5,3,0.44099379,Q25_50,False,0,1,3
323,37039,114,217,5,3,0.35403727,Q25_50,False,0,2,3
323,65296,202,50,5,3,0.62732919,Q50_75,False,0,0,2
323,76289,236,61,5,3,0.73291925,Q50_75,False,0,0,2
323,93995,291,2,5,3,0.90372671,Q75_100,False,0,0,1
323,51449,159,92,5,3,0.49378882,Q25_50,False,0,0,2
323,87516,270,306,5,3,0.83850932,Q75_100,False,0,1,3
323,19860,61,157,5,2,0.18944099,Q0_25,False,0,1,3
323,50426,156,38,5,3,0.48447205,Q25_50,False,0,0,2
323,6349,19,212,4,2,0.05900621,Q0_25,False,0,2,3
323,98132,303,263,5,3,0.94099379,Q75_100,False,0,1,3
323,89663,277,192,5,3,0.86024845,Q75_100,False,0,1,3
323,21652,67,11,5,2,0.20807453,Q0_25,False,0,1,2
323,10081,31,68,5,2,0.09627329,Q0_25,False,0,0,2
323,15525,48,21,5,2,0.14906832,Q0_25,False,0,0,2
323,102889,318,175,6,3,0.98757764,Q75_100,True,0,1,3
323,67269,208,85,5,3,0.64596273,Q50_75,False,0,0,2
323,18132,56,44,5,2,0.17391304,Q0_25,False,0,1,2
323,47467,146,309,5,3,0.45341615,Q25_50,False,0,1,3
323,13036,40,116,5,2,0.1242236,Q0_25,False,0,2,3
323,19175,59,118,5,2,0.18322981,Q0_25,False,0,2,3
323,2927,9,20,4,1,0.02795031,Q0_25,False,0,0,2
323,91999,284,267,5,3,0.88198758,Q75_100,False,0,1,3
323,39796,123,67,5,3,0.38198758,Q25_50,False,0,0,2
323,13458,41,215,5,2,0.12732919,Q0_25,False,0,2,3
323,61984,191,291,5,3,0.5931677,Q50_75,False,0,1,3
323,371,1,48,3,1,0.00310559,Q0_25,False,0,0,2
323,6031,18,217,4,2,0.05590062,Q0_25,False,0,1,3
323,23295,72,39,5,2,0.22360248,Q0_25,False,0,1,2
323,57288,177,117,5,3,0.54968944,Q50_75,False,0,2,3
323,98596,305,81,5,3,0.94720497,Q75_100,False,0,1,2
323,16318,50,168,5,2,0.1552795,Q0_25,False,0,1,3
323,28821,89,74,5,2,0.27639752,Q25_50,False,0,0,2
323,86438,267,197,5,3,0.82919255,Q75_100,False,0,0,3
323,53620,166,2,5,3,0.51552795,Q50_75,False,0,0,1
323,67701,209,194,5,3,0.64906832,Q50_75,False,0,0,3
323,61397,190,27,5,3,0.59006211,Q50_75,False,0,0,2
323,13418,41,175,5,2,0.12732919,Q0_25,False,0,1,3
323,64598,199,321,5,3,0.61801242,Q50_75,False,0,2,3
323,22867,70,257,5,2,0.2173913,Q0_25,False,0,1,3
323,89179,276,31,5,3,0.85714286,Q75_100,False,0,0,2
323,26163,81,0,5,2,0.2515528,Q25_50,False,0,0,1
323,34264,106,26,5,3,0.32919255,Q25_50,False,0,0,2
323,29004,89,257,5,2,0.27639752,Q25_50,False,0,1,3
323,69688,215,243,5,3,0.66770186,Q50_75,False,0,1,3
323,67680,209,173,5,3,0.64906832,Q50_75,False,0,1,3
323,98675,305,160,5,3,0.94720497,Q75_100,False,0,1,3
323,15878,49,51,5,2,0.15217391,Q0_25,False,0,0,2
323,1745,5,130,4,1,0.01552795,Q0_25,False,0,1,3
323,19974,61,271,5,2,0.18944099,Q0_25,False,0,2,3
323,6592,20,132,4,2,0.0621118,Q0_25,False,0,2,3
323,55033,170,123,5,3,0.52795031,Q50_75,False,0,1,3
323,103501,320,141,6,3,0.99378882,Q75_100,True,0,1,3
323,80636,249,209,5,3,0.77329193,Q75_100,False,0,2,3
323,95871,296,263,5,3,0.91925466,Q75_100,False,0,1,3
323,1346,4,54,4,1,0.01242236,Q0_25,False,0,1,2
323,40991,126,293,5,3,0.39130435,Q25_50,False,0,1,3
323,44182,136,254,5,3,0.42236025,Q25_50,False,0,1,3
323,1646,5,31,4,1,0.01552795,Q0_25,False,0,1,2
323,83635,258,301,5,3,0.80124224,Q75_100,False,0,1,3
323,63729,197,98,5,3,0.61180124,Q50_75,False,0,0,2
323,47009,145,174,5,3,0.45031056,Q25_50,False,0,1,3
323,82625,255,260,5,3,0.79192547,Q75_100,False,0,1,3
323,41281,127,260,5,3,0.39440994,Q25_50,False,0,1,3
323,66034,204,142,5,3,0.63354037,Q50_75,False,0,1,3
323,70898,219,161,5,3,0.68012422,Q50_75,False,0,1,3
323,43761,135,156,5,3,0.41925466,Q25_50,False,0,1,3
323,103556,320,196,6,3,0.99378882,Q75_100,True,0,1,3
323,84732,262,106,5,3,0.8136646,Q75_100,False,0,1,3
323,29135,90,65,5,2,0.27950311,Q25_50,False,0,0,2
323,58489,181,26,5,3,0.5621118,Q50_75,False,0,0,2
323,87299,270,89,5,3,0.83850932,Q75_100,False,0,0,2
323,71220,220,160,5,3,0.68322981,Q50_75,False,0,1,3
323,69072,213,273,5,3,0.66149068,Q50_75,False,0,1,3
323,1981,6,43,4,1,0.01863354,Q0_25,False,0,0,2
323,90590,280,150,5,3,0.86956522,Q75_100,False,0,1,3
323,25386,78,192,5,2,0.24223602,Q0_25,False,0,1,3
323,6980,21,197,4,2,0.06521739,Q0_25,False,0,0,3
323,72726,225,51,5,3,0.69875776,Q50_75,False,0,1,2
323,21629,66,311,5,2,0.20496894,Q0_25,False,0,2,3
323,101490,314,68,6,3,0.97515528,Q75_100,True,0,0,2
323,11522,35,217,5,2,0.10869565,Q0_25,False,0,2,3
323,80904,250,154,5,3,0.77639752,Q75_100,False,0,1,3
323,101547,314,125,6,3,0.97515528,Q75_100,True,0,2,3
323,23449,72,193,5,2,0.22360248,Q0_25,False,0,1,3
323,72890,225,215,5,3,0.69875776,Q50_75,False,0,2,3
323,16759,51,286,5,2,0.15838509,Q0_25,False,0,1,3
323,13934,43,45,5,2,0.13354037,Q0_25,False,0,0,2
323,34192,105,277,5,3,0.32608696,Q25_50,False,0,1,3
323,34315,106,77,5,3,0.32919255,Q25_50,False,0,0,2
323,23713,73,134,5,2,0.22670807,Q0_25,False,0,1,3
323,7726,23,297,4,2,0.07142857,Q0_25,False,0,1,3
323,57442,177,271,5,3,0.54968944,Q50_75,False,0,1,3
323,83443,258,109,5,3,0.80124224,Q75_100,False,0,2,3
323,50249,155,184,5,3,0.48136646,Q25_50,False,0,1,3
323,3236,10,6,4,2,0.0310559,Q0_25,False,0,0,1
323,8243,25,168,4,2,0.07763975,Q0_25,False,0,2,3
323,95649,296,41,5,3,0.91925466,Q75_100,False,0,1,2
323,5366,16,198,4,2,0.04968944,Q0_25,False,0,1,3
323,2115,6,177,4,1,0.01863354,Q0_25,False,0,1,3
323,47526,147,45,5,3,0.45652174,Q25_50,False,0,0,2
323,89294,276,146,5,3,0.85714286,Q75_100,False,0,1,3
323,9925,30,235,4,2,0.0931677,Q0_25,False,0,2,3
323,73325,227,4,5,3,0.70496894,Q50_75,False,0,0,1
323,59505,184,73,5,3,0.57142857,Q50_75,False,0,0,2
323,101788,315,43,6,3,0.97826087,Q75_100,True,0,0,2
323,94657,293,18,5,3,0.90993789,Q75_100,False,0,1,2
323,45746,141,203,5,3,0.4378882,Q25_50,False,0,1,3
323,50819,157,108,5,3,0.48757764,Q25_50,False,0,1,3
323,87403,270,193,5,3,0.83850932,Q75_100,False,0,1,3
323,89274,276,126,5,3,0.85714286,Q75_100,False,0,1,3
323,71794,222,88,5,3,0.68944099,Q50_75,False,0,0,2
323,44828,138,254,5,3,0.42857143,Q25_50,False,0,1,3
323,38298,118,184,5,3,0.36645963,Q25_50,False,0,1,3
323,9619,29,252,4,2,0.09006211,Q0_25,False,1,3,3
323,62644,193,305,5,3,0.59937888,Q50_75,False,0,1,3
323,37416,115,271,5,3,0.35714286,Q25_50,False,0,1,3
323,96248,297,317,5,3,0.92236025,Q75_100,False,0,2,3
323,57709,178,215,5,3,0.55279503,Q50_75,False,0,2,3
323,83173,257,162,5,3,0.79813665,Q75_100,False,0,1,3
323,23921,74,19,5,2,0.22981366,Q0_25,False,1,2,2
323,90056,278,262,5,3,0.86335404,Q75_100,False,0,1,3
323,35861,111,8,5,3,0.3447205,Q25_50,False,0,0,1
323,69681,215,236,5,3,0.66770186,Q50_75,False,0,1,3
323,14336,44,124,5,2,0.13664596,Q0_25,False,0,1,3
323,65409,202,163,5,3,0.62732919,Q50_75,False,0,1,3
323,54641,169,54,5,3,0.52484472,Q50_75,False,0,0,2
323,9954,30,264,4,2,0.0931677,Q0_25,False,0,2,3
323,61213,189,166,5,3,0.58695652,Q50_75,False,0,1,3
323,41048,127,27,5,3,0.39440994,Q25_50,False,0,0,2
323,69002,213,203,5,3,0.66149068,Q50_75,False,0,0,3
323,87435,270,225,5,3,0.83850932,Q75_100,False,0,1,3
323,68918,213,119,5,3,0.66149068,Q50_75,False,1,3,3
323,17742,54,300,5,2,0.16770186,Q0_25,False,0,1,3
323,25687,79,170,5,2,0.24534161,Q0_25,False,0,1,3
323,75164,232,228,5,3,0.72049689,Q50_75,False,0,1,3
323,8911,27,190,4,2,0.08385093,Q0_25,False,0,0,3
323,59475,184,43,5,3,0.57142857,Q50_75,False,0,0,2
323,73226,226,228,5,3,0.70186335,Q50_75,False,0,1,3
323,7189,22,83,4,2,0.06832298,Q0_25,False,0,1,2
323,60363,186,285,5,3,0.57763975,Q50_75,False,0,1,3
323,3854,11,301,4,2,0.03416149,Q0_25,False,0,2,3
323,65899,204,7,5,3,0.63354037,Q50_75,False,0,0,1
323,61266,189,219,5,3,0.58695652,Q50_75,False,1,3,3
323,19139,59,82,5,2,0.18322981,Q0_25,False,0,0,2
323,14020,43,131,5,2,0.13354037,Q0_25,False,0,1,3
323,101947,315,202,6,3,0.97826087,Q75_100,True,0,1,3
323,23805,73,226,5,2,0.22670807,Q0_25,False,0,1,3
323,23032,71,99,5,2,0.22049689,Q0_25,False,0,1,2
323,26425,81,262,5,2,0.2515528,Q25_50,False,0,1,3
323,77539,240,19,5,3,0.74534161,Q50_75,False,1,2,2
323,89773,277,302,5,3,0.86024845,Q75_100,False,0,0,3
323,59956,185,201,5,3,0.57453416,Q50_75,False,0,1,3
323,78887,244,75,5,3,0.75776398,Q75_100,False,0,0,2
323,101971,315,226,6,3,0.97826087,Q75_100,True,0,1,3
323,44505,137,254,5,3,0.42546584,Q25_50,False,0,1,3
323,69387,214,265,5,3,0.66459627,Q50_75,False,0,1,3
323,50891,157,180,5,3,0.48757764,Q25_50,False,0,1,3
323,57452,177,281,5,3,0.54968944,Q50_75,False,0,1,3
323,46504,143,315,5,3,0.44409938,Q25_50,False,0,2,3
323,100650,311,197,6,3,0.96583851,Q75_100,True,0,0,3
323,46481,143,292,5,3,0.44409938,Q25_50,False,0,1,3
323,74849,231,236,5,3,0.7173913,Q50_75,False,0,1,3
323,89213,276,65,5,3,0.85714286,Q75_100,False,0,0,2
323,2509,7,248,4,1,0.02173913,Q0_25,False,0,2,3
323,47569,147,88,5,3,0.45652174,Q25_50,False,0,0,2
323,36852,114,30,5,3,0.35403727,Q25_50,False,0,0,2
323,58659,181,196,5,3,0.5621118,Q50_75,False,0,1,3
323,38579,119,142,5,3,0.36956522,Q25_50,False,0,1,3
323,21023,65,28,5,2,0.20186335,Q0_25,False,0,0,2
323,59326,183,217,5,3,0.56832298,Q50_75,False,0,2,3
323,43387,134,105,5,3,0.41614907,Q25_50,False,0,1,3
323,75998,235,93,5,3,0.72981366,Q50_75,False,0,0,2
323,82313,254,271,5,3,0.78881988,Q75_100,False,0,1,3
323,4233,13,34,4,2,0.04037267,Q0_25,False,1,2,2
323,46212,143,23,5,3,0.44409938,Q25_50,False,0,0,2
323,101634,314,212,6,3,0.97515528,Q75_100,True,0,2,3
323,40344,124,292,5,3,0.38509317,Q25_50,False,0,1,3
323,100433,310,303,6,3,0.96273292,Q75_100,True,0,0,3
323,88957,275,132,5,3,0.85403727,Q75_100,False,0,1,3
323,101223,313,124,6,3,0.97204969,Q75_100,True,0,1,3
323,92568,286,190,5,3,0.88819876,Q75_100,False,0,1,3
323,40648,125,273,5,3,0.38819876,Q25_50,False,0,1,3
323,74653,231,40,5,3,0.7173913,Q50_75,False,0,0,2
323,28723,88,299,5,2,0.27329193,Q25_50,False,0,0,3
323,8674,26,276,4,2,0.08074534,Q0_25,False,0,2,3
323,55714,172,158,5,3,0.53416149,Q50_75,False,0,1,3
323,24429,75,204,5,2,0.23291925,Q0_25,False,0,0,3
323,53416,165,121,5,3,0.51242236,Q50_75,False,0,1,3
323,26695,82,209,5,2,0.25465839,Q25_50,False,0,1,3
323,61054,189,7,5,3,0.58695652,Q50_75,False,0,0,1
323,60669,187,268,5,3,0.58074534,Q50_75,False,0,1,3
323,55133,170,223,5,3,0.52795031,Q50_75,False,0,1,3
323,93970,290,300,5,3,0.90062112,Q75_100,False,0,1,3
323,51834,160,154,5,3,0.49689441,Q25_50,False,0,1,3
323,61067,189,20,5,3,0.58695652,Q50_75,False,0,0,2
323,61359,189,312,5,3,0.58695652,Q50_75,False,0,2,3
323,77942,241,99,5,3,0.7484472,Q50_75,False,0,1,2
323,29727,92,11,5,2,0.28571429,Q25_50,False,1,2,2
323,24643,76,95,5,2,0.23602484,Q0_25,False,0,0,2
323,87379,270,169,5,3,0.83850932,Q75_100,False,0,2,3
323,31184,96,176,5,2,0.29813665,Q25_50,False,0,1,3
323,95305,295,20,5,3,0.91614907,Q75_100,False,0,0,2
323,96499,298,245,5,3,0.92546584,Q75_100,False,0,1,3
323,95458,295,173,5,3,0.91614907,Q75_100,False,0,1,3
323,18567,57,156,5,2,0.17701863,Q0_25,False,0,1,3
323,56966,176,118,5,3,0.54658385,Q50_75,False,0,2,3
323,102523,317,132,6,3,0.98447205,Q75_100,True,0,1,3
323,2755,8,171,4,1,0.02484472,Q0_25,False,0,1,3
323,86275,267,34,5,3,0.82919255,Q75_100,False,0,0,2
323,51844,160,164,5,3,0.49689441,Q25_50,False,0,1,3
323,95827,296,219,5,3,0.91925466,Q75_100,False,1,3,3
323,51864,160,184,5,3,0.49689441,Q25_50,False,0,1,3
323,76001,235,96,5,3,0.72981366,Q50_75,False,0,0,2
323,7667,23,238,4,2,0.07142857,Q0_25,False,0,2,3
323,10906,33,247,5,2,0.10248447,Q0_25,False,0,1,3
323,81753,253,34,5,3,0.78571429,Q75_100,False,0,0,2
323,33962,105,47,5,3,0.32608696,Q25_50,False,0,0,2
323,20929,64,257,5,2,0.19875776,Q0_25,False,0,1,3
323,104024,322,18,6,3,1.0,Q75_100,True,1,2,2
323,46539,144,27,5,3,0.44720497,Q25_50,False,0,0,2
323,60359,186,281,5,3,0.57763975,Q50_75,False,0,1,3
323,70194,217,103,5,3,0.67391304,Q50_75,False,0,1,3
323,41194,127,173,5,3,0.39440994,Q25_50,False,0,1,3
323,43666,135,61,5,3,0.41925466,Q25_50,False,0,1,2
323,60586,187,185,5,3,0.58074534,Q50_75,False,0,1,3
323,35218,109,11,5,3,0.33850932,Q25_50,False,0,1,2
323,6199,19,62,4,2,0.05900621,Q0_25,False,0,0,2
323,99820,309,13,5,3,0.95962733,Q75_100,False,0,1,2
323,43941,136,13,5,3,0.42236025,Q25_50,False,0,1,2
323,69091,213,292,5,3,0.66149068,Q50_75,False,0,1,3
323,57456,177,285,5,3,0.54968944,Q50_75,False,0,1,3
323,37275,115,130,5,3,0.35714286,Q25_50,False,0,1,3
323,95858,296,250,5,3,0.91925466,Q75_100,False,0,1,3
323,71044,219,307,5,3,0.68012422,Q50_75,False,0,0,3
323,17818,55,53,5,2,0.17080745,Q0_25,False,0,0,2
323,527,1,204,3,1,0.00310559,Q0_25,False,0,2,3
323,90200,279,83,5,3,0.86645963,Q75_100,False,0,0,2
323,75430,233,171,5,3,0.72360248,Q50_75,False,0,1,3
323,37392,115,247,5,3,0.35714286,Q25_50,False,0,1,3
323,6200,19,63,4,2,0.05900621,Q0_25,False,0,1,2
323,1324,4,32,4,1,0.01242236,Q0_25,False,0,0,2
323,8282,25,207,4,2,0.07763975,Q0_25,False,0,0,3
323,38628,119,191,5,3,0.36956522,Q25_50,False,0,1,3
323,61936,191,243,5,3,0.5931677,Q50_75,False,0,1,3
323,83764,259,107,5,3,0.80434783,Q75_100,False,0,1,3
323,91732,284,0,5,3,0.88198758,Q75_100,False,0,0,1
323,43942,136,14,5,3,0.42236025,Q25_50,False,0,1,2
323,31900,98,246,5,2,0.30434783,Q25_50,False,0,1,3
323,32604,100,304,5,3,0.31055901,Q25_50,False,0,1,3
323,37112,114,290,5,3,0.35403727,Q25_50,False,0,1,3
323,3364,10,134,4,2,0.0310559,Q0_25,False,1,3,3
323,78402,242,236,5,3,0.7515528,Q75_100,False,0,1,3
323,38342,118,228,5,3,0.36645963,Q25_50,False,0,1,3
323,18671,57,260,5,2,0.17701863,Q0_25,False,0,1,3
323,32134,99,157,5,2,0.30745342,Q25_50,False,0,1,3
323,86725,268,161,5,3,0.83229814,Q75_100,False,0,2,3
323,19470,60,90,5,2,0.1863354,Q0_25,False,0,0,2
323,72634,224,282,5,3,0.69565217,Q50_75,False,0,1,3
323,90885,281,122,5,3,0.87267081,Q75_100,False,0,1,3
323,44579,138,5,5,3,0.42857143,Q25_50,False,0,0,1
323,980,3,11,3,1,0.00931677,Q0_25,False,0,0,2
323,43559,134,277,5,3,0.41614907,Q25_50,False,0,1,3
323,75926,235,21,5,3,0.72981366,Q50_75,False,0,1,2
323,95814,296,206,5,3,0.91925466,Q75_100,False,0,1,3
323,82792,256,104,5,3,0.79503106,Q75_100,False,0,2,3
323,31773,98,119,5,2,0.30434783,Q25_50,False,1,3,3
323,49922,154,180,5,3,0.47826087,Q25_50,False,0,1,3
323,21068,65,73,5,2,0.20186335,Q0_25,False,0,0,2
323,79904,247,123,5,3,0.76708075,Q75_100,False,0,1,3
323,6344,19,207,4,2,0.05900621,Q0_25,False,0,1,3
323,28181,87,80,5,2,0.27018634,Q25_50,False,0,0,2
323,97255,301,32,5,3,0.93478261,Q75_100,False,0,0,2
323,65120,201,197,5,3,0.6242236,Q50_75,False,0,1,3
323,103238,319,201,6,3,0.99068323,Q75_100,True,0,0,3
323,75284,233,25,5,3,0.72360248,Q50_75,False,0,0,2
323,28938,89,191,5,2,0.27639752,Q25_50,False,0,1,3
323,54058,167,117,5,3,0.51863354,Q50_75,False,0,2,3
323,7387,22,281,4,2,0.06832298,Q0_25,False,0,1,3
323,72155,223,126,5,3,0.69254658,Q50_75,False,0,1,3
323,20781,64,109,5,2,0.19875776,Q0_25,False,0,2,3
323,22666,70,56,5,2,0.2173913,Q0_25,False,0,0,2
323,7912,24,160,4,2,0.07453416,Q0_25,False,0,1,3
323,31391,97,60,5,2,0.30124224,Q25_50,False,0,0,2
323,20923,64,251,5,2,0.19875776,Q0_25,False,0,1,3
323,83886,259,229,5,3,0.80434783,Q75_100,False,0,2,3
323,85718,265,123,5,3,0.82298137,Q75_100,False,0,1,3
323,54894,169,307,5,3,0.52484472,Q50_75,False,0,1,3
323,38253,118,139,5,3,0.36645963,Q25_50,False,0,2,3
323,77437,239,240,5,3,0.74223602,Q50_75,False,0,1,3
323,24998,77,127,5,2,0.23913043,Q0_25,False,0,1,3
323,66577,206,39,5,3,0.63975155,Q50_75,False,0,1,2
323,74539,230,249,5,3,0.71428571,Q50_75,False,0,2,3
323,23362,72,106,5,2,0.22360248,Q0_25,False,0,1,3
323,71665,221,282,5,3,0.6863354,Q50_75,False,0,1,3
323,83122,257,111,5,3,0.79813665,Q75_100,False,1,3,3
323,9316,28,272,4,2,0.08695652,Q0_25,False,0,1,3
323,22810,70,200,5,2,0.2173913,Q0_25,False,0,0,3
323,4279,13,80,4,2,0.04037267,Q0_25,False,0,0,2
323,32886,101,263,5,3,0.3136646,Q25_50,False,0,1,3
323,48560,150,110,5,3,0.46583851,Q25_50,False,0,2,3
323,12063,37,112,5,2,0.11490683,Q0_25,False,0,2,3
323,83914,259,257,5,3,0.80434783,Q75_100,False,0,1,3
323,67997,210,167,5,3,0.65217391,Q50_75,False,0,1,3
323,93277,288,253,5,3,0.89440994,Q75_100,False,0,1,3
323,43975,136,47,5,3,0.42236025,Q25_50,False,0,0,2
323,103055,319,18,6,3,0.99068323,Q75_100,True,0,1,2
323,68550,212,74,5,3,0.65838509,Q50_75,False,0,0,2
323,60633,187,232,5,3,0.58074534,Q50_75,False,0,1,3
323,86518,267,277,5,3,0.82919255,Q75_100,False,0,1,3
323,34470,106,232,5,3,0.32919255,Q25_50,False,0,1,3
323,71715,222,9,5,3,0.68944099,Q50_75,False,1,1,1
323,102654,317,263,6,3,0.98447205,Q75_100,True,0,2,3
323,82078,254,36,5,3,0.78881988,Q75_100,False,0,0,2
323,16382,50,232,5,2,0.1552795,Q0_25,False,0,1,3
323,27546,85,91,5,2,0.26397516,Q25_50,False,0,0,2
323,90380,279,263,5,3,0.86645963,Q75_100,False,0,1,3
323,78612,243,123,5,3,0.75465839,Q75_100,False,0,1,3
323,83065,257,54,5,3,0.79813665,Q75_100,False,0,0,2
323,38304,118,190,5,3,0.36645963,Q25_50,False,0,1,3
323,50735,157,24,5,3,0.48757764,Q25_50,False,0,0,2
323,40803,126,105,5,3,0.39130435,Q25_50,False,0,1,3
323,55462,171,229,5,3,0.5310559,Q50_75,False,0,2,3
323,46657,144,145,5,3,0.44720497,Q25_50,False,0,1,3
323,93185,288,161,5,3,0.89440994,Q75_100,False,0,2,3
323,99440,307,279,5,3,0.95341615,Q75_100,False,0,2,3
323,61644,190,274,5,3,0.59006211,Q50_75,False,0,1,3
323,36830,114,8,5,3,0.35403727,Q25_50,False,0,0,1
323,64242,198,288,5,3,0.61490683,Q50_75,False,0,0,3
323,92535,286,157,5,3,0.88819876,Q75_100,False,0,1,3
323,44821,138,247,5,3,0.42857143,Q25_50,False,0,1,3
323,75906,235,1,5,3,0.72981366,Q50_75,False,1,1,1
323,76959,238,85,5,3,0.73913043,Q50_75,False,0,0,2
323,67209,208,25,5,3,0.64596273,Q50_75,False,0,0,2
323,81159,251,86,5,3,0.77950311,Q75_100,False,0,0,2
323,37532,116,64,5,3,0.36024845,Q25_50,False,0,0,2
323,49890,154,148,5,3,0.47826087,Q25_50,False,0,1,3
323,86596,268,32,5,3,0.83229814,Q75_100,False,0,0,2
323,48473,150,23,5,3,0.46583851,Q25_50,False,0,0,2
323,43226,133,267,5,3,0.41304348,Q25_50,False,0,1,3
323,33667,104,75,5,3,0.32298137,Q25_50,False,0,0,2
323,11883,36,255,5,2,0.11180124,Q0_25,False,0,1,3
323,44218,136,290,5,3,0.42236025,Q25_50,False,0,1,3
323,69629,215,184,5,3,0.66770186,Q50_75,False,0,1,3
323,27789,86,11,5,2,0.26708075,Q25_50,False,0,1,2
323,30566,94,204,5,2,0.29192547,Q25_50,False,0,0,3
323,75096,232,160,5,3,0.72049689,Q50_75,False,0,1,3
323,31477,97,146,5,2,0.30124224,Q25_50,False,0,1,3
323,28997,89,250,5,2,0.27639752,Q25_50,False,0,1,3
323,77288,239,91,5,3,0.74223602,Q50_75,False,0,0,2
323,85533,264,261,5,3,0.81987578,Q75_100,False,0,1,3
323,69946,216,178,5,3,0.67080745,Q50_75,False,0,1,3
323,54706,169,119,5,3,0.52484472,Q50_75,False,1,3,3
323,21277,65,282,5,2,0.20186335,Q0_25,False,0,1,3
323,58339,180,199,5,3,0.55900621,Q50_75,False,0,1,3
323,96515,298,261,5,3,0.92546584,Q75_100,False,0,2,3
323,97766,302,220,5,3,0.9378882,Q75_100,False,0,1,3
323,51729,160,49,5,3,0.49689441,Q25_50,False,0,1,2
323,19920,61,217,5,2,0.18944099,Q0_25,False,0,2,3
323,102782,318,68,6,3,0.98757764,Q75_100,True,0,0,2
323,85743,265,148,5,3,0.82298137,Q75_100,False,0,1,3
323,81321,251,248,5,3,0.77950311,Q75_100,False,0,1,3
323,95241,294,279,5,3,0.91304348,Q75_100,False,0,1,3
323,46874,145,39,5,3,0.45031056,Q25_50,False,0,1,2
323,32494,100,194,5,3,0.31055901,Q25_50,False,0,1,3
323,18638,57,227,5,2,0.17701863,Q0_25,False,0,1,3
323,92011,284,279,5,3,0.88198758,Q75_100,False,0,1,3
323,14325,44,113,5,2,0.13664596,Q0_25,False,0,2,3
323,20766,64,94,5,2,0.19875776,Q0_25,False,0,0,2
323,59406,183,297,5,3,0.56832298,Q50_75,False,0,0,3
323,88277,273,98,5,3,0.84782609,Q75_100,False,0,0,2
323,9291,28,247,4,2,0.08695652,Q0_25,False,0,0,3
323,78078,241,235,5,3,0.7484472,Q50_75,False,0,1,3
323,28976,89,229,5,2,0.27639752,Q25_50,False,0,2,3
323,54041,167,100,5,3,0.51863354,Q50_75,False,0,1,3
323,19773,61,70,5,2,0.18944099,Q0_25,False,0,0,2
323,2224,6,286,4,1,0.01863354,Q0_25,False,0,2,3
323,90446,280,6,5,3,0.86956522,Q75_100,False,0,0,1
323,50495,156,107,5,3,0.48447205,Q25_50,False,0,1,3
323,100943,312,167,6,3,0.9689441,Q75_100,True,0,1,3
323,43456,134,174,5,3,0.41614907,Q25_50,False,0,1,3
323,21111,65,116,5,2,0.20186335,Q0_25,False,0,2,3
323,48695,150,245,5,3,0.46583851,Q25_50,False,0,1,3
323,38836,120,76,5,3,0.37267081,Q25_50,False,0,0,2
323,54221,167,280,5,3,0.51863354,Q50_75,False,0,1,3
323,102064,315,319,6,3,0.97826087,Q75_100,True,0,1,3
323,32392,100,92,5,3,0.31055901,Q25_50,False,0,0,2
323,100040,309,233,6,3,0.95962733,Q75_100,True,0,1,3
323,36037,111,184,5,3,0.3447205,Q25_50,False,0,1,3
323,74973,232,37,5,3,0.72049689,Q50_75,False,0,0,2
323,166,0,166,3,1,0.0,Q0_25,False,0,2,3
323,4158,12,282,4,2,0.03726708,Q0_25,False,1,3,3
323,22818,70,208,5,2,0.2173913,Q0_25,False,0,1,3
323,22678,70,68,5,2,0.2173913,Q0_25,False,0,0,2
323,47611,147,130,5,3,0.45652174,Q25_50,False,0,1,3
323,31939,98,285,5,2,0.30434783,Q25_50,False,0,1,3
323,78725,243,236,5,3,0.75465839,Q75_100,False,0,1,3
323,52228,161,225,5,3,0.5,Q50_75,False,0,1,3
323,87760,271,227,5,3,0.84161491,Q75_100,False,0,1,3
323,45211,139,314,5,3,0.43167702,Q25_50,False,0,2,3
323,93583,289,236,5,3,0.89751553,Q75_100,False,0,1,3
323,92625,286,247,5,3,0.88819876,Q75_100,False,0,1,3
323,73118,226,120,5,3,0.70186335,Q50_75,False,0,1,3
323,39162,121,79,5,3,0.3757764,Q25_50,False,0,1,2
323,78821,244,9,5,3,0.75776398,Q75_100,False,0,0,1
323,7041,21,258,4,2,0.06521739,Q0_25,False,0,2,3
323,46079,142,213,5,3,0.44099379,Q25_50,False,0,2,3
323,45495,140,275,5,3,0.43478261,Q25_50,False,0,1,3
323,44468,137,217,5,3,0.42546584,Q25_50,False,0,2,3
323,53100,164,128,5,3,0.50931677,Q50_75,False,0,1,3
323,35581,110,51,5,3,0.34161491,Q25_50,False,0,0,2
323,66029,204,137,5,3,0.63354037,Q50_75,False,0,1,3
323,34634,107,73,5,3,0.33229814,Q25_50,False,0,0,2
323,40105,124,53,5,3,0.38509317,Q25_50,False,0,0,2
323,46422,143,233,5,3,0.44409938,Q25_50,False,0,1,3
323,29440,91,47,5,2,0.2826087,Q25_50,False,0,0,2
323,98575,305,60,5,3,0.94720497,Q75_100,False,0,0,2
323,89912,278,118,5,3,0.86335404,Q75_100,False,0,2,3
323,27280,84,148,5,2,0.26086957,Q25_50,False,0,1,3
323,7323,22,217,4,2,0.06832298,Q0_25,False,0,1,3
323,101776,315,31,6,3,0.97826087,Q75_100,True,0,0,2
323,11420,35,115,5,2,0.10869565,Q0_25,False,0,2,3
323,96374,298,120,5,3,0.92546584,Q75_100,False,0,1,3
323,83662,259,5,5,3,0.80434783,Q75_100,False,0,0,1
323,56927,176,79,5,3,0.54658385,Q50_75,False,0,0,2
323,9456,29,89,4,2,0.09006211,Q0_25,False,1,2,2
323,23539,72,283,5,2,0.22360248,Q0_25,False,0,1,3
323,41118,127,97,5,3,0.39440994,Q25_50,False,0,0,2
323,31528,97,197,5,2,0.30124224,Q25_50,False,0,1,3
323,87636,271,103,5,3,0.84161491,Q75_100,False,0,1,3
323,99893,309,86,5,3,0.95962733,Q75_100,False,0,0,2
323,17166,53,47,5,2,0.16459627,Q0_25,False,0,0,2
323,35951,111,98,5,3,0.3447205,Q25_50,False,0,0,2
323,75666,234,84,5,3,0.72670807,Q50_75,False,0,0,2
323,64102,198,148,5,3,0.61490683,Q50_75,False,0,1,3
323,4547,14,25,4,2,0.04347826,Q0_25,False,0,1,2
323,82983,256,295,5,3,0.79503106,Q75_100,False,0,1,3
323,44589,138,15,5,3,0.42857143,Q25_50,False,0,1,2
323,66638,206,100,5,3,0.63975155,Q50_75,False,0,1,3
323,101429,314,7,6,3,0.97515528,Q75_100,True,0,0,1
323,12,0,12,2,1,0.0,Q0_25,False,0,0,2
323,33993,105,78,5,3,0.32608696,Q25_50,False,0,0,2
323,51626,159,269,5,3,0.49378882,Q25_50,False,0,2,3
323,31997,99,20,5,2,0.30745342,Q25_50,False,0,0,2
323,28037,86,259,5,2,0.26708075,Q25_50,False,0,2,3
323,93544,289,197,5,3,0.89751553,Q75_100,False,0,1,3
323,74048,229,81,5,3,0.71118012,Q50_75,False,0,0,2
323,1224,3,255,4,1,0.00931677,Q0_25,False,0,1,3
323,93992,290,322,5,3,0.90062112,Q75_100,False,0,1,3
323,98880,306,42,5,3,0.95031056,Q75_100,False,0,0,2
323,53619,166,1,5,3,0.51552795,Q50_75,False,0,0,1
323,79158,245,23,5,3,0.76086957,Q75_100,False,0,0,2
323,50558,156,170,5,3,0.48447205,Q25_50,False,0,1,3
323,22210,68,246,5,2,0.21118012,Q0_25,False,0,1,3
323,23402,72,146,5,2,0.22360248,Q0_25,False,0,1,3
323,99847,309,40,5,3,0.95962733,Q75_100,False,0,0,2
323,24345,75,120,5,2,0.23291925,Q0_25,False,0,1,3
323,9010,27,289,4,2,0.08385093,Q0_25,False,0,2,3
323,51166,158,132,5,3,0.49068323,Q25_50,False,0,1,3
323,21433,66,115,5,2,0.20496894,Q0_25,False,0,2,3
323,100707,311,254,6,3,0.96583851,Q75_100,True,0,2,3
323,96845,299,268,5,3,0.92857143,Q75_100,False,0,1,3
323,6457,19,320,4,2,0.05900621,Q0_25,False,0,1,3
323,68307,211,154,5,3,0.6552795,Q50_75,False,0,1,3
323,82718,256,30,5,3,0.79503106,Q75_100,False,0,0,2
323,86161,266,243,5,3,0.82608696,Q75_100,False,0,1,3
323,73905,228,261,5,3,0.70807453,Q50_75,False,0,2,3
323,95496,295,211,5,3,0.91614907,Q75_100,False,1,3,3
323,69465,215,20,5,3,0.66770186,Q50_75,False,0,0,2
323,68452,211,299,5,3,0.6552795,Q50_75,False,0,1,3
323,68362,211,209,5,3,0.6552795,Q50_75,False,0,2,3
323,21628,66,310,5,2,0.20496894,Q0_25,False,0,2,3
323,7831,24,79,4,2,0.07453416,Q0_25,False,0,1,2
323,75900,234,318,5,3,0.72670807,Q50_75,False,0,1,3
323,6854,21,71,4,2,0.06521739,Q0_25,False,0,1,2
323,52005,161,2,5,3,0.5,Q50_75,False,0,0,1
323,60992,188,268,5,3,0.58385093,Q50_75,False,0,1,3
323,81995,253,276,5,3,0.78571429,Q75_100,False,0,1,3
323,42243,130,253,5,3,0.40372671,Q25_50,False,0,1,3
323,573,1,250,3,1,0.00310559,Q0_25,False,0,2,3
323,31967,98,313,5,2,0.30434783,Q25_50,False,0,2,3
323,78688,243,199,5,3,0.75465839,Q75_100,False,0,2,3
323,97690,302,144,5,3,0.9378882,Q75_100,False,0,1,3
323,81793,253,74,5,3,0.78571429,Q75_100,False,0,1,2
323,87628,271,95,5,3,0.84161491,Q75_100,False,0,0,2
323,89320,276,172,5,3,0.85714286,Q75_100,False,0,1,3
323,14229,44,17,5,2,0.13664596,Q0_25,False,0,1,2
323,52469,162,143,5,3,0.50310559,Q50_75,False,0,1,3
323,94143,291,150,5,3,0.90372671,Q75_100,False,0,1,3
323,51773,160,93,5,3,0.49689441,Q25_50,False,0,0,2
323,88292,273,113,5,3,0.84782609,Q75_100,False,0,2,3
323,8460,26,62,4,2,0.08074534,Q0_25,False,0,0,2
323,33932,105,17,5,3,0.32608696,Q25_50,False,0,1,2
323,88128,272,272,5,3,0.8447205,Q75_100,False,0,1,3
323,50313,155,248,5,3,0.48136646,Q25_50,False,0,1,3
323,72034,223,5,5,3,0.69254658,Q50_75,False,0,0,1
323,95483,295,198,5,3,0.91614907,Q75_100,False,0,1,3
323,5080,15,235,4,2,0.04658385,Q0_25,False,0,1,3
323,27106,83,297,5,2,0.25776398,Q25_50,False,0,0,3
323,78743,243,254,5,3,0.75465839,Q75_100,False,0,1,3
323,59276,183,167,5,3,0.56832298,Q50_75,False,0,1,3
323,90820,281,57,5,3,0.87267081,Q75_100,False,0,0,2
323,5289,16,121,4,2,0.04968944,Q0_25,False,0,1,3
323,79968,247,187,5,3,0.76708075,Q75_100,False,0,1,3
323,62328,192,312,5,3,0.59627329,Q50_75,False,0,2,3
323,63864,197,233,5,3,0.61180124,Q50_75,False,0,1,3
323,16313,50,163,5,2,0.1552795,Q0_25,False,0,1,3
323,33800,104,208,5,3,0.32298137,Q25_50,False,0,1,3
323,1341,4,49,4,1,0.01242236,Q0_25,False,0,0,2
323,10432,32,96,5,2,0.09937888,Q0_25,False,0,0,2
323,48208,149,81,5,3,0.46273292,Q25_50,False,0,1,2
323,2129,6,191,4,1,0.01863354,Q0_25,False,0,0,3
323,3453,10,223,4,2,0.0310559,Q0_25,False,0,2,3
323,102048,315,303,6,3,0.97826087,Q75_100,True,0,0,3
323,30077,93,38,5,2,0.28881988,Q25_50,False,0,0,2
323,46101,142,235,5,3,0.44099379,Q25_50,False,0,1,3
323,77958,241,115,5,3,0.7484472,Q50_75,False,0,2,3
323,80217,248,113,5,3,0.77018634,Q75_100,False,0,2,3
323,10294,31,281,5,2,0.09627329,Q0_25,False,0,1,3
323,30646,94,284,5,2,0.29192547,Q25_50,False,0,1,3
323,39706,122,300,5,3,0.37888199,Q25_50,False,0,1,3
323,43603,134,321,5,3,0.41614907,Q25_50,False,0,2,3
323,1544,4,252,4,1,0.01242236,Q0_25,False,0,2,3
323,60020,185,265,5,3,0.57453416,Q50_75,False,0,1,3
323,80690,249,263,5,3,0.77329193,Q75_100,False,0,1,3
323,6984,21,201,4,2,0.06521739,Q0_25,False,0,1,3
323,45350,140,130,5,3,0.43478261,Q25_50,False,0,1,3
323,42211,130,221,5,3,0.40372671,Q25_50,False,0,1,3
323,64942,201,19,5,3,0.6242236,Q50_75,False,1,2,2
323,90810,281,47,5,3,0.87267081,Q75_100,False,0,0,2
323,65556,202,310,5,3,0.62732919,Q50_75,False,0,2,3
323,20502,63,153,5,2,0.19565217,Q0_25,False,0,1,3
323,89613,277,142,5,3,0.86024845,Q75_100,False,0,1,3
323,29538,91,145,5,2,0.2826087,Q25_50,False,0,1,3
323,39097,121,14,5,3,0.3757764,Q25_50,False,0,1,2
323,97559,302,13,5,3,0.9378882,Q75_100,False,0,1,2
323,4776,14,254,4,2,0.04347826,Q0_25,False,1,3,3
323,47243,146,85,5,3,0.45341615,Q25_50,False,0,0,2
323,4164,12,288,4,2,0.03726708,Q0_25,False,0,2,3
323,18823,58,89,5,2,0.18012422,Q0_25,False,0,0,2
323,23242,71,309,5,2,0.22049689,Q0_25,False,0,2,3
323,30885,95,200,5,2,0.29503106,Q25_50,False,0,0,3
323,29485,91,92,5,2,0.2826087,Q25_50,False,0,0,2
323,56958,176,110,5,3,0.54658385,Q50_75,False,0,2,3
323,16761,51,288,5,2,0.15838509,Q0_25,False,0,1,3
323,49388,152,292,5,3,0.47204969,Q25_50,False,0,1,3
323,18673,57,262,5,2,0.17701863,Q0_25,False,0,1,3
323,68886,213,87,5,3,0.66149068,Q50_75,False,0,0,2
323,34788,107,227,5,3,0.33229814,Q25_50,False,0,1,3
323,55240,171,7,5,3,0.5310559,Q50_75,False,0,0,1
323,11265,34,283,5,2,0.10559006,Q0_25,False,0,1,3
323,32653,101,30,5,3,0.3136646,Q25_50,False,0,0,2
323,66773,206,235,5,3,0.63975155,Q50_75,False,0,1,3
323,78162,241,319,5,3,0.7484472,Q50_75,False,0,2,3
323,73784,228,140,5,3,0.70807453,Q50_75,False,0,1,3
323,47361,146,203,5,3,0.45341615,Q25_50,False,0,0,3
323,73377,227,56,5,3,0.70496894,Q50_75,False,0,0,2
323,38241,118,127,5,3,0.36645963,Q25_50,False,0,1,3
323,21403,66,85,5,2,0.20496894,Q0_25,False,0,0,2
323,34097,105,182,5,3,0.32608696,Q25_50,False,0,1,3
323,5228,16,60,4,2,0.04968944,Q0_25,False,0,1,2
323,98091,303,222,5,3,0.94099379,Q75_100,False,0,1,3
323,96712,299,135,5,3,0.92857143,Q75_100,False,0,1,3
323,94318,292,2,5,3,0.9068323,Q75_100,False,0,0,1
323,31542,97,211,5,2,0.30124224,Q25_50,False,0,2,3
323,12923,40,3,5,2,0.1242236,Q0_25,False,0,0,1
323,78569,243,80,5,3,0.75465839,Q75_100,False,0,0,2
323,23920,74,18,5,2,0.22981366,Q0_25,False,0,1,2
323,78229,242,63,5,3,0.7515528,Q75_100,False,0,0,2
323,30604,94,242,5,2,0.29192547,Q25_50,False,0,1,3
323,63373,196,65,5,3,0.60869565,Q50_75,False,0,0,2
323,12544,38,270,5,2,0.11801242,Q0_25,False,0,1,3
323,45549,141,6,5,3,0.4378882,Q25_50,False,0,0,1
323,65890,203,321,5,3,0.63043478,Q50_75,False,0,1,3
323,17125,53,6,5,2,0.16459627,Q0_25,False,0,0,1
323,5858,18,44,4,2,0.05590062,Q0_25,False,0,1,2
323,14969,46,111,5,2,0.14285714,Q0_25,False,1,3,3
323,97405,301,182,5,3,0.93478261,Q75_100,False,0,1,3
323,42547,131,234,5,3,0.4068323,Q25_50,False,0,1,3
323,74316,230,26,5,3,0.71428571,Q50_75,False,0,0,2
323,17831,55,66,5,2,0.17080745,Q0_25,False,0,0,2
323,19530,60,150,5,2,0.1863354,Q0_25,False,0,1,3
323,59183,183,74,5,3,0.56832298,Q50_75,False,0,0,2
323,16712,51,239,5,2,0.15838509,Q0_25,False,0,2,3
323,22606,69,319,5,2,0.21428571,Q0_25,False,1,3,3
323,43022,133,63,5,3,0.41304348,Q25_50,False,0,0,2
323,83991,260,11,5,3,0.80745342,Q75_100,False,0,1,2
323,88429,273,250,5,3,0.84782609,Q75_100,False,0,1,3
323,100668,311,215,6,3,0.96583851,Q75_100,True,0,2,3
323,27800,86,22,5,2,0.26708075,Q25_50,False,0,0,2
323,48845,151,72,5,3,0.4689441,Q25_50,False,0,0,2
323,4275,13,76,4,2,0.04037267,Q0_25,False,0,0,2
323,61132,189,85,5,3,0.58695652,Q50_75,False,0,0,2
323,37585,116,117,5,3,0.36024845,Q25_50,False,0,2,3
323,88045,272,189,5,3,0.8447205,Q75_100,False,0,2,3
323,85453,264,181,5,3,0.81987578,Q75_100,False,0,1,3
323,81170,251,97,5,3,0.77950311,Q75_100,False,0,0,2
323,52965,163,316,5,3,0.50621118,Q50_75,False,0,2,3
323,12664,39,67,5,2,0.12111801,Q0_25,False,0,0,2
323,17403,53,284,5,2,0.16459627,Q0_25,False,0,1,3
323,16974,52,178,5,2,0.16149068,Q0_25,False,0,1,3
323,77909,241,66,5,3,0.7484472,Q50_75,False,0,0,2
323,99891,309,84,5,3,0.95962733,Q75_100,False,0,0,2
323,70867,219,130,5,3,0.68012422,Q50_75,False,0,1,3
323,26884,83,75,5,2,0.25776398,Q25_50,False,0,0,2
323,98805,305,290,5,3,0.94720497,Q75_100,False,0,0,3
323,2337,7,76,4,1,0.02173913,Q0_25,False,0,0,2
323,61902,191,209,5,3,0.5931677,Q50_75,False,0,2,3
323,15956,49,129,5,2,0.15217391,Q0_25,False,0,2,3
323,97435,301,212,5,3,0.93478261,Q75_100,False,0,2,3
323,57450,177,279,5,3,0.54968944,Q50_75,False,0,2,3
323,8080,25,5,4,2,0.07763975,Q0_25,False,1,1,1
323,100256,310,126,6,3,0.96273292,Q75_100,True,0,1,3
323,43822,135,217,5,3,0.41925466,Q25_50,False,0,2,3
323,12644,39,47,5,2,0.12111801,Q0_25,False,0,0,2
323,88425,273,246,5,3,0.84782609,Q75_100,False,0,1,3
323,58883,182,97,5,3,0.56521739,Q50_75,False,0,0,2
323,55166,170,256,5,3,0.52795031,Q50_75,False,0,1,3
323,30342,93,303,5,2,0.28881988,Q25_50,False,0,0,3
323,65279,202,33,5,3,0.62732919,Q50_75,False,0,0,2
323,39779,123,50,5,3,0.38198758,Q25_50,False,0,0,2
323,66063,204,171,5,3,0.63354037,Q50_75,False,0,1,3
323,71459,221,76,5,3,0.6863354,Q50_75,False,0,0,2
323,62570,193,231,5,3,0.59937888,Q50_75,False,0,1,3
323,37999,117,208,5,3,0.36335404,Q25_50,False,0,1,3
323,88394,273,215,5,3,0.84782609,Q75_100,False,0,2,3
323,97085,300,185,5,3,0.93167702,Q75_100,False,0,1,3
323,67211,208,27,5,3,0.64596273,Q50_75,False,0,0,2
323,54884,169,297,5,3,0.52484472,Q50_75,False,0,0,3
323,57113,176,265,5,3,0.54658385,Q50_75,False,0,1,3
323,35344,109,137,5,3,0.33850932,Q25_50,False,0,1,3
323,5605,17,114,4,2,0.05279503,Q0_25,False,1,3,3
323,79700,246,242,5,3,0.76397516,Q75_100,False,0,1,3
323,11029,34,47,5,2,0.10559006,Q0_25,False,0,0,2
323,14575,45,40,5,2,0.13975155,Q0_25,False,0,0,2
323,65961,204,69,5,3,0.63354037,Q50_75,False,0,1,2
323,32506,100,206,5,3,0.31055901,Q25_50,False,0,1,3
323,854,2,208,3,1,0.00621118,Q0_25,False,0,0,3
323,20065,62,39,5,2,0.19254658,Q0_25,False,0,1,2
323,10547,32,211,5,2,0.09937888,Q0_25,False,0,2,3
323,43283,134,1,5,3,0.41614907,Q25_50,False,0,0,1
323,39984,123,255,5,3,0.38198758,Q25_50,False,0,1,3
323,56833,175,308,5,3,0.54347826,Q50_75,False,0,1,3
323,102250,316,182,6,3,0.98136646,Q75_100,True,0,1,3
323,49357,152,261,5,3,0.47204969,Q25_50,False,0,2,3
323,88709,274,207,5,3,0.85093168,Q75_100,False,0,1,3
323,28665,88,241,5,2,0.27329193,Q25_50,False,0,1,3
323,17176,53,57,5,2,0.16459627,Q0_25,False,0,0,2
323,77913,241,70,5,3,0.7484472,Q50_75,False,0,0,2
323,68017,210,187,5,3,0.65217391,Q50_75,False,0,1,3
323,74657,231,44,5,3,0.7173913,Q50_75,False,0,0,2
323,65585,203,16,5,3,0.63043478,Q50_75,False,0,1,2
323,45102,139,205,5,3,0.43167702,Q25_50,False,0,1,3
323,77476,239,279,5,3,0.74223602,Q50_75,False,0,2,3
323,43541,134,259,5,3,0.41614907,Q25_50,False,0,2,3
323,100588,311,135,6,3,0.96583851,Q75_100,True,0,2,3
323,49149,152,53,5,3,0.47204969,Q25_50,False,0,0,2
323,65232,201,309,5,3,0.6242236,Q50_75,False,0,2,3
323,10392,32,56,5,2,0.09937888,Q0_25,False,0,0,2
323,56111,173,232,5,3,0.53726708,Q50_75,False,0,1,3
323,66419,205,204,5,3,0.63664596,Q50_75,False,0,1,3
323,38855,120,95,5,3,0.37267081,Q25_50,False,0,0,2
323,74038,229,71,5,3,0.71118012,Q50_75,False,0,0,2
323,100781,312,5,6,3,0.9689441,Q75_100,True,1,1,1
323,68652,212,176,5,3,0.65838509,Q50_75,False,0,1,3
323,44055,136,127,5,3,0.42236025,Q25_50,False,0,1,3
323,23322,72,66,5,2,0.22360248,Q0_25,False,0,0,2
323,2141,6,203,4,1,0.01863354,Q0_25,False,0,2,3
323,103528,320,168,6,3,0.99378882,Q75_100,True,0,1,3
323,14086,43,197,5,2,0.13354037,Q0_25,False,0,1,3
323,69160,214,38,5,3,0.66459627,Q50_75,False,0,0,2
323,8786,27,65,4,2,0.08385093,Q0_25,False,0,0,2
323,88705,274,203,5,3,0.85093168,Q75_100,False,0,1,3
323,17304,53,185,5,2,0.16459627,Q0_25,False,0,1,3
323,14736,45,201,5,2,0.13975155,Q0_25,False,0,1,3
323,84413,261,110,5,3,0.81055901,Q75_100,False,0,2,3
323,10398,32,62,5,2,0.09937888,Q0_25,False,0,0,2
323,70845,219,108,5,3,0.68012422,Q50_75,False,0,1,3
323,29513,91,120,5,2,0.2826087,Q25_50,False,0,1,3
323,85149,263,200,5,3,0.81677019,Q75_100,False,0,0,3
323,54266,168,2,5,3,0.52173913,Q50_75,False,0,0,1
323,14051,43,162,5,2,0.13354037,Q0_25,False,0,1,3
323,87292,270,82,5,3,0.83850932,Q75_100,False,0,0,2
323,18049,55,284,5,2,0.17080745,Q0_25,False,0,1,3
323,96380,298,126,5,3,0.92546584,Q75_100,False,0,1,3
323,38845,120,85,5,3,0.37267081,Q25_50,False,0,0,2
323,49901,154,159,5,3,0.47826087,Q25_50,False,0,1,3
323,91390,282,304,5,3,0.8757764,Q75_100,False,0,0,3
323,85840,265,245,5,3,0.82298137,Q75_100,False,0,1,3
323,44920,139,23,5,3,0.43167702,Q25_50,False,0,0,2
323,74277,229,310,5,3,0.71118012,Q50_75,False,0,2,3
323,8506,26,108,4,2,0.08074534,Q0_25,False,1,3,3
323,21538,66,220,5,2,0.20496894,Q0_25,False,0,1,3
323,2563,7,302,4,1,0.02173913,Q0_25,False,0,2,3
323,18767,58,33,5,2,0.18012422,Q0_25,False,0,0,2
323,15269,47,88,5,2,0.14596273,Q0_25,False,0,0,2
323,40820,126,122,5,3,0.39130435,Q25_50,False,0,1,3
323,35147,108,263,5,3,0.33540373,Q25_50,False,0,1,3
323,64290,199,13,5,3,0.61801242,Q50_75,False,0,1,2
323,59574,184,142,5,3,0.57142857,Q50_75,False,0,1,3
323,83158,257,147,5,3,0.79813665,Q75_100,False,0,1,3
323,50282,155,217,5,3,0.48136646,Q25_50,False,0,2,3
323,73433,227,112,5,3,0.70496894,Q50_75,False,0,2,3
323,1260,3,291,4,1,0.00931677,Q0_25,False,0,0,3
323,37688,116,220,5,3,0.36024845,Q25_50,False,0,1,3
323,61467,190,97,5,3,0.59006211,Q50_75,False,0,0,2
323,31360,97,29,5,2,0.30124224,Q25_50,False,0,1,2
323,83523,258,189,5,3,0.80124224,Q75_100,False,0,1,3
323,51700,160,20,5,3,0.49689441,Q25_50,False,0,0,2
323,19790,61,87,5,2,0.18944099,Q0_25,False,0,0,2
323,31438,97,107,5,2,0.30124224,Q25_50,False,0,1,3
323,19425,60,45,5,2,0.1863354,Q0_25,False,0,0,2
323,84302,260,322,5,3,0.80745342,Q75_100,False,0,1,3
323,24635,76,87,5,2,0.23602484,Q0_25,False,0,0,2
323,83820,259,163,5,3,0.80434783,Q75_100,False,0,1,3
323,84097,260,117,5,3,0.80745342,Q75_100,False,0,2,3
323,100906,312,130,6,3,0.9689441,Q75_100,True,0,2,3
323,73806,228,162,5,3,0.70807453,Q50_75,False,0,1,3
323,29570,91,177,5,2,0.2826087,Q25_50,False,0,1,3
323,59405,183,296,5,3,0.56832298,Q50_75,False,0,0,3
323,85907,265,312,5,3,0.82298137,Q75_100,False,0,2,3
323,2506,7,245,4,1,0.02173913,Q0_25,False,1,3,3
323,98731,305,216,5,3,0.94720497,Q75_100,False,0,2,3
377,29635,78,229,5,2,0.20744681,Q0_25,False,0,1,3
377,76571,203,40,5,3,0.53989362,Q50_75,False,0,1,2
377,3342,8,326,4,1,0.0212766,Q0_25,False,0,1,3
377,140762,373,141,6,3,0.99202128,Q75_100,True,0,0,3
377,33451,88,275,5,2,0.23404255,Q0_25,False,0,0,3
377,51563,136,291,5,3,0.36170213,Q25_50,False,0,2,3
377,99404,263,253,5,3,0.69946809,Q50_75,False,0,1,3
377,60814,161,117,5,3,0.42819149,Q25_50,False,0,1,3
377,27171,72,27,5,2,0.19148936,Q0_25,False,0,0,2
377,1664,4,156,4,1,0.0106383,Q0_25,False,0,0,3
377,42492,112,268,5,3,0.29787234,Q25_50,False,0,1,3
377,119713,317,204,6,3,0.84308511,Q75_100,True,0,0,3
377,71096,188,220,5,3,0.5,Q50_75,False,0,2,3
377,65160,172,316,5,3,0.45744681,Q25_50,False,0,0,3
377,62188,164,360,5,3,0.43617021,Q25_50,False,0,1,3
377,56207,149,34,5,3,0.3962766,Q25_50,False,0,0,2
377,138106,366,124,6,3,0.97340426,Q75_100,True,0,1,3
377,5172,13,271,4,2,0.03457447,Q0_25,False,0,1,3
377,84110,223,39,5,3,0.59308511,Q50_75,False,0,0,2
377,13235,35,40,5,2,0.09308511,Q0_25,False,0,0,2
377,45760,121,143,5,3,0.32180851,Q25_50,False,0,2,3
377,79187,210,17,5,3,0.55851064,Q50_75,False,0,0,2
377,140156,371,289,6,3,0.98670213,Q75_100,True,0,2,3
377,43674,115,319,5,3,0.30585106,Q25_50,False,0,1,3
377,76061,201,284,5,3,0.53457447,Q50_75,False,0,0,3
377,3347,8,331,4,1,0.0212766,Q0_25,False,0,0,3
377,12697,33,256,5,2,0.08776596,Q0_25,False,0,1,3
377,135330,358,364,6,3,0.95212766,Q75_100,True,0,1,3
377,51791,137,142,5,3,0.3643617,Q25_50,False,0,1,3
377,139192,369,79,6,3,0.98138298,Q75_100,True,0,0,2
377,35636,94,198,5,2,0.25,Q25_50,False,0,1,3
377,111431,295,216,6,3,0.78457447,Q75_100,True,0,1,3
377,94877,251,250,5,3,0.66755319,Q50_75,False,0,0,3
377,14432,38,106,5,2,0.10106383,Q0_25,False,0,1,3
377,77511,205,226,5,3,0.54521277,Q50_75,False,0,0,3
377,78937,209,144,5,3,0.55585106,Q50_75,False,0,1,3
377,47728,126,226,5,3,0.33510638,Q25_50,False,0,0,3
377,32513,86,91,5,2,0.2287234,Q0_25,False,0,1,2
377,49495,131,108,5,3,0.34840426,Q25_50,False,0,1,3
377,104959,278,153,6,3,0.7393617,Q50_75,True,0,1,3
377,139721,370,231,6,3,0.98404255,Q75_100,True,0,0,3
377,39217,104,9,5,3,0.27659574,Q25_50,False,1,1,1
377,137478,364,250,6,3,0.96808511,Q75_100,True,0,0,3
377,53575,142,41,5,3,0.37765957,Q25_50,False,0,0,2
377,82980,220,40,5,3,0.58510638,Q50_75,False,0,0,2
377,1721,4,213,4,1,0.0106383,Q0_25,False,0,0,3
377,77947,206,285,5,3,0.54787234,Q50_75,False,0,1,3
377,48486,128,230,5,3,0.34042553,Q25_50,False,0,1,3
377,94510,250,260,5,3,0.66489362,Q50_75,False,0,2,3
377,90174,239,71,5,3,0.6356383,Q50_75,False,0,1,2
377,108186,286,364,6,3,0.7606383,Q75_100,True,0,0,3
377,71605,189,352,5,3,0.50265957,Q50_75,False,0,0,3
377,18443,48,347,5,2,0.12765957,Q0_25,False,0,0,3
377,86610,229,277,5,3,0.60904255,Q50_75,False,0,1,3
377,33158,87,359,5,2,0.23138298,Q0_25,False,0,0,3
377,16753,44,165,5,2,0.11702128,Q0_25,False,1,3,3
377,48785,129,152,5,3,0.34308511,Q25_50,False,0,1,3
377,89215,236,243,5,3,0.62765957,Q50_75,False,0,1,3
377,35721,94,283,5,2,0.25,Q25_50,False,0,0,3
377,74437,197,168,5,3,0.52393617,Q50_75,False,0,2,3
377,48448,128,192,5,3,0.34042553,Q25_50,False,0,1,3
377,65968,174,370,5,3,0.46276596,Q25_50,False,0,0,3
377,26384,69,371,5,2,0.18351064,Q0_25,False,0,0,3
377,93471,247,352,5,3,0.65691489,Q50_75,False,0,0,3
377,2419,6,157,4,1,0.01595745,Q0_25,False,0,1,3
377,40823,108,107,5,3,0.28723404,Q25_50,False,0,1,3
377,54190,143,279,5,3,0.38031915,Q25_50,False,0,2,3
377,92746,246,4,5,3,0.65425532,Q50_75,False,0,0,1
377,46839,124,91,5,3,0.32978723,Q25_50,False,0,1,2
377,89399,237,50,5,3,0.63031915,Q50_75,False,0,0,2
377,72605,192,221,5,3,0.5106383,Q50_75,False,0,2,3
377,67703,179,220,5,3,0.47606383,Q25_50,False,0,0,3
377,93657,248,161,5,3,0.65957447,Q50_75,False,1,3,3
377,50985,135,90,5,3,0.35904255,Q25_50,False,0,1,2
377,71037,188,161,5,3,0.5,Q50_75,False,0,2,3
377,127599,338,173,6,3,0.89893617,Q75_100,True,0,1,3
377,102079,270,289,6,3,0.71808511,Q50_75,True,0,1,3
377,68664,182,50,5,3,0.48404255,Q25_50,False,0,0,2
377,30615,81,78,5,2,0.21542553,Q0_25,False,0,0,2
377,124275,329,242,6,3,0.875,Q75_100,True,0,0,3
377,63482,168,146,5,3,0.44680851,Q25_50,False,0,2,3
377,139786,370,296,6,3,0.98404255,Q75_100,True,0,2,3
377,15382,40,302,5,2,0.10638298,Q0_25,False,0,0,3
377,102236,271,69,6,3,0.72074468,Q50_75,True,0,1,2
377,36899,97,330,5,2,0.25797872,Q25_50,False,0,0,3
377,99677,264,149,5,3,0.70212766,Q50_75,False,0,2,3
377,103413,274,115,6,3,0.7287234,Q50_75,True,0,2,3
377,97888,259,245,5,3,0.68882979,Q50_75,False,0,1,3
377,135082,358,116,6,3,0.95212766,Q75_100,True,0,2,3
377,130178,345,113,6,3,0.91755319,Q75_100,True,0,0,3
377,9599,25,174,4,2,0.06648936,Q0_25,False,0,1,3
377,21100,55,365,5,2,0.1462766,Q0_25,False,0,1,3
377,10787,28,231,5,2,0.07446809,Q0_25,False,0,1,3
377,89408,237,59,5,3,0.63031915,Q50_75,False,0,1,2
377,21406,56,294,5,2,0.14893617,Q0_25,False,0,0,3
377,88782,235,187,5,3,0.625,Q50_75,False,0,2,3
377,86189,228,233,5,3,0.60638298,Q50_75,False,0,1,3
377,35815,95,0,5,2,0.25265957,Q25_50,False,0,0,1
377,83877,222,183,5,3,0.59042553,Q50_75,False,0,2,3
377,48451,128,195,5,3,0.34042553,Q25_50,False,0,2,3
377,69675,184,307,5,3,0.4893617,Q25_50,False,0,0,3
377,112207,297,238,6,3,0.78989362,Q75_100,True,0,1,3
377,114883,304,275,6,3,0.80851064,Q75_100,True,0,0,3
377,27977,74,79,5,2,0.19680851,Q0_25,False,0,0,2
377,38841,103,10,5,3,0.27393617,Q25_50,False,0,0,2
377,115554,306,192,6,3,0.81382979,Q75_100,True,0,2,3
377,132736,352,32,6,3,0.93617021,Q75_100,True,0,1,2
377,71875,190,245,5,3,0.50531915,Q50_75,False,0,1,3
377,35034,92,350,5,2,0.24468085,Q0_25,False,0,0,3
377,55942,148,146,5,3,0.39361702,Q25_50,False,0,1,3
377,110482,293,21,6,3,0.77925532,Q75_100,True,0,0,2
377,107737,285,292,6,3,0.75797872,Q75_100,True,0,0,3
377,98124,260,104,5,3,0.69148936,Q50_75,False,0,1,3
377,39308,104,100,5,3,0.27659574,Q25_50,False,0,2,3
377,141047,374,49,6,3,0.99468085,Q75_100,True,0,0,2
377,97023,257,134,5,3,0.68351064,Q50_75,False,0,0,3
377,19671,52,67,5,2,0.13829787,Q0_25,False,0,1,2
377,79477,210,307,5,3,0.55851064,Q50_75,False,0,0,3
377,79154,209,361,5,3,0.55585106,Q50_75,False,0,1,3
377,33801,89,248,5,2,0.23670213,Q0_25,False,0,1,3
377,30259,80,99,5,2,0.21276596,Q0_25,False,0,1,2
377,29932,79,149,5,2,0.21010638,Q0_25,False,0,1,3
377,132572,351,245,6,3,0.93351064,Q75_100,True,0,1,3
377,52759,139,356,5,3,0.36968085,Q25_50,False,0,0,3
377,44736,118,250,5,3,0.31382979,Q25_50,False,0,1,3
377,67590,179,107,5,3,0.47606383,Q25_50,False,0,2,3
377,54658,144,370,5,3,0.38297872,Q25_50,False,0,0,3
377,114082,302,228,6,3,0.80319149,Q75_100,True,0,1,3
377,18002,47,283,5,2,0.125,Q0_25,False,0,0,3
377,18229,48,133,5,2,0.12765957,Q0_25,False,0,1,3
377,3412,9,19,4,1,0.02393617,Q0_25,False,0,0,2
377,94985,251,358,5,3,0.66755319,Q50_75,False,0,0,3
377,33309,88,133,5,2,0.23404255,Q0_25,False,0,2,3
377,115841,307,102,6,3,0.81648936,Q75_100,True,0,1,3
377,18567,49,94,5,2,0.13031915,Q0_25,False,0,0,2
377,109798,291,91,6,3,0.77393617,Q75_100,True,0,0,2
377,5629,14,351,4,2,0.03723404,Q0_25,False,0,0,3
377,97801,259,158,5,3,0.68882979,Q50_75,False,0,1,3
377,26156,69,143,5,2,0.18351064,Q0_25,False,0,1,3
377,33016,87,217,5,2,0.23138298,Q0_25,False,0,2,3
377,104880,278,74,6,3,0.7393617,Q50_75,True,0,1,2
377,76412,202,258,5,3,0.53723404,Q50_75,False,0,0,3
377,66477,176,125,5,3,0.46808511,Q25_50,False,0,0,3
377,116679,309,186,6,3,0.82180851,Q75_100,True,0,0,3
377,91721,243,110,5,3,0.6462766,Q50_75,False,0,2,3
377,20859,55,124,5,2,0.1462766,Q0_25,False,0,1,3
377,45781,121,164,5,3,0.32180851,Q25_50,False,1,3,3
377,63443,168,107,5,3,0.44680851,Q25_50,False,0,2,3
377,83954,222,260,5,3,0.59042553,Q50_75,False,0,2,3
377,2622,6,360,4,1,0.01595745,Q0_25,False,0,1,3
377,138759,368,23,6,3,0.9787234,Q75_100,True,0,0,2
377,86584,229,251,5,3,0.60904255,Q50_75,False,0,2,3
377,66130,175,155,5,3,0.46542553,Q25_50,False,0,2,3
377,117423,311,176,6,3,0.82712766,Q75_100,True,0,1,3
377,8161,21,244,4,2,0.05585106,Q0_25,False,0,0,3
377,9456,25,31,4,2,0.06648936,Q0_25,False,0,0,2
377,51401,136,129,5,3,0.36170213,Q25_50,False,0,2,3
377,51735,137,86,5,3,0.3643617,Q25_50,False,0,0,2
377,82818,219,255,5,3,0.58244681,Q50_75,False,0,1,3
377,117614,311,367,6,3,0.82712766,Q75_100,True,0,1,3
377,36873,97,304,5,2,0.25797872,Q25_50,False,0,0,3
377,2811,7,172,4,1,0.01861702,Q0_25,False,0,1,3
377,83535,221,218,5,3,0.58776596,Q50_75,False,0,1,3
377,133419,353,338,6,3,0.93882979,Q75_100,True,0,0,3
377,49283,130,273,5,3,0.34574468,Q25_50,False,0,1,3
377,38992,103,161,5,3,0.27393617,Q25_50,False,0,2,3
377,72106,191,99,5,3,0.50797872,Q50_75,False,0,1,2
377,83575,221,258,5,3,0.58776596,Q50_75,False,0,1,3
377,89565,237,216,5,3,0.63031915,Q50_75,False,0,1,3
377,133225,353,144,6,3,0.93882979,Q75_100,True,0,0,3
377,9082,24,34,4,2,0.06382979,Q0_25,False,0,1,2
377,141583,375,208,6,3,0.99734043,Q75_100,True,0,0,3
377,56495,149,322,5,3,0.3962766,Q25_50,False,0,1,3
377,52382,138,356,5,3,0.36702128,Q25_50,False,0,0,3
377,122587,325,62,6,3,0.8643617,Q75_100,True,0,0,2
377,43499,115,144,5,3,0.30585106,Q25_50,False,0,1,3
377,117143,310,273,6,3,0.82446809,Q75_100,True,0,0,3
377,45744,121,127,5,3,0.32180851,Q25_50,False,0,0,3
377,13224,35,29,5,2,0.09308511,Q0_25,False,0,0,2
377,90131,239,28,5,3,0.6356383,Q50_75,False,0,0,2
377,10930,28,374,5,2,0.07446809,Q0_25,False,0,0,3
377,65390,173,169,5,3,0.46010638,Q25_50,False,1,3,3
377,79213,210,43,5,3,0.55851064,Q50_75,False,0,0,2
377,72109,191,102,5,3,0.50797872,Q50_75,False,0,2,3
377,93362,247,243,5,3,0.65691489,Q50_75,False,0,1,3
377,132949,352,245,6,3,0.93617021,Q75_100,True,0,1,3
377,26637,70,247,5,2,0.18617021,Q0_25,False,0,0,3
377,116519,309,26,6,3,0.82180851,Q75_100,True,0,0,2
377,13930,36,358,5,2,0.09574468,Q0_25,False,0,0,3
377,116942,310,72,6,3,0.82446809,Q75_100,True,0,0,2
377,41698,110,228,5,3,0.29255319,Q25_50,False,0,0,3
377,12746,33,305,5,2,0.08776596,Q0_25,False,0,1,3
377,16125,42,291,5,2,0.11170213,Q0_25,False,0,0,3
377,4867,12,343,4,2,0.03191489,Q0_25,False,0,0,3
377,64749,171,282,5,3,0.45478723,Q25_50,False,0,0,3
377,36812,97,243,5,2,0.25797872,Q25_50,False,0,0,3
377,128154,339,351,6,3,0.90159574,Q75_100,True,0,0,3
377,22059,58,193,5,2,0.15425532,Q0_25,False,0,2,3
377,126116,334,198,6,3,0.88829787,Q75_100,True,0,1,3
377,65503,173,282,5,3,0.46010638,Q25_50,False,0,0,3
377,23179,61,182,5,2,0.16223404,Q0_25,False,0,1,3
377,17283,45,318,5,2,0.11968085,Q0_25,False,0,0,3
377,138627,367,268,6,3,0.97606383,Q75_100,True,0,2,3
377,86623,229,290,5,3,0.60904255,Q50_75,False,0,1,3
377,76859,203,328,5,3,0.53989362,Q50_75,False,0,0,3
377,120967,320,327,6,3,0.85106383,Q75_100,True,0,0,3
377,61669,163,218,5,3,0.43351064,Q25_50,False,0,0,3
377,49124,130,114,5,3,0.34574468,Q25_50,False,0,1,3
377,133538,354,80,6,3,0.94148936,Q75_100,True,0,0,2
377,68343,181,106,5,3,0.48138298,Q25_50,False,0,2,3
377,53485,141,328,5,3,0.375,Q25_50,False,0,0,3
377,3654,9,261,4,1,0.02393617,Q0_25,False,0,1,3
377,54268,143,357,5,3,0.38031915,Q25_50,False,0,0,3
377,53384,141,227,5,3,0.375,Q25_50,False,0,2,3
377,26858,71,91,5,2,0.18882979,Q0_25,False,0,0,2
377,30618,81,81,5,2,0.21542553,Q0_25,False,0,0,2
377,8320,22,26,4,2,0.05851064,Q0_25,False,0,1,2
377,73294,194,156,5,3,0.51595745,Q50_75,False,0,0,3
377,11114,29,181,5,2,0.07712766,Q0_25,False,0,1,3
377,27,0,27,2,1,0.0,Q0_25,False,0,0,2
377,132889,352,185,6,3,0.93617021,Q75_100,True,0,0,3
377,22510,59,267,5,2,0.15691489,Q0_25,False,0,1,3
377,108183,286,361,6,3,0.7606383,Q75_100,True,0,0,3
377,13509,35,314,5,2,0.09308511,Q0_25,False,0,0,3
377,129259,342,325,6,3,0.90957447,Q75_100,True,0,0,3
377,2018,5,133,4,1,0.01329787,Q0_25,False,0,0,3
377,9811,26,9,4,2,0.06914894,Q0_25,False,0,0,1
377,129214,342,280,6,3,0.90957447,Q75_100,True,0,1,3
377,63154,167,195,5,3,0.44414894,Q25_50,False,0,1,3
377,89335,236,363,5,3,0.62765957,Q50_75,False,0,1,3
377,69827,185,82,5,3,0.49202128,Q25_50,False,0,0,2
377,115501,306,139,6,3,0.81382979,Q75_100,True,0,2,3
377,24147,64,19,5,2,0.17021277,Q0_25,False,0,1,2
377,101638,269,225,6,3,0.71542553,Q50_75,True,0,1,3
377,86297,228,341,5,3,0.60638298,Q50_75,False,0,1,3
377,53676,142,142,5,3,0.37765957,Q25_50,False,0,1,3
377,53176,141,19,5,3,0.375,Q25_50,False,0,0,2
377,116789,309,296,6,3,0.82180851,Q75_100,True,0,0,3
377,60659,160,339,5,3,0.42553191,Q25_50,False,0,0,3
377,7050,18,264,4,2,0.04787234,Q0_25,False,0,1,3
377,139211,369,98,6,3,0.98138298,Q75_100,True,0,0,2
377,56249,149,76,5,3,0.3962766,Q25_50,False,0,0,2
377,72386,192,2,5,3,0.5106383,Q50_75,False,0,0,1
377,52172,138,146,5,3,0.36702128,Q25_50,False,0,2,3
377,64684,171,217,5,3,0.45478723,Q25_50,False,0,2,3
377,93219,247,100,5,3,0.65691489,Q50_75,False,0,2,3
377,96487,255,352,5,3,0.67819149,Q50_75,False,0,0,3
377,44601,118,115,5,3,0.31382979,Q25_50,False,0,1,3
377,45686,121,69,5,3,0.32180851,Q25_50,False,0,1,2
377,90480,240,0,5,3,0.63829787,Q50_75,False,0,0,1
377,22692,60,72,5,2,0.15957447,Q0_25,False,0,0,2
377,72248,191,241,5,3,0.50797872,Q50_75,False,0,0,3
377,23221,61,224,5,2,0.16223404,Q0_25,False,0,1,3
377,15859,42,25,5,2,0.11170213,Q0_25,False,0,0,2
377,117730,312,106,6,3,0.82978723,Q75_100,True,0,1,3
377,52938,140,158,5,3,0.37234043,Q25_50,False,0,0,3
377,16274,43,63,5,2,0.1143617,Q0_25,False,0,1,2
377,57145,151,218,5,3,0.40159574,Q25_50,False,0,0,3
377,20610,54,252,5,2,0.14361702,Q0_25,False,0,1,3
377,22213,58,347,5,2,0.15425532,Q0_25,False,0,0,3
377,43560,115,205,5,3,0.30585106,Q25_50,False,0,1,3
377,78449,208,33,5,3,0.55319149,Q50_75,False,0,0,2
377,98183,260,163,5,3,0.69148936,Q50_75,False,1,3,3
377,255,0,255,3,1,0.0,Q0_25,False,0,1,3
377,10792,28,236,5,2,0.07446809,Q0_25,False,0,1,3
377,49598,131,211,5,3,0.34840426,Q25_50,False,0,1,3
377,135780,360,60,6,3,0.95744681,Q75_100,True,0,0,2
377,127736,338,310,6,3,0.89893617,Q75_100,True,0,0,3
377,112648,298,302,6,3,0.79255319,Q75_100,True,0,0,3
377,95142,252,138,5,3,0.67021277,Q50_75,False,0,0,3
377,9028,23,357,4,2,0.06117021,Q0_25,False,0,0,3
377,40592,107,253,5,3,0.28457447,Q25_50,False,0,2,3
377,19179,50,329,5,2,0.13297872,Q0_25,False,0,0,3
377,68645,182,31,5,3,0.48404255,Q25_50,False,0,0,2
377,103224,273,303,6,3,0.72606383,Q50_75,True,0,0,3
377,139063,368,327,6,3,0.9787234,Q75_100,True,0,0,3
377,132390,351,63,6,3,0.93351064,Q75_100,True,0,1,2
377,69073,183,82,5,3,0.48670213,Q25_50,False,0,0,2
377,111816,296,224,6,3,0.78723404,Q75_100,True,0,0,3
377,46408,123,37,5,3,0.32712766,Q25_50,False,0,0,2
377,1810,4,302,4,1,0.0106383,Q0_25,False,0,0,3
377,61335,162,261,5,3,0.43085106,Q25_50,False,0,2,3
377,14916,39,213,5,2,0.1037234,Q0_25,False,0,2,3
377,27366,72,222,5,2,0.19148936,Q0_25,False,0,1,3
377,61727,163,276,5,3,0.43351064,Q25_50,False,0,0,3
377,135737,360,17,6,3,0.95744681,Q75_100,True,0,1,2
377,34141,90,211,5,2,0.2393617,Q0_25,False,0,1,3
377,23543,62,169,5,2,0.16489362,Q0_25,False,0,2,3
377,19443,51,216,5,2,0.1356383,Q0_25,False,0,1,3
377,71710,190,80,5,3,0.50531915,Q50_75,False,0,1,2
377,83045,220,105,5,3,0.58510638,Q50_75,False,0,1,3
377,100135,265,230,6,3,0.70478723,Q50_75,True,0,1,3
377,124877,331,90,6,3,0.88031915,Q75_100,True,0,0,2
377,108718,288,142,6,3,0.76595745,Q75_100,True,0,2,3
377,70802,187,303,5,3,0.49734043,Q25_50,False,0,0,3
377,59411,157,222,5,3,0.41755319,Q25_50,False,0,0,3
377,137303,364,75,6,3,0.96808511,Q75_100,True,0,0,2
377,81896,217,87,5,3,0.57712766,Q50_75,False,0,0,2
377,26125,69,112,5,2,0.18351064,Q0_25,False,0,1,3
377,69406,184,38,5,3,0.4893617,Q25_50,False,0,0,2
377,9813,26,11,4,2,0.06914894,Q0_25,False,0,0,2
377,136676,362,202,6,3,0.96276596,Q75_100,True,0,0,3
377,66041,175,66,5,3,0.46542553,Q25_50,False,0,1,2
377,136238,361,141,6,3,0.96010638,Q75_100,True,0,1,3
377,34042,90,112,5,2,0.2393617,Q0_25,False,0,1,3
377,76200,202,46,5,3,0.53723404,Q50_75,False,0,0,2
377,116782,309,289,6,3,0.82180851,Q75_100,True,0,1,3
377,29891,79,108,5,2,0.21010638,Q0_25,False,0,1,3
377,138156,366,174,6,3,0.97340426,Q75_100,True,0,1,3
377,118787,315,32,6,3,0.83776596,Q75_100,True,0,0,2
377,46189,122,195,5,3,0.32446809,Q25_50,False,0,2,3
377,92691,245,326,5,3,0.65159574,Q50_75,False,0,1,3
377,104735,277,306,6,3,0.73670213,Q50_75,True,0,0,3
377,49383,130,373,5,3,0.34574468,Q25_50,False,0,1,3
377,63380,168,44,5,3,0.44680851,Q25_50,False,0,0,2
377,115214,305,229,6,3,0.81117021,Q75_100,True,0,2,3
377,70873,187,374,5,3,0.49734043,Q25_50,False,0,0,3
377,55943,148,147,5,3,0.39361702,Q25_50,False,0,1,3
377,97291,258,25,5,3,0.68617021,Q50_75,False,0,0,2
377,121933,323,162,6,3,0.85904255,Q75_100,True,0,1,3
377,83409,221,92,5,3,0.58776596,Q50_75,False,0,0,2
377,89099,236,127,5,3,0.62765957,Q50_75,False,0,2,3
377,28471,75,196,5,2,0.19946809,Q0_25,False,0,2,3
377,108854,288,278,6,3,0.76595745,Q75_100,True,0,0,3
377,86714,230,4,5,3,0.61170213,Q50_75,False,0,0,1
377,134191,355,356,6,3,0.94414894,Q75_100,True,0,0,3
377,48112,127,233,5,3,0.33776596,Q25_50,False,0,0,3
377,81637,216,205,5,3,0.57446809,Q50_75,False,0,2,3
377,113610,301,133,6,3,0.80053191,Q75_100,True,0,0,3
377,19502,51,275,5,2,0.1356383,Q0_25,False,0,0,3
377,131288,348,92,6,3,0.92553191,Q75_100,True,0,0,2
377,73705,195,190,5,3,0.51861702,Q50_75,False,0,2,3
377,41485,110,15,5,3,0.29255319,Q25_50,False,0,0,2
377,70881,188,5,5,3,0.5,Q50_75,False,0,0,1
377,100238,265,333,6,3,0.70478723,Q50_75,True,0,0,3
377,138951,368,215,6,3,0.9787234,Q75_100,True,0,1,3
377,126579,335,284,6,3,0.89095745,Q75_100,True,0,1,3
377,4063,10,293,4,2,0.02659574,Q0_25,False,0,1,3
377,51233,135,338,5,3,0.35904255,Q25_50,False,0,0,3
377,113870,302,16,6,3,0.80319149,Q75_100,True,0,0,2
377,23400,62,26,5,2,0.16489362,Q0_25,False,0,0,2
377,24814,65,309,5,2,0.17287234,Q0_25,False,0,0,3
377,46612,123,241,5,3,0.32712766,Q25_50,False,0,2,3
377,117256,311,9,6,3,0.82712766,Q75_100,True,0,0,1
377,57836,153,155,5,3,0.40691489,Q25_50,False,0,2,3
377,83719,222,25,5,3,0.59042553,Q50_75,False,0,0,2
377,106454,282,140,6,3,0.75,Q75_100,True,0,1,3
377,100426,266,144,6,3,0.70744681,Q50_75,True,0,0,3
377,138827,368,91,6,3,0.9787234,Q75_100,True,0,0,2
377,15199,40,119,5,2,0.10638298,Q0_25,False,0,1,3
377,117042,310,172,6,3,0.82446809,Q75_100,True,0,0,3
377,125605,333,64,6,3,0.8856383,Q75_100,True,0,0,2
377,36391,96,199,5,2,0.25531915,Q25_50,False,0,2,3
377,124799,331,12,6,3,0.88031915,Q75_100,True,0,0,2
377,35002,92,318,5,2,0.24468085,Q0_25,False,0,0,3
377,119489,316,357,6,3,0.84042553,Q75_100,True,0,0,3
377,29143,77,114,5,2,0.20478723,Q0_25,False,0,1,3
377,61412,162,338,5,3,0.43085106,Q25_50,False,0,0,3
377,14154,37,205,5,2,0.09840426,Q0_25,False,0,0,3
377,17329,45,364,5,2,0.11968085,Q0_25,False,0,1,3
377,121215,321,198,6,3,0.8537234,Q75_100,True,0,1,3
377,70807,187,308,5,3,0.49734043,Q25_50,False,0,0,3
377,113114,300,14,6,3,0.79787234,Q75_100,True,0,1,2
377,67413,178,307,5,3,0.47340426,Q25_50,False,0,0,3
377,59689,158,123,5,3,0.42021277,Q25_50,False,0,1,3
377,88968,235,373,5,3,0.625,Q50_75,False,0,0,3
377,8620,22,326,4,2,0.05851064,Q0_25,False,0,1,3
377,135686,359,343,6,3,0.95478723,Q75_100,True,0,0,3
377,81811,217,2,5,3,0.57712766,Q50_75,False,0,0,1
377,58559,155,124,5,3,0.41223404,Q25_50,False,0,1,3
377,10724,28,168,5,2,0.07446809,Q0_25,False,1,3,3
377,126435,335,140,6,3,0.89095745,Q75_100,True,0,0,3
377,21795,57,306,5,2,0.15159574,Q0_25,False,0,0,3
377,33129,87,330,5,2,0.23138298,Q0_25,False,0,0,3
377,137657,365,52,6,3,0.97074468,Q75_100,True,0,0,2
377,54429,144,141,5,3,0.38297872,Q25_50,False,0,2,3
377,53104,140,324,5,3,0.37234043,Q25_50,False,0,0,3
377,660,1,283,3,1,0.00265957,Q0_25,False,0,1,3
377,33227,88,51,5,2,0.23404255,Q0_25,False,0,0,2
377,121656,322,262,6,3,0.85638298,Q75_100,True,0,2,3
377,97653,259,10,5,3,0.68882979,Q50_75,False,0,0,2
377,82992,220,52,5,3,0.58510638,Q50_75,False,0,0,2
377,44162,117,53,5,3,0.31117021,Q25_50,False,0,0,2
377,45108,119,245,5,3,0.31648936,Q25_50,False,0,0,3
377,36956,98,10,5,2,0.2606383,Q25_50,False,0,0,2
377,55733,147,314,5,3,0.39095745,Q25_50,False,0,0,3
377,63993,169,280,5,3,0.44946809,Q25_50,False,0,1,3
377,83596,221,279,5,3,0.58776596,Q50_75,False,0,0,3
377,67418,178,312,5,3,0.47340426,Q25_50,False,0,0,3
377,17260,45,295,5,2,0.11968085,Q0_25,False,0,0,3
377,51812,137,163,5,3,0.3643617,Q25_50,False,1,3,3
377,88215,233,374,5,3,0.61968085,Q50_75,False,0,0,3
377,18315,48,219,5,2,0.12765957,Q0_25,False,0,0,3
377,94806,251,179,5,3,0.66755319,Q50_75,False,0,2,3
377,105437,279,254,6,3,0.74202128,Q50_75,True,0,1,3
377,77560,205,275,5,3,0.54521277,Q50_75,False,0,1,3
377,47653,126,151,5,3,0.33510638,Q25_50,False,0,2,3
377,2984,7,345,4,1,0.01861702,Q0_25,False,0,0,3
377,72764,193,3,5,3,0.51329787,Q50_75,False,0,0,1
377,76875,203,344,5,3,0.53989362,Q50_75,False,0,0,3
377,43745,116,13,5,3,0.30851064,Q25_50,False,0,0,2
377,6366,16,334,4,2,0.04255319,Q0_25,False,0,0,3
377,27578,73,57,5,2,0.19414894,Q0_25,False,0,0,2
377,53620,142,86,5,3,0.37765957,Q25_50,False,0,0,2
377,26299,69,286,5,2,0.18351064,Q0_25,False,0,1,3
377,130531,346,89,6,3,0.92021277,Q75_100,True,0,1,2
377,38926,103,95,5,3,0.27393617,Q25_50,False,0,1,2
377,136650,362,176,6,3,0.96276596,Q75_100,True,0,1,3
377,52854,140,74,5,3,0.37234043,Q25_50,False,0,0,2
377,41033,108,317,5,3,0.28723404,Q25_50,False,0,0,3
377,41857,111,10,5,3,0.29521277,Q25_50,False,0,0,2
377,58034,153,353,5,3,0.40691489,Q25_50,False,0,0,3
377,1237,3,106,4,1,0.00797872,Q0_25,False,0,0,3
377,44437,117,328,5,3,0.31117021,Q25_50,False,0,1,3
377,56155,148,359,5,3,0.39361702,Q25_50,False,0,0,3
377,42712,113,111,5,3,0.30053191,Q25_50,False,0,1,3
377,67443,178,337,5,3,0.47340426,Q25_50,False,0,0,3
377,127346,337,297,6,3,0.8962766,Q75_100,True,0,0,3
377,88129,233,288,5,3,0.61968085,Q50_75,False,0,0,3
377,61182,162,108,5,3,0.43085106,Q25_50,False,0,1,3
377,34782,92,98,5,2,0.24468085,Q0_25,False,0,0,2
377,59661,158,95,5,3,0.42021277,Q25_50,False,0,0,2
377,80586,213,285,5,3,0.56648936,Q50_75,False,0,1,3
377,60952,161,255,5,3,0.42819149,Q25_50,False,0,1,3
377,62456,165,251,5,3,0.43882979,Q25_50,False,0,2,3
377,24136,64,8,5,2,0.17021277,Q0_25,False,0,0,1
377,43299,114,321,5,3,0.30319149,Q25_50,False,0,1,3
377,21877,58,11,5,2,0.15425532,Q0_25,False,0,0,2
377,117105,310,235,6,3,0.82446809,Q75_100,True,0,0,3
377,3070,8,54,4,1,0.0212766,Q0_25,False,0,0,2
377,35638,94,200,5,2,0.25,Q25_50,False,0,2,3
377,65117,172,273,5,3,0.45744681,Q25_50,False,0,0,3
377,89745,238,19,5,3,0.63297872,Q50_75,False,0,1,2
377,72561,192,177,5,3,0.5106383,Q50_75,False,0,2,3
377,77969,206,307,5,3,0.54787234,Q50_75,False,0,0,3
377,105319,279,136,6,3,0.74202128,Q50_75,True,0,1,3
377,132218,350,268,6,3,0.93085106,Q75_100,True,0,2,3
377,138084,366,102,6,3,0.97340426,Q75_100,True,0,0,3
377,116810,309,317,6,3,0.82180851,Q75_100,True,0,1,3
377,10242,27,63,5,2,0.07180851,Q0_25,False,0,1,2
377,114270,303,39,6,3,0.80585106,Q75_100,True,0,0,2
377,101365,268,329,6,3,0.71276596,Q50_75,True,0,0,3
377,77820,206,158,5,3,0.54787234,Q50_75,False,0,2,3
377,31847,84,179,5,2,0.22340426,Q0_25,False,0,2,3
377,72077,191,70,5,3,0.50797872,Q50_75,False,0,1,2
377,25103,66,221,5,2,0.17553191,Q0_25,False,0,1,3
377,90794,240,314,5,3,0.63829787,Q50_75,False,0,1,3
377,79089,209,296,5,3,0.55585106,Q50_75,False,0,0,3
377,27803,73,282,5,2,0.19414894,Q0_25,False,0,0,3
377,91298,242,64,5,3,0.64361702,Q50_75,False,0,1,2
377,18140,48,44,5,2,0.12765957,Q0_25,False,0,0,2
377,2589,6,327,4,1,0.01595745,Q0_25,False,0,0,3
377,90650,240,170,5,3,0.63829787,Q50_75,False,0,1,3
377,119262,316,130,6,3,0.84042553,Q75_100,True,0,0,3
377,127491,338,65,6,3,0.89893617,Q75_100,True,0,1,2
377,4301,11,154,4,2,0.02925532,Q0_25,False,0,1,3
377,140347,372,103,6,3,0.9893617,Q75_100,True,0,0,3
377,19821,52,217,5,2,0.13829787,Q0_25,False,0,1,3
377,13807,36,235,5,2,0.09574468,Q0_25,False,0,1,3
377,91307,242,73,5,3,0.64361702,Q50_75,False,0,0,2
377,11144,29,211,5,2,0.07712766,Q0_25,False,0,2,3
377,131673,349,100,6,3,0.92819149,Q75_100,True,0,1,3
377,1677,4,169,4,1,0.0106383,Q0_25,False,0,0,3
377,118896,315,141,6,3,0.83776596,Q75_100,True,0,2,3
377,116648,309,155,6,3,0.82180851,Q75_100,True,0,1,3
377,140582,372,338,6,3,0.9893617,Q75_100,True,0,0,3
377,105413,279,230,6,3,0.74202128,Q50_75,True,0,0,3
377,18064,47,345,5,2,0.125,Q0_25,False,0,0,3
377,2347,6,85,4,1,0.01595745,Q0_25,False,0,0,2
377,124614,330,204,6,3,0.87765957,Q75_100,True,0,0,3
377,141602,375,227,6,3,0.99734043,Q75_100,True,0,1,3
377,7026,18,240,4,2,0.04787234,Q0_25,False,0,0,3
377,39404,104,196,5,3,0.27659574,Q25_50,False,0,1,3
377,136303,361,206,6,3,0.96010638,Q75_100,True,0,0,3
377,41676,110,206,5,3,0.29255319,Q25_50,False,0,0,3
377,115406,306,44,6,3,0.81382979,Q75_100,True,0,1,2
377,87698,232,234,5,3,0.61702128,Q50_75,False,0,0,3
377,77675,206,13,5,3,0.54787234,Q50_75,False,0,0,2
377,112036,297,67,6,3,0.78989362,Q75_100,True,0,0,2
377,16968,45,3,5,2,0.11968085,Q0_25,False,0,0,1
377,48141,127,262,5,3,0.33776596,Q25_50,False,0,1,3
377,6645,17,236,4,2,0.04521277,Q0_25,False,0,0,3
377,116390,308,274,6,3,0.81914894,Q75_100,True,0,2,3
377,47741,126,239,5,3,0.33510638,Q25_50,False,0,0,3
377,113744,301,267,6,3,0.80053191,Q75_100,True,0,0,3
377,61663,163,212,5,3,0.43351064,Q25_50,False,0,2,3
377,54776,145,111,5,3,0.3856383,Q25_50,False,0,1,3
377,53244,141,87,5,3,0.375,Q25_50,False,0,0,2
377,60739,161,42,5,3,0.42819149,Q25_50,False,0,0,2
377,87349,231,262,5,3,0.6143617,Q50_75,False,0,0,3
377,88935,235,340,5,3,0.625,Q50_75,False,0,0,3
377,90684,240,204,5,3,0.63829787,Q50_75,False,0,2,3
377,25295,67,36,5,2,0.17819149,Q0_25,False,0,0,2
377,99433,263,282,5,3,0.69946809,Q50_75,False,0,1,3
377,7497,19,334,4,2,0.05053191,Q0_25,False,0,0,3
377,122392,324,244,6,3,0.86170213,Q75_100,True,0,1,3
377,95823,254,65,5,3,0.67553191,Q50_75,False,0,1,2
377,130752,346,310,6,3,0.92021277,Q75_100,True,0,1,3
377,130884,347,65,6,3,0.92287234,Q75_100,True,0,0,2
377,89798,238,72,5,3,0.63297872,Q50_75,False,0,0,2
377,67608,179,125,5,3,0.47606383,Q25_50,False,0,1,3
377,32506,86,84,5,2,0.2287234,Q0_25,False,0,0,2
377,79078,209,285,5,3,0.55585106,Q50_75,False,0,0,3
377,80206,212,282,5,3,0.56382979,Q50_75,False,0,1,3
377,105903,280,343,6,3,0.74468085,Q50_75,True,0,0,3
377,113220,300,120,6,3,0.79787234,Q75_100,True,0,0,3
377,112206,297,237,6,3,0.78989362,Q75_100,True,0,1,3
377,46529,123,158,5,3,0.32712766,Q25_50,False,0,2,3
377,98831,262,57,5,3,0.69680851,Q50_75,False,0,0,2
377,54319,144,31,5,3,0.38297872,Q25_50,False,0,1,2
377,84509,224,61,5,3,0.59574468,Q50_75,False,1,2,2
377,112435,298,89,6,3,0.79255319,Q75_100,True,0,0,2
377,120669,320,29,6,3,0.85106383,Q75_100,True,0,1,2
377,11069,29,136,5,2,0.07712766,Q0_25,False,0,1,3
377,28319,75,44,5,2,0.19946809,Q0_25,False,0,0,2
377,104609,277,180,6,3,0.73670213,Q50_75,True,0,0,3
377,120674,320,34,6,3,0.85106383,Q75_100,True,0,0,2
377,121931,323,160,6,3,0.85904255,Q75_100,True,0,0,3
377,29353,77,324,5,2,0.20478723,Q0_25,False,0,0,3
377,120921,320,281,6,3,0.85106383,Q75_100,True,0,1,3
377,70179,186,57,5,3,0.49468085,Q25_50,False,0,0,2
377,63646,168,310,5,3,0.44680851,Q25_50,False,0,0,3
377,112596,298,250,6,3,0.79255319,Q75_100,True,0,1,3
377,128958,342,24,6,3,0.90957447,Q75_100,True,0,0,2
377,127681,338,255,6,3,0.89893617,Q75_100,True,0,0,3
377,13389,35,194,5,2,0.09308511,Q0_25,False,0,1,3
377,14724,39,21,5,2,0.1037234,Q0_25,False,0,0,2
377,17721,47,2,5,2,0.125,Q0_25,False,0,0,1
377,7511,19,348,4,2,0.05053191,Q0_25,False,0,1,3
377,5062,13,161,4,2,0.03457447,Q0_25,False,0,0,3
377,69371,184,3,5,3,0.4893617,Q25_50,False,0,0,1
377,2842,7,203,4,1,0.01861702,Q0_25,False,0,1,3
377,44862,118,376,5,3,0.31382979,Q25_50,False,0,0,3
377,110365,292,281,6,3,0.77659574,Q75_100,True,0,1,3
377,107410,284,342,6,3,0.75531915,Q75_100,True,0,0,3
377,72499,192,115,5,3,0.5106383,Q50_75,False,0,2,3
377,56405,149,232,5,3,0.3962766,Q25_50,False,0,1,3
377,53550,142,16,5,3,0.37765957,Q25_50,False,0,0,2
377,120136,318,250,6,3,0.84574468,Q75_100,True,0,1,3
377,131708,349,135,6,3,0.92819149,Q75_100,True,0,1,3
377,22442,59,199,5,2,0.15691489,Q0_25,False,0,1,3
377,105888,280,328,6,3,0.74468085,Q50_75,True,0,0,3
377,134949,357,360,6,3,0.94946809,Q75_100,True,0,0,3
377,67557,179,74,5,3,0.47606383,Q25_50,False,0,1,2
377,63809,169,96,5,3,0.44946809,Q25_50,False,0,0,2
377,23252,61,255,5,2,0.16223404,Q0_25,False,0,1,3
377,22860,60,240,5,2,0.15957447,Q0_25,False,0,0,3
377,101648,269,235,6,3,0.71542553,Q50_75,True,0,1,3
377,43248,114,270,5,3,0.30319149,Q25_50,False,0,0,3
377,133782,354,324,6,3,0.94148936,Q75_100,True,0,1,3
377,67974,180,114,5,3,0.4787234,Q25_50,False,0,0,3
377,90435,239,332,5,3,0.6356383,Q50_75,False,0,0,3
377,5035,13,134,4,2,0.03457447,Q0_25,False,0,1,3
377,87325,231,238,5,3,0.6143617,Q50_75,False,0,0,3
377,133109,353,28,6,3,0.93882979,Q75_100,True,0,0,2
377,100074,265,169,6,3,0.70478723,Q50_75,True,0,0,3
377,58990,156,178,5,3,0.41489362,Q25_50,False,0,1,3
377,132090,350,140,6,3,0.93085106,Q75_100,True,0,0,3
377,50771,134,253,5,3,0.35638298,Q25_50,False,0,1,3
377,13011,34,193,5,2,0.09042553,Q0_25,False,0,2,3
377,1614,4,106,4,1,0.0106383,Q0_25,False,0,0,3
377,88991,236,19,5,3,0.62765957,Q50_75,False,0,0,2
377,100746,267,87,6,3,0.71010638,Q50_75,True,0,0,2
377,104098,276,46,6,3,0.73404255,Q50_75,True,0,1,2
377,26814,71,47,5,2,0.18882979,Q0_25,False,0,0,2
377,133994,355,159,6,3,0.94414894,Q75_100,True,0,0,3
377,94069,249,196,5,3,0.66223404,Q50_75,False,0,2,3
377,103917,275,242,6,3,0.73138298,Q50_75,True,0,1,3
377,95443,253,62,5,3,0.67287234,Q50_75,False,0,1,2
377,80029,212,105,5,3,0.56382979,Q50_75,False,0,1,3
377,85131,225,306,5,3,0.59840426,Q50_75,False,0,0,3
377,60536,160,216,5,3,0.42553191,Q25_50,False,0,1,3
377,110701,293,240,6,3,0.77925532,Q75_100,True,0,0,3
377,59593,158,27,5,3,0.42021277,Q25_50,False,0,0,2
377,102305,271,138,6,3,0.72074468,Q50_75,True,0,0,3
377,41694,110,224,5,3,0.29255319,Q25_50,False,0,2,3
377,138413,367,54,6,3,0.97606383,Q75_100,True,0,0,2
377,22991,60,371,5,2,0.15957447,Q0_25,False,0,1,3
377,17697,46,355,5,2,0.12234043,Q0_25,False,0,0,3
377,16461,43,250,5,2,0.1143617,Q0_25,False,0,1,3
377,114396,303,165,6,3,0.80585106,Q75_100,True,0,2,3
377,104716,277,287,6,3,0.73670213,Q50_75,True,0,0,3
377,139730,370,240,6,3,0.98404255,Q75_100,True,0,1,3
377,60356,160,36,5,3,0.42553191,Q25_50,False,0,0,2
377,5194,13,293,4,2,0.03457447,Q0_25,False,0,1,3
377,41055,108,339,5,3,0.28723404,Q25_50,False,0,0,3
377,92909,246,167,5,3,0.65425532,Q50_75,False,0,2,3
377,63572,168,236,5,3,0.44680851,Q25_50,False,0,0,3
377,11797,31,110,5,2,0.08244681,Q0_25,False,0,1,3
377,84926,225,101,5,3,0.59840426,Q50_75,False,0,1,3
377,59425,157,236,5,3,0.41755319,Q25_50,False,0,0,3
377,71890,190,260,5,3,0.50531915,Q50_75,False,0,1,3
377,128072,339,269,6,3,0.90159574,Q75_100,True,0,1,3
377,111719,296,127,6,3,0.78723404,Q75_100,True,0,1,3
377,47407,125,282,5,3,0.33244681,Q25_50,False,0,0,3
377,133585,354,127,6,3,0.94148936,Q75_100,True,0,0,3
377,30576,81,39,5,2,0.21542553,Q0_25,False,0,0,2
377,122940,326,38,6,3,0.86702128,Q75_100,True,0,0,2
377,18404,48,308,5,2,0.12765957,Q0_25,False,0,0,3
377,110674,293,213,6,3,0.77925532,Q75_100,True,0,2,3
377,120566,319,303,6,3,0.84840426,Q75_100,True,0,0,3
377,131733,349,160,6,3,0.92819149,Q75_100,True,0,2,3
377,61384,162,310,5,3,0.43085106,Q25_50,False,0,0,3
377,11053,29,120,5,2,0.07712766,Q0_25,False,0,2,3
377,56313,149,140,5,3,0.3962766,Q25_50,False,0,1,3
377,69160,183,169,5,3,0.48670213,Q25_50,False,0,1,3
377,53546,142,12,5,3,0.37765957,Q25_50,False,0,0,2
377,134362,356,150,6,3,0.94680851,Q75_100,True,0,1,3
377,60153,159,210,5,3,0.42287234,Q25_50,False,0,0,3
377,130392,345,327,6,3,0.91755319,Q75_100,True,0,0,3
377,25034,66,152,5,2,0.17553191,Q0_25,False,0,1,3
377,106237,281,300,6,3,0.74734043,Q50_75,True,0,0,3
377,126112,334,194,6,3,0.88829787,Q75_100,True,0,0,3
377,11257,29,324,5,2,0.07712766,Q0_25,False,0,0,3
377,48818,129,185,5,3,0.34308511,Q25_50,False,0,1,3
377,73146,194,8,5,3,0.51595745,Q50_75,False,0,0,1
377,1517,4,9,4,1,0.0106383,Q0_25,False,0,0,1
377,127577,338,151,6,3,0.89893617,Q75_100,True,0,1,3
377,72592,192,208,5,3,0.5106383,Q50_75,False,0,0,3
377,26344,69,331,5,2,0.18351064,Q0_25,False,0,0,3
377,70838,187,339,5,3,0.49734043,Q25_50,False,0,1,3
377,138648,367,289,6,3,0.97606383,Q75_100,True,0,0,3
377,31681,84,13,5,2,0.22340426,Q0_25,False,0,0,2
377,81327,215,272,5,3,0.57180851,Q50_75,False,0,1,3
377,94530,250,280,5,3,0.66489362,Q50_75,False,0,1,3
377,49571,131,184,5,3,0.34840426,Q25_50,False,0,2,3
377,33896,89,343,5,2,0.23670213,Q0_25,False,0,0,3
377,74422,197,153,5,3,0.52393617,Q50_75,False,0,2,3
377,85823,227,244,5,3,0.6037234,Q50_75,False,0,1,3
377,124410,330,0,6,3,0.87765957,Q75_100,True,0,0,1
377,129797,344,109,6,3,0.91489362,Q75_100,True,0,0,3
377,95658,253,277,5,3,0.67287234,Q50_75,False,0,1,3
377,20540,54,182,5,2,0.14361702,Q0_25,False,0,2,3
377,8695,23,24,4,2,0.06117021,Q0_25,False,0,0,2
377,37203,98,257,5,2,0.2606383,Q25_50,False,0,1,3
377,35590,94,152,5,2,0.25,Q25_50,False,0,0,3
377,12102,32,38,5,2,0.08510638,Q0_25,False,0,0,2
377,94622,250,372,5,3,0.66489362,Q50_75,False,0,0,3
377,110352,292,268,6,3,0.77659574,Q75_100,True,0,1,3
377,41324,109,231,5,3,0.28989362,Q25_50,False,0,2,3
377,14208,37,259,5,2,0.09840426,Q0_25,False,0,0,3
377,134636,357,47,6,3,0.94946809,Q75_100,True,0,0,2
377,141547,375,172,6,3,0.99734043,Q75_100,True,0,1,3
377,4204,11,57,4,2,0.02925532,Q0_25,False,0,0,2
377,106063,281,126,6,3,0.74734043,Q50_75,True,0,0,3
377,2975,7,336,4,1,0.01861702,Q0_25,False,0,0,3
377,58073,154,15,5,3,0.40957447,Q25_50,False,0,0,2
377,112812,299,89,6,3,0.79521277,Q75_100,True,0,0,2
377,53642,142,108,5,3,0.37765957,Q25_50,False,0,0,3
377,98334,260,314,5,3,0.69148936,Q50_75,False,0,0,3
377,28978,76,326,5,2,0.20212766,Q0_25,False,0,0,3
377,69453,184,85,5,3,0.4893617,Q25_50,False,0,0,2
377,38853,103,22,5,3,0.27393617,Q25_50,False,0,0,2
377,41001,108,285,5,3,0.28723404,Q25_50,False,0,0,3
377,91872,243,261,5,3,0.6462766,Q50_75,False,0,2,3
377,9503,25,78,4,2,0.06648936,Q0_25,False,0,0,2
377,118643,314,265,6,3,0.83510638,Q75_100,True,0,0,3
377,43824,116,92,5,3,0.30851064,Q25_50,False,0,0,2
377,110326,292,242,6,3,0.77659574,Q75_100,True,0,0,3
377,107128,284,60,6,3,0.75531915,Q75_100,True,1,2,2
377,141384,375,9,6,3,0.99734043,Q75_100,True,0,0,1
377,13973,37,24,5,2,0.09840426,Q0_25,False,0,0,2
377,58530,155,95,5,3,0.41223404,Q25_50,False,0,1,2
377,1842,4,334,4,1,0.0106383,Q0_25,False,0,1,3
377,128877,341,320,6,3,0.90691489,Q75_100,True,0,0,3
377,88578,234,360,5,3,0.62234043,Q50_75,False,0,1,3
377,89201,236,229,5,3,0.62765957,Q50_75,False,0,0,3
377,39276,104,68,5,3,0.27659574,Q25_50,False,0,1,2
377,119591,317,82,6,3,0.84308511,Q75_100,True,0,0,2
377,99011,262,237,5,3,0.69680851,Q50_75,False,0,1,3
377,117064,310,194,6,3,0.82446809,Q75_100,True,0,0,3
377,100678,267,19,6,3,0.71010638,Q50_75,True,0,1,2
377,1569,4,61,4,1,0.0106383,Q0_25,False,0,0,2
377,91835,243,224,5,3,0.6462766,Q50_75,False,0,1,3
377,80667,213,366,5,3,0.56648936,Q50_75,False,0,1,3
377,53083,140,303,5,3,0.37234043,Q25_50,False,0,1,3
377,38181,101,104,5,3,0.26861702,Q25_50,False,0,1,3
377,92411,245,46,5,3,0.65159574,Q50_75,False,0,0,2
377,21976,58,110,5,2,0.15425532,Q0_25,False,0,0,3
377,101273,268,237,6,3,0.71276596,Q50_75,True,0,1,3
377,46876,124,128,5,3,0.32978723,Q25_50,False,0,1,3
377,141993,376,241,6,3,1.0,Q75_100,True,0,1,3
377,114507,303,276,6,3,0.80585106,Q75_100,True,0,1,3
377,53374,141,217,5,3,0.375,Q25_50,False,0,2,3
377,14832,39,129,5,2,0.1037234,Q0_25,False,0,2,3
377,36670,97,101,5,2,0.25797872,Q25_50,False,0,1,3
377,64371,170,281,5,3,0.45212766,Q25_50,False,0,0,3
377,93011,246,269,5,3,0.65425532,Q50_75,False,0,1,3
377,6897,18,111,4,2,0.04787234,Q0_25,False,0,0,3
377,76141,201,364,5,3,0.53457447,Q50_75,False,0,1,3
377,106741,283,50,6,3,0.75265957,Q75_100,True,0,0,2
377,96819,256,307,5,3,0.68085106,Q50_75,False,0,0,3
377,125904,333,363,6,3,0.8856383,Q75_100,True,0,0,3
377,71810,190,180,5,3,0.50531915,Q50_75,False,0,1,3
377,88161,233,320,5,3,0.61968085,Q50_75,False,0,0,3
377,21278,56,166,5,2,0.14893617,Q0_25,False,0,2,3
377,118088,313,87,6,3,0.83244681,Q75_100,True,0,0,2
377,90666,240,186,5,3,0.63829787,Q50_75,False,0,0,3
377,3762,9,369,4,1,0.02393617,Q0_25,False,0,0,3
377,108001,286,179,6,3,0.7606383,Q75_100,True,0,1,3
377,103079,273,158,6,3,0.72606383,Q50_75,True,0,0,3
377,43071,114,93,5,3,0.30319149,Q25_50,False,0,0,2
377,22621,60,1,5,2,0.15957447,Q0_25,False,0,0,1
377,53270,141,113,5,3,0.375,Q25_50,False,0,0,3
377,113069,299,346,6,3,0.79521277,Q75_100,True,0,0,3
377,101520,269,107,6,3,0.71542553,Q50_75,True,0,1,3
377,119615,317,106,6,3,0.84308511,Q75_100,True,0,1,3
377,93431,247,312,5,3,0.65691489,Q50_75,False,0,0,3
377,16903,44,315,5,2,0.11702128,Q0_25,False,0,0,3
377,82456,218,270,5,3,0.57978723,Q50_75,False,0,1,3
377,140304,372,60,6,3,0.9893617,Q75_100,True,0,0,2
377,138820,368,84,6,3,0.9787234,Q75_100,True,0,1,2
377,47066,124,318,5,3,0.32978723,Q25_50,False,0,0,3
377,39161,103,330,5,3,0.27393617,Q25_50,False,0,0,3
377,98271,260,251,5,3,0.69148936,Q50_75,False,0,1,3
377,78806,209,13,5,3,0.55585106,Q50_75,False,0,0,2
377,41793,110,323,5,3,0.29255319,Q25_50,False,0,1,3
377,23679,62,305,5,2,0.16489362,Q0_25,False,0,1,3
377,67924,180,64,5,3,0.4787234,Q25_50,False,0,1,2
377,56282,149,109,5,3,0.3962766,Q25_50,False,0,2,3
377,123358,327,79,6,3,0.86968085,Q75_100,True,0,0,2
377,83578,221,261,5,3,0.58776596,Q50_75,False,0,2,3
377,53380,141,223,5,3,0.375,Q25_50,False,0,2,3
377,106039,281,102,6,3,0.74734043,Q50_75,True,0,0,3
377,133599,354,141,6,3,0.94148936,Q75_100,True,0,1,3
377,85235,226,33,5,3,0.60106383,Q50_75,False,0,0,2
377,13843,36,271,5,2,0.09574468,Q0_25,False,0,1,3
377,65246,173,25,5,3,0.46010638,Q25_50,False,0,0,2
377,10160,26,358,5,2,0.06914894,Q0_25,False,0,0,3
377,28751,76,99,5,2,0.20212766,Q0_25,False,0,0,2
377,57238,151,311,5,3,0.40159574,Q25_50,False,0,0,3
377,61302,162,228,5,3,0.43085106,Q25_50,False,0,0,3
377,70983,188,107,5,3,0.5,Q50_75,False,0,0,3
377,122828,325,303,6,3,0.8643617,Q75_100,True,0,0,3
377,133773,354,315,6,3,0.94148936,Q75_100,True,0,0,3
377,60502,160,182,5,3,0.42553191,Q25_50,False,0,2,3
377,56475,149,302,5,3,0.3962766,Q25_50,False,0,0,3
377,105512,279,329,6,3,0.74202128,Q50_75,True,0,0,3
377,133179,353,98,6,3,0.93882979,Q75_100,True,0,0,2
377,48838,129,205,5,3,0.34308511,Q25_50,False,0,1,3
377,86612,229,279,5,3,0.60904255,Q50_75,False,0,1,3
377,89024,236,52,5,3,0.62765957,Q50_75,False,0,0,2
377,104103,276,51,6,3,0.73404255,Q50_75,True,0,0,2
377,42325,112,101,5,3,0.29787234,Q25_50,False,0,1,3
377,124843,331,56,6,3,0.88031915,Q75_100,True,0,1,2
377,111613,296,21,6,3,0.78723404,Q75_100,True,0,0,2
377,134824,357,235,6,3,0.94946809,Q75_100,True,0,0,3
377,73285,194,147,5,3,0.51595745,Q50_75,False,0,1,3
377,69080,183,89,5,3,0.48670213,Q25_50,False,0,1,2
377,98560,261,163,5,3,0.69414894,Q50_75,False,0,2,3
377,73414,194,276,5,3,0.51595745,Q50_75,False,0,1,3
377,109044,289,91,6,3,0.76861702,Q75_100,True,0,0,2
377,74735,198,89,5,3,0.52659574,Q50_75,False,0,1,2
377,16566,43,355,5,2,0.1143617,Q0_25,False,0,1,3
377,9977,26,175,4,2,0.06914894,Q0_25,False,0,0,3
377,53823,142,289,5,3,0.37765957,Q25_50,False,0,0,3
377,132251,350,301,6,3,0.93085106,Q75_100,True,0,0,3
377,66623,176,271,5,3,0.46808511,Q25_50,False,0,2,3
377,113048,299,325,6,3,0.79521277,Q75_100,True,0,0,3
377,3303,8,287,4,1,0.0212766,Q0_25,False,0,0,3
377,131365,348,169,6,3,0.92553191,Q75_100,True,0,2,3
377,78999,209,206,5,3,0.55585106,Q50_75,False,0,1,3
377,87102,231,15,5,3,0.6143617,Q50_75,False,0,0,2
377,37678,99,355,5,2,0.26329787,Q25_50,False,0,0,3
377,20307,53,326,5,2,0.14095745,Q0_25,False,0,0,3
377,50315,133,174,5,3,0.3537234,Q25_50,False,0,1,3
377,44046,116,314,5,3,0.30851064,Q25_50,False,0,0,3
377,98988,262,214,5,3,0.69680851,Q50_75,False,0,1,3
377,12362,32,298,5,2,0.08510638,Q0_25,False,0,1,3
377,80581,213,280,5,3,0.56648936,Q50_75,False,0,0,3
377,24276,64,148,5,2,0.17021277,Q0_25,False,0,0,3
377,34182,90,252,5,2,0.2393617,Q0_25,False,0,1,3
377,72916,193,155,5,3,0.51329787,Q50_75,False,0,1,3
377,538,1,161,3,1,0.00265957,Q0_25,False,0,0,3
377,107870,286,48,6,3,0.7606383,Q75_100,True,0,0,2
377,5507,14,229,4,2,0.03723404,Q0_25,False,0,2,3
377,36075,95,260,5,2,0.25265957,Q25_50,False,0,2,3
377,131475,348,279,6,3,0.92553191,Q75_100,True,0,0,3
377,65854,174,256,5,3,0.46276596,Q25_50,False,0,1,3
377,90300,239,197,5,3,0.6356383,Q50_75,False,0,1,3
377,92474,245,109,5,3,0.65159574,Q50_75,False,0,1,3
377,131289,348,93,6,3,0.92553191,Q75_100,True,0,0,2
377,60291,159,348,5,3,0.42287234,Q25_50,False,0,0,3
377,102773,272,229,6,3,0.72340426,Q50_75,True,0,2,3
377,113860,302,6,6,3,0.80319149,Q75_100,True,0,0,1
377,140506,372,262,6,3,0.9893617,Q75_100,True,0,1,3
377,69326,183,335,5,3,0.48670213,Q25_50,False,0,0,3
377,58893,156,81,5,3,0.41489362,Q25_50,False,0,0,2
377,44675,118,189,5,3,0.31382979,Q25_50,False,0,2,3
377,46305,122,311,5,3,0.32446809,Q25_50,False,0,0,3
377,53669,142,135,5,3,0.37765957,Q25_50,False,0,1,3
377,107606,285,161,6,3,0.75797872,Q75_100,True,0,2,3
377,92600,245,235,5,3,0.65159574,Q50_75,False,0,1,3
377,64207,170,117,5,3,0.45212766,Q25_50,False,0,2,3
377,124480,330,70,6,3,0.87765957,Q75_100,True,0,0,2
377,64235,170,145,5,3,0.45212766,Q25_50,False,0,1,3
377,8310,22,16,4,2,0.05851064,Q0_25,False,0,1,2
377,46392,123,21,5,3,0.32712766,Q25_50,False,0,0,2
377,103655,274,357,6,3,0.7287234,Q50_75,True,0,0,3
377,80114,212,190,5,3,0.56382979,Q50_75,False,0,1,3
377,126596,335,301,6,3,0.89095745,Q75_100,True,0,0,3
377,18891,50,41,5,2,0.13297872,Q0_25,False,0,0,2
377,29088,77,59,5,2,0.20478723,Q0_25,False,0,1,2
377,84,0,84,2,1,0.0,Q0_25,False,0,0,2
377,111466,295,251,6,3,0.78457447,Q75_100,True,0,0,3
377,48701,129,68,5,3,0.34308511,Q25_50,False,0,1,2
377,35336,93,275,5,2,0.24734043,Q0_25,False,0,0,3
377,27515,72,371,5,2,0.19148936,Q0_25,False,0,0,3
377,16755,44,167,5,2,0.11702128,Q0_25,False,0,2,3
377,44800,118,314,5,3,0.31382979,Q25_50,False,0,0,3
377,91819,243,208,5,3,0.6462766,Q50_75,False,0,0,3
377,65544,173,323,5,3,0.46010638,Q25_50,False,0,0,3
377,18791,49,318,5,2,0.13031915,Q0_25,False,0,1,3
377,82264,218,78,5,3,0.57978723,Q50_75,False,0,0,2
377,47759,126,257,5,3,0.33510638,Q25_50,False,0,1,3
377,73004,193,243,5,3,0.51329787,Q50_75,False,0,1,3
377,121688,322,294,6,3,0.85638298,Q75_100,True,0,1,3
377,128299,340,119,6,3,0.90425532,Q75_100,True,0,2,3
377,125429,332,265,6,3,0.88297872,Q75_100,True,0,1,3
377,102540,271,373,6,3,0.72074468,Q50_75,True,0,0,3
377,92177,244,189,5,3,0.64893617,Q50_75,False,0,0,3
377,1836,4,328,4,1,0.0106383,Q0_25,False,0,0,3
377,83752,222,58,5,3,0.59042553,Q50_75,False,0,0,2
377,27979,74,81,5,2,0.19680851,Q0_25,False,0,0,2
377,49435,131,48,5,3,0.34840426,Q25_50,False,0,0,2
377,136813,362,339,6,3,0.96276596,Q75_100,True,0,0,3
377,72781,193,20,5,3,0.51329787,Q50_75,False,0,1,2
377,10258,27,79,5,2,0.07180851,Q0_25,False,0,1,2
377,113693,301,216,6,3,0.80053191,Q75_100,True,0,1,3
377,26143,69,130,5,2,0.18351064,Q0_25,False,0,2,3
377,67984,180,124,5,3,0.4787234,Q25_50,False,0,0,3
377,77454,205,169,5,3,0.54521277,Q50_75,False,0,2,3
377,16867,44,279,5,2,0.11702128,Q0_25,False,0,0,3
377,109162,289,209,6,3,0.76861702,Q75_100,True,0,0,3
377,41660,110,190,5,3,0.29255319,Q25_50,False,0,1,3
377,16124,42,290,5,2,0.11170213,Q0_25,False,0,1,3
377,139435,369,322,6,3,0.98138298,Q75_100,True,0,0,3
377,60517,160,197,5,3,0.42553191,Q25_50,False,0,2,3
377,44319,117,210,5,3,0.31117021,Q25_50,False,0,0,3
377,21485,56,373,5,2,0.14893617,Q0_25,False,0,0,3
377,53439,141,282,5,3,0.375,Q25_50,False,0,0,3
377,13928,36,356,5,2,0.09574468,Q0_25,False,0,1,3
377,16661,44,73,5,2,0.11702128,Q0_25,False,0,0,2
377,126728,336,56,6,3,0.89361702,Q75_100,True,0,1,2
377,132745,352,41,6,3,0.93617021,Q75_100,True,0,0,2
377,111381,295,166,6,3,0.78457447,Q75_100,True,0,2,3
377,112492,298,146,6,3,0.79255319,Q75_100,True,0,0,3
377,14281,37,332,5,2,0.09840426,Q0_25,False,0,0,3
377,15181,40,101,5,2,0.10638298,Q0_25,False,0,2,3
377,29124,77,95,5,2,0.20478723,Q0_25,False,0,1,2
377,138804,368,68,6,3,0.9787234,Q75_100,True,0,0,2
377,119278,316,146,6,3,0.84042553,Q75_100,True,0,1,3
377,759,2,5,3,1,0.00531915,Q0_25,False,0,0,1
377,111422,295,207,6,3,0.78457447,Q75_100,True,0,1,3
377,613,1,236,3,1,0.00265957,Q0_25,False,0,1,3
377,102981,273,60,6,3,0.72606383,Q50_75,True,0,1,2
377,9895,26,93,4,2,0.06914894,Q0_25,False,0,0,2
377,4764,12,240,4,2,0.03191489,Q0_25,False,0,1,3
377,62753,166,171,5,3,0.44148936,Q25_50,False,0,2,3
377,65052,172,208,5,3,0.45744681,Q25_50,False,0,0,3
377,76983,204,75,5,3,0.54255319,Q50_75,False,0,1,2
377,6323,16,291,4,2,0.04255319,Q0_25,False,0,0,3
377,78671,208,255,5,3,0.55319149,Q50_75,False,0,1,3
377,80726,214,48,5,3,0.56914894,Q50_75,False,0,0,2
377,59343,157,154,5,3,0.41755319,Q25_50,False,0,1,3
377,24619,65,114,5,2,0.17287234,Q0_25,False,0,1,3
377,106389,282,75,6,3,0.75,Q75_100,True,0,0,2
377,107729,285,284,6,3,0.75797872,Q75_100,True,0,1,3
377,92255,244,267,5,3,0.64893617,Q50_75,False,1,3,3
377,82140,217,331,5,3,0.57712766,Q50_75,False,0,0,3
377,95886,254,128,5,3,0.67553191,Q50_75,False,0,1,3
377,1729,4,221,4,1,0.0106383,Q0_25,False,0,0,3
377,4524,12,0,4,2,0.03191489,Q0_25,False,1,1,1
377,14834,39,131,5,2,0.1037234,Q0_25,False,0,2,3
377,29053,77,24,5,2,0.20478723,Q0_25,False,0,0,2
377,130278,345,213,6,3,0.91755319,Q75_100,True,0,1,3
377,119880,317,371,6,3,0.84308511,Q75_100,True,0,0,3
377,32828,87,29,5,2,0.23138298,Q0_25,False,0,0,2
377,101168,268,132,6,3,0.71276596,Q50_75,True,0,1,3
377,134563,356,351,6,3,0.94680851,Q75_100,True,0,0,3
377,122372,324,224,6,3,0.86170213,Q75_100,True,0,1,3
377,122612,325,87,6,3,0.8643617,Q75_100,True,0,0,2
377,98619,261,222,5,3,0.69414894,Q50_75,False,0,2,3
377,44065,116,333,5,3,0.30851064,Q25_50,False,0,0,3
377,70935,188,59,5,3,0.5,Q50_75,False,0,1,2
377,126103,334,185,6,3,0.88829787,Q75_100,True,0,1,3
377,132767,352,63,6,3,0.93617021,Q75_100,True,0,0,2
377,93056,246,314,5,3,0.65425532,Q50_75,False,0,0,3
377,106982,283,291,6,3,0.75265957,Q75_100,True,0,1,3
377,105984,281,47,6,3,0.74734043,Q50_75,True,0,0,2
377,20788,55,53,5,2,0.1462766,Q0_25,False,0,0,2
377,139630,370,140,6,3,0.98404255,Q75_100,True,0,0,3
377,31614,83,323,5,2,0.22074468,Q0_25,False,0,0,3
377,139799,370,309,6,3,0.98404255,Q75_100,True,0,0,3
377,82945,220,5,5,3,0.58510638,Q50_75,False,0,0,1
377,14461,38,135,5,2,0.10106383,Q0_25,False,0,2,3
377,103333,274,35,6,3,0.7287234,Q50_75,True,0,0,2
377,55862,148,66,5,3,0.39361702,Q25_50,False,0,1,2
377,90660,240,180,5,3,0.63829787,Q50_75,False,0,1,3
377,92628,245,263,5,3,0.65159574,Q50_75,False,0,1,3
377,119929,318,43,6,3,0.84574468,Q75_100,True,0,0,2
377,63414,168,78,5,3,0.44680851,Q25_50,False,0,0,2
377,102615,272,71,6,3,0.72340426,Q50_75,True,0,0,2
377,106682,282,368,6,3,0.75,Q75_100,True,0,0,3
377,91970,243,359,5,3,0.6462766,Q50_75,False,0,0,3
377,23326,61,329,5,2,0.16223404,Q0_25,False,0,0,3
377,118175,313,174,6,3,0.83244681,Q75_100,True,0,1,3
377,139085,368,349,6,3,0.9787234,Q75_100,True,0,0,3
377,133928,355,93,6,3,0.94414894,Q75_100,True,0,0,2
377,84982,225,157,5,3,0.59840426,Q50_75,False,0,1,3
377,14079,37,130,5,2,0.09840426,Q0_25,False,0,1,3
377,117451,311,204,6,3,0.82712766,Q75_100,True,0,0,3
377,123054,326,152,6,3,0.86702128,Q75_100,True,0,0,3
377,53938,143,27,5,3,0.38031915,Q25_50,False,0,0,2
377,123682,328,26,6,3,0.87234043,Q75_100,True,0,1,2
377,71699,190,69,5,3,0.50531915,Q50_75,False,0,1,2
377,59606,158,40,5,3,0.42021277,Q25_50,False,0,0,2
377,100203,265,298,6,3,0.70478723,Q50_75,True,0,1,3
377,87374,231,287,5,3,0.6143617,Q50_75,False,0,1,3
377,50136,132,372,5,3,0.35106383,Q25_50,False,0,0,3
377,115472,306,110,6,3,0.81382979,Q75_100,True,0,1,3
377,132401,351,74,6,3,0.93351064,Q75_100,True,0,0,2
377,86309,228,353,5,3,0.60638298,Q50_75,False,0,0,3
377,102245,271,78,6,3,0.72074468,Q50_75,True,0,0,2
377,73768,195,253,5,3,0.51861702,Q50_75,False,0,1,3
377,101485,269,72,6,3,0.71542553,Q50_75,True,0,0,2
377,111692,296,100,6,3,0.78723404,Q75_100,True,0,0,3
377,925,2,171,3,1,0.00531915,Q0_25,False,0,1,3
377,34515,91,208,5,2,0.24202128,Q0_25,False,0,0,3
377,51077,135,182,5,3,0.35904255,Q25_50,False,0,0,3
377,86244,228,288,5,3,0.60638298,Q50_75,False,0,1,3
377,69076,183,85,5,3,0.48670213,Q25_50,False,0,0,2
377,103177,273,256,6,3,0.72606383,Q50_75,True,0,1,3
377,9175,24,127,4,2,0.06382979,Q0_25,False,0,1,3
377,62485,165,280,5,3,0.43882979,Q25_50,False,0,1,3
377,52160,138,134,5,3,0.36702128,Q25_50,False,0,1,3
377,98929,262,155,5,3,0.69680851,Q50_75,False,0,1,3
377,86017,228,61,5,3,0.60638298,Q50_75,False,1,2,2
377,38176,101,99,5,3,0.26861702,Q25_50,False,0,1,2
377,97415,258,149,5,3,0.68617021,Q50_75,False,0,2,3
377,85180,225,355,5,3,0.59840426,Q50_75,False,0,0,3
377,27703,73,182,5,2,0.19414894,Q0_25,False,0,2,3
377,106597,282,283,6,3,0.75,Q75_100,True,0,1,3
377,46289,122,295,5,3,0.32446809,Q25_50,False,0,0,3
377,10757,28,201,5,2,0.07446809,Q0_25,False,0,1,3
377,21282,56,170,5,2,0.14893617,Q0_25,False,0,0,3
377,89464,237,115,5,3,0.63031915,Q50_75,False,0,0,3
377,1704,4,196,4,1,0.0106383,Q0_25,False,0,0,3
377,137786,365,181,6,3,0.97074468,Q75_100,True,0,1,3
377,8077,21,160,4,2,0.05585106,Q0_25,False,0,0,3
377,65303,173,82,5,3,0.46010638,Q25_50,False,0,0,2
377,28664,76,12,5,2,0.20212766,Q0_25,False,0,0,2
377,138096,366,114,6,3,0.97340426,Q75_100,True,0,1,3
377,112721,298,375,6,3,0.79255319,Q75_100,True,0,0,3
377,63510,168,174,5,3,0.44680851,Q25_50,False,0,2,3
377,3948,10,178,4,2,0.02659574,Q0_25,False,0,1,3
377,28850,76,198,5,2,0.20212766,Q0_25,False,0,2,3
377,80380,213,79,5,3,0.56648936,Q50_75,False,0,0,2
377,75751,200,351,5,3,0.53191489,Q50_75,False,0,0,3
377,75651,200,251,5,3,0.53191489,Q50_75,False,0,1,3
377,98520,261,123,5,3,0.69414894,Q50_75,False,0,1,3
377,98358,260,338,5,3,0.69148936,Q50_75,False,0,0,3
377,9975,26,173,4,2,0.06914894,Q0_25,False,0,1,3
377,118259,313,258,6,3,0.83244681,Q75_100,True,0,1,3
377,106552,282,238,6,3,0.75,Q75_100,True,0,1,3
377,76082,201,305,5,3,0.53457447,Q50_75,False,0,0,3
377,118133,313,132,6,3,0.83244681,Q75_100,True,0,1,3
377,20309,53,328,5,2,0.14095745,Q0_25,False,0,0,3
377,44197,117,88,5,3,0.31117021,Q25_50,False,0,0,2
377,34272,90,342,5,2,0.2393617,Q0_25,False,0,0,3
377,69768,185,23,5,3,0.49202128,Q25_50,False,0,0,2
377,100388,266,106,6,3,0.70744681,Q50_75,True,0,1,3
377,29886,79,103,5,2,0.21010638,Q0_25,False,0,1,3
377,58584,155,149,5,3,0.41223404,Q25_50,False,0,1,3
377,135576,359,233,6,3,0.95478723,Q75_100,True,0,0,3
377,39740,105,155,5,3,0.27925532,Q25_50,False,0,2,3
377,9241,24,193,4,2,0.06382979,Q0_25,False,0,2,3
377,30716,81,179,5,2,0.21542553,Q0_25,False,0,2,3
377,84311,223,240,5,3,0.59308511,Q50_75,False,0,1,3
377,33146,87,347,5,2,0.23138298,Q0_25,False,0,0,3
377,28475,75,200,5,2,0.19946809,Q0_25,False,0,1,3
377,120629,319,366,6,3,0.84840426,Q75_100,True,0,1,3
377,67827,179,344,5,3,0.47606383,Q25_50,False,0,0,3
377,81845,217,36,5,3,0.57712766,Q50_75,False,0,0,2
377,101750,269,337,6,3,0.71542553,Q50_75,True,0,0,3
377,7812,20,272,4,2,0.05319149,Q0_25,False,0,1,3
377,12869,34,51,5,2,0.09042553,Q0_25,False,0,0,2
377,1997,5,112,4,1,0.01329787,Q0_25,False,0,0,3
377,25926,68,290,5,2,0.18085106,Q0_25,False,0,1,3
377,55559,147,140,5,3,0.39095745,Q25_50,False,0,2,3
377,106294,281,357,6,3,0.74734043,Q50_75,True,0,0,3
377,9201,24,153,4,2,0.06382979,Q0_25,False,0,2,3
377,61373,162,299,5,3,0.43085106,Q25_50,False,0,1,3
377,33828,89,275,5,2,0.23670213,Q0_25,False,0,1,3
377,99016,262,242,5,3,0.69680851,Q50_75,False,0,1,3
377,83179,220,239,5,3,0.58510638,Q50_75,False,0,0,3
377,128586,341,29,6,3,0.90691489,Q75_100,True,0,0,2
377,136499,362,25,6,3,0.96276596,Q75_100,True,0,0,2
377,78360,207,321,5,3,0.55053191,Q50_75,False,0,0,3
377,96334,255,199,5,3,0.67819149,Q50_75,False,0,0,3
377,116668,309,175,6,3,0.82180851,Q75_100,True,0,1,3
377,103858,275,183,6,3,0.73138298,Q50_75,True,0,0,3
377,89076,236,104,5,3,0.62765957,Q50_75,False,0,0,3
377,102363,271,196,6,3,0.72074468,Q50_75,True,0,0,3
377,13321,35,126,5,2,0.09308511,Q0_25,False,0,1,3
377,135904,360,184,6,3,0.95744681,Q75_100,True,0,1,3
377,29810,79,27,5,2,0.21010638,Q0_25,False,0,0,2
377,36793,97,224,5,2,0.25797872,Q25_50,False,0,1,3
377,112401,298,55,6,3,0.79255319,Q75_100,True,0,0,2
377,46773,124,25,5,3,0.32978723,Q25_50,False,0,0,2
377,16762,44,174,5,2,0.11702128,Q0_25,False,0,1,3
377,108763,288,187,6,3,0.76595745,Q75_100,True,0,1,3
377,103022,273,101,6,3,0.72606383,Q50_75,True,0,0,3
377,110297,292,213,6,3,0.77659574,Q75_100,True,0,1,3
377,81119,215,64,5,3,0.57180851,Q50_75,False,0,1,2
377,10584,28,28,5,2,0.07446809,Q0_25,False,0,0,2
377,131369,348,173,6,3,0.92553191,Q75_100,True,0,1,3
377,88860,235,265,5,3,0.625,Q50_75,False,0,1,3
377,77421,205,136,5,3,0.54521277,Q50_75,False,0,1,3
377,75066,199,43,5,3,0.52925532,Q50_75,False,0,0,2
377,65436,173,215,5,3,0.46010638,Q25_50,False,0,1,3
377,138217,366,235,6,3,0.97340426,Q75_100,True,0,1,3
377,116275,308,159,6,3,0.81914894,Q75_100,True,0,0,3
377,56220,149,47,5,3,0.3962766,Q25_50,False,0,1,2
377,73006,193,245,5,3,0.51329787,Q50_75,False,0,1,3
377,133577,354,119,6,3,0.94148936,Q75_100,True,0,2,3
377,132264,350,314,6,3,0.93085106,Q75_100,True,0,0,3
377,69658,184,290,5,3,0.4893617,Q25_50,False,0,1,3
377,51413,136,141,5,3,0.36170213,Q25_50,False,0,2,3
377,22271,59,28,5,2,0.15691489,Q0_25,False,0,0,2
377,92851,246,109,5,3,0.65425532,Q50_75,False,0,2,3
377,47115,124,367,5,3,0.32978723,Q25_50,False,0,1,3
377,106412,282,98,6,3,0.75,Q75_100,True,0,0,2
377,71487,189,234,5,3,0.50265957,Q50_75,False,0,1,3
377,15329,40,249,5,2,0.10638298,Q0_25,False,0,1,3
377,100471,266,189,6,3,0.70744681,Q50_75,True,0,2,3
377,120477,319,214,6,3,0.84840426,Q75_100,True,0,2,3
377,3925,10,155,4,2,0.02659574,Q0_25,False,0,1,3
377,49032,130,22,5,3,0.34574468,Q25_50,False,0,0,2
377,34523,91,216,5,2,0.24202128,Q0_25,False,0,1,3
377,45353,120,113,5,3,0.31914894,Q25_50,False,0,1,3
377,106056,281,119,6,3,0.74734043,Q50_75,True,0,2,3
377,53691,142,157,5,3,0.37765957,Q25_50,False,0,1,3
377,41438,109,345,5,3,0.28989362,Q25_50,False,0,0,3
377,26673,70,283,5,2,0.18617021,Q0_25,False,0,2,3
377,6457,17,48,4,2,0.04521277,Q0_25,False,0,0,2
377,23278,61,281,5,2,0.16223404,Q0_25,False,0,1,3
377,75739,200,339,5,3,0.53191489,Q50_75,False,0,0,3
377,84165,223,94,5,3,0.59308511,Q50_75,False,0,1,2
377,134570,356,358,6,3,0.94680851,Q75_100,True,0,0,3
377,62711,166,129,5,3,0.44148936,Q25_50,False,0,1,3
377,47445,125,320,5,3,0.33244681,Q25_50,False,0,0,3
377,43542,115,187,5,3,0.30585106,Q25_50,False,0,2,3
377,703,1,326,3,1,0.00265957,Q0_25,False,0,1,3
377,105729,280,169,6,3,0.74468085,Q50_75,True,0,1,3
377,63347,168,11,5,3,0.44680851,Q25_50,False,0,0,2
377,76911,204,3,5,3,0.54255319,Q50_75,False,0,0,1
377,137034,363,183,6,3,0.96542553,Q75_100,True,0,0,3
377,103557,274,259,6,3,0.7287234,Q50_75,True,0,2,3
377,16371,43,160,5,2,0.1143617,Q0_25,False,0,2,3
377,9289,24,241,4,2,0.06382979,Q0_25,False,0,2,3
377,19254,51,27,5,2,0.1356383,Q0_25,False,0,0,2
377,24463,64,335,5,2,0.17021277,Q0_25,False,0,0,3
377,90999,241,142,5,3,0.64095745,Q50_75,False,0,1,3
377,80489,213,188,5,3,0.56648936,Q50_75,False,0,2,3
377,35456,94,18,5,2,0.25,Q25_50,False,0,0,2
377,135158,358,192,6,3,0.95212766,Q75_100,True,0,1,3
377,52105,138,79,5,3,0.36702128,Q25_50,False,0,1,2
377,122876,325,351,6,3,0.8643617,Q75_100,True,0,0,3
377,103330,274,32,6,3,0.7287234,Q50_75,True,0,0,2
377,1601,4,93,4,1,0.0106383,Q0_25,False,0,0,2
377,139635,370,145,6,3,0.98404255,Q75_100,True,0,1,3
377,106786,283,95,6,3,0.75265957,Q75_100,True,0,0,2
377,5645,14,367,4,2,0.03723404,Q0_25,False,0,2,3
377,39897,105,312,5,3,0.27925532,Q25_50,False,0,2,3
377,73767,195,252,5,3,0.51861702,Q50_75,False,0,0,3
377,45407,120,167,5,3,0.31914894,Q25_50,False,1,3,3
377,21670,57,181,5,2,0.15159574,Q0_25,False,0,1,3
377,46967,124,219,5,3,0.32978723,Q25_50,False,0,1,3
377,36117,95,302,5,2,0.25265957,Q25_50,False,0,0,3
377,2560,6,298,4,1,0.01595745,Q0_25,False,0,1,3
377,58134,154,76,5,3,0.40957447,Q25_50,False,0,0,2
377,67514,179,31,5,3,0.47606383,Q25_50,False,0,1,2
377,127094,337,45,6,3,0.8962766,Q75_100,True,0,0,2
377,126769,336,97,6,3,0.89361702,Q75_100,True,0,0,2
377,91924,243,313,5,3,0.6462766,Q50_75,False,0,0,3
377,60117,159,174,5,3,0.42287234,Q25_50,False,0,2,3
377,13408,35,213,5,2,0.09308511,Q0_25,False,0,1,3
377,134535,356,323,6,3,0.94680851,Q75_100,True,0,0,3
377,57638,152,334,5,3,0.40425532,Q25_50,False,0,0,3
377,75448,200,48,5,3,0.53191489,Q50_75,False,0,0,2
377,90636,240,156,5,3,0.63829787,Q50_75,False,0,0,3
377,123882,328,226,6,3,0.87234043,Q75_100,True,0,1,3
377,84648,224,200,5,3,0.59574468,Q50_75,False,0,0,3
377,116038,307,299,6,3,0.81648936,Q75_100,True,0,1,3
377,52309,138,283,5,3,0.36702128,Q25_50,False,0,0,3
377,58803,155,368,5,3,0.41223404,Q25_50,False,0,1,3
377,11165,29,232,5,2,0.07712766,Q0_25,False,0,1,3
377,89958,238,232,5,3,0.63297872,Q50_75,False,0,1,3
377,77550,205,265,5,3,0.54521277,Q50_75,False,0,1,3
377,46421,123,50,5,3,0.32712766,Q25_50,False,0,1,2
377,72108,191,101,5,3,0.50797872,Q50_75,False,0,2,3
377,53371,141,214,5,3,0.375,Q25_50,False,0,1,3
377,45617,121,0,5,3,0.32180851,Q25_50,False,0,0,1
377,26591,70,201,5,2,0.18617021,Q0_25,False,0,1,3
377,85254,226,52,5,3,0.60106383,Q50_75,False,0,0,2
377,38466,102,12,5,3,0.2712766,Q25_50,False,0,0,2
377,70219,186,97,5,3,0.49468085,Q25_50,False,0,1,2
377,33793,89,240,5,2,0.23670213,Q0_25,False,0,1,3
377,80856,214,178,5,3,0.56914894,Q50_75,False,0,2,3
377,4235,11,88,4,2,0.02925532,Q0_25,False,0,0,2
377,37555,99,232,5,2,0.26329787,Q25_50,False,0,0,3
377,25151,66,269,5,2,0.17553191,Q0_25,False,0,1,3
377,82500,218,314,5,3,0.57978723,Q50_75,False,0,0,3
377,109189,289,236,6,3,0.76861702,Q75_100,True,0,1,3
377,137098,363,247,6,3,0.96542553,Q75_100,True,0,1,3
377,114547,303,316,6,3,0.80585106,Q75_100,True,0,1,3
377,79577,211,30,5,3,0.56117021,Q50_75,False,0,0,2
377,86628,229,295,5,3,0.60904255,Q50_75,False,0,1,3
377,76759,203,228,5,3,0.53989362,Q50_75,False,0,0,3
377,116138,308,22,6,3,0.81914894,Q75_100,True,0,0,2
377,124945,331,158,6,3,0.88031915,Q75_100,True,0,1,3
377,120234,318,348,6,3,0.84574468,Q75_100,True,0,0,3
377,85606,227,27,5,3,0.6037234,Q50_75,False,0,0,2
377,123150,326,248,6,3,0.86702128,Q75_100,True,0,0,3
377,3945,10,175,4,2,0.02659574,Q0_25,False,0,1,3
377,89687,237,338,5,3,0.63031915,Q50_75,False,0,0,3
377,13617,36,45,5,2,0.09574468,Q0_25,False,0,0,2
377,49009,129,376,5,3,0.34308511,Q25_50,False,0,0,3
377,50499,133,358,5,3,0.3537234,Q25_50,False,0,0,3
377,48596,128,340,5,3,0.34042553,Q25_50,False,0,0,3
377,71617,189,364,5,3,0.50265957,Q50_75,False,0,1,3
377,28235,74,337,5,2,0.19680851,Q0_25,False,0,0,3
377,43275,114,297,5,3,0.30319149,Q25_50,False,0,1,3
377,70883,188,7,5,3,0.5,Q50_75,False,0,0,1
377,74931,198,285,5,3,0.52659574,Q50_75,False,0,0,3
377,91755,243,144,5,3,0.6462766,Q50_75,False,0,2,3
377,124892,331,105,6,3,0.88031915,Q75_100,True,0,0,3
377,36470,96,278,5,2,0.25531915,Q25_50,False,0,1,3
377,94155,249,282,5,3,0.66223404,Q50_75,False,0,1,3
377,60269,159,326,5,3,0.42287234,Q25_50,False,0,0,3
377,74060,196,168,5,3,0.5212766,Q50_75,False,1,3,3
377,48566,128,310,5,3,0.34042553,Q25_50,False,0,0,3
377,96675,256,163,5,3,0.68085106,Q50_75,False,0,1,3
377,121512,322,118,6,3,0.85638298,Q75_100,True,0,2,3
377,14852,39,149,5,2,0.1037234,Q0_25,False,0,1,3
377,21446,56,334,5,2,0.14893617,Q0_25,False,0,0,3
377,76661,203,130,5,3,0.53989362,Q50_75,False,0,2,3
377,58321,154,263,5,3,0.40957447,Q25_50,False,0,1,3
377,14927,39,224,5,2,0.1037234,Q0_25,False,0,2,3
377,73043,193,282,5,3,0.51329787,Q50_75,False,0,1,3
377,33719,89,166,5,2,0.23670213,Q0_25,False,1,3,3
377,51647,136,375,5,3,0.36170213,Q25_50,False,0,0,3
377,71593,189,340,5,3,0.50265957,Q50_75,False,0,0,3
377,141037,374,39,6,3,0.99468085,Q75_100,True,0,0,2
377,88338,234,120,5,3,0.62234043,Q50_75,False,0,1,3
377,5828,15,173,4,2,0.03989362,Q0_25,False,0,0,3
377,10566,28,10,5,2,0.07446809,Q0_25,False,0,0,2
377,127072,337,23,6,3,0.8962766,Q75_100,True,0,0,2
377,89228,236,256,5,3,0.62765957,Q50_75,False,0,0,3
377,1888,5,3,4,1,0.01329787,Q0_25,False,0,0,1
377,38450,101,373,5,3,0.26861702,Q25_50,False,0,0,3
377,115410,306,48,6,3,0.81382979,Q75_100,True,0,0,2
377,51226,135,331,5,3,0.35904255,Q25_50,False,0,0,3
377,117531,311,284,6,3,0.82712766,Q75_100,True,0,0,3
377,41571,110,101,5,3,0.29255319,Q25_50,False,0,2,3
377,41608,110,138,5,3,0.29255319,Q25_50,False,0,2,3
377,32601,86,179,5,2,0.2287234,Q0_25,False,0,1,3
377,89699,237,350,5,3,0.63031915,Q50_75,False,0,0,3
377,59441,157,252,5,3,0.41755319,Q25_50,False,0,0,3
377,18679,49,206,5,2,0.13031915,Q0_25,False,0,0,3
377,86336,229,3,5,3,0.60904255,Q50_75,False,0,0,1
377,60654,160,334,5,3,0.42553191,Q25_50,False,0,0,3
377,115284,305,299,6,3,0.81117021,Q75_100,True,0,1,3
377,41207,109,114,5,3,0.28989362,Q25_50,False,0,1,3
377,90484,240,4,5,3,0.63829787,Q50_75,False,0,0,1
377,67286,178,180,5,3,0.47340426,Q25_50,False,0,0,3
377,86215,228,259,5,3,0.60638298,Q50_75,False,0,1,3
377,82397,218,211,5,3,0.57978723,Q50_75,False,0,2,3
377,90885,241,28,5,3,0.64095745,Q50_75,False,0,0,2
377,27798,73,277,5,2,0.19414894,Q0_25,False,0,0,3
377,124422,330,12,6,3,0.87765957,Q75_100,True,0,0,2
377,118329,313,328,6,3,0.83244681,Q75_100,True,0,0,3
377,90318,239,215,5,3,0.6356383,Q50_75,False,0,0,3
377,141599,375,224,6,3,0.99734043,Q75_100,True,0,0,3
377,34432,91,125,5,2,0.24202128,Q0_25,False,0,2,3
377,38857,103,26,5,3,0.27393617,Q25_50,False,0,0,2
377,112178,297,209,6,3,0.78989362,Q75_100,True,0,1,3
377,54974,145,309,5,3,0.3856383,Q25_50,False,0,0,3
377,65651,174,53,5,3,0.46276596,Q25_50,False,0,0,2
377,87001,230,291,5,3,0.61170213,Q50_75,False,0,1,3
377,56014,148,218,5,3,0.39361702,Q25_50,False,0,1,3
377,86269,228,313,5,3,0.60638298,Q50_75,False,0,0,3
377,138128,366,146,6,3,0.97340426,Q75_100,True,0,1,3
377,1824,4,316,4,1,0.0106383,Q0_25,False,0,1,3
377,70102,185,357,5,3,0.49202128,Q25_50,False,0,0,3
377,40542,107,203,5,3,0.28457447,Q25_50,False,0,2,3
377,130618,346,176,6,3,0.92021277,Q75_100,True,0,1,3
377,116585,309,92,6,3,0.82180851,Q75_100,True,0,0,2
377,136910,363,59,6,3,0.96542553,Q75_100,True,0,0,2
377,45141,119,278,5,3,0.31648936,Q25_50,False,0,0,3
377,63483,168,147,5,3,0.44680851,Q25_50,False,0,2,3
377,136667,362,193,6,3,0.96276596,Q75_100,True,0,1,3
377,134004,355,169,6,3,0.94414894,Q75_100,True,0,2,3
377,60776,161,79,5,3,0.42819149,Q25_50,False,0,1,2
377,92898,246,156,5,3,0.65425532,Q50_75,False,0,1,3
377,110138,292,54,6,3,0.77659574,Q75_100,True,0,0,2
377,89526,237,177,5,3,0.63031915,Q50_75,False,0,2,3
377,83462,221,145,5,3,0.58776596,Q50_75,False,0,2,3
377,64352,170,262,5,3,0.45212766,Q25_50,False,0,2,3
377,88150,233,309,5,3,0.61968085,Q50_75,False,0,0,3
377,92071,244,83,5,3,0.64893617,Q50_75,False,0,0,2
377,30632,81,95,5,2,0.21542553,Q0_25,False,0,0,2
377,139357,369,244,6,3,0.98138298,Q75_100,True,0,1,3
377,10355,27,176,5,2,0.07180851,Q0_25,False,0,1,3
377,126555,335,260,6,3,0.89095745,Q75_100,True,0,1,3
377,43205,114,227,5,3,0.30319149,Q25_50,False,0,2,3
377,74122,196,230,5,3,0.5212766,Q50_75,False,0,1,3
377,46805,124,57,5,3,0.32978723,Q25_50,False,0,0,2
377,99152,263,1,5,3,0.69946809,Q50_75,False,0,0,1
377,31986,84,318,5,2,0.22340426,Q0_25,False,0,0,3
377,118118,313,117,6,3,0.83244681,Q75_100,True,0,2,3
377,74565,197,296,5,3,0.52393617,Q50_75,False,0,0,3
377,98984,262,210,5,3,0.69680851,Q50_75,False,0,1,3
377,3323,8,307,4,1,0.0212766,Q0_25,False,0,0,3
377,134013,355,178,6,3,0.94414894,Q75_100,True,0,0,3
377,20341,53,360,5,2,0.14095745,Q0_25,False,0,0,3
377,9063,24,15,4,2,0.06382979,Q0_25,False,0,1,2
377,14137,37,188,5,2,0.09840426,Q0_25,False,0,2,3
377,21581,57,92,5,2,0.15159574,Q0_25,False,0,0,2
377,13728,36,156,5,2,0.09574468,Q0_25,False,0,1,3
377,1924,5,39,4,1,0.01329787,Q0_25,False,0,1,2
377,79621,211,74,5,3,0.56117021,Q50_75,False,0,0,2
377,118522,314,144,6,3,0.83510638,Q75_100,True,0,1,3
377,23841,63,90,5,2,0.16755319,Q0_25,False,0,0,2
377,19238,51,11,5,2,0.1356383,Q0_25,False,0,0,2
377,112639,298,293,6,3,0.79255319,Q75_100,True,0,1,3
377,30341,80,181,5,2,0.21276596,Q0_25,False,0,2,3
377,99378,263,227,5,3,0.69946809,Q50_75,False,0,1,3
377,80382,213,81,5,3,0.56648936,Q50_75,False,0,1,2
377,52505,139,102,5,3,0.36968085,Q25_50,False,0,0,3
377,95474,253,93,5,3,0.67287234,Q50_75,False,0,0,2
377,103063,273,142,6,3,0.72606383,Q50_75,True,0,0,3
377,136765,362,291,6,3,0.96276596,Q75_100,True,0,1,3
377,40046,106,84,5,3,0.28191489,Q25_50,False,0,0,2
377,91377,242,143,5,3,0.64361702,Q50_75,False,0,1,3
377,40669,107,330,5,3,0.28457447,Q25_50,False,0,0,3
377,118069,313,68,6,3,0.83244681,Q75_100,True,0,0,2
377,62545,165,340,5,3,0.43882979,Q25_50,False,0,0,3
377,84712,224,264,5,3,0.59574468,Q50_75,False,0,0,3
377,72494,192,110,5,3,0.5106383,Q50_75,False,0,0,3
377,73201,194,63,5,3,0.51595745,Q50_75,False,0,1,2
377,82266,218,80,5,3,0.57978723,Q50_75,False,0,0,2
377,6313,16,281,4,2,0.04255319,Q0_25,False,0,0,3
377,139127,369,14,6,3,0.98138298,Q75_100,True,1,2,2
377,22618,59,375,5,2,0.15691489,Q0_25,False,0,0,3
377,2827,7,188,4,1,0.01861702,Q0_25,False,0,0,3
377,71629,189,376,5,3,0.50265957,Q50_75,False,0,0,3
377,86609,229,276,5,3,0.60904255,Q50_75,False,0,0,3
377,4123,10,353,4,2,0.02659574,Q0_25,False,0,0,3
377,37004,98,58,5,2,0.2606383,Q25_50,False,0,0,2
377,20445,54,87,5,2,0.14361702,Q0_25,False,0,0,2
377,56129,148,333,5,3,0.39361702,Q25_50,False,0,0,3
377,66564,176,212,5,3,0.46808511,Q25_50,False,0,2,3
377,55481,147,62,5,3,0.39095745,Q25_50,False,0,1,2
377,115596,306,234,6,3,0.81382979,Q75_100,True,0,0,3
377,125984,334,66,6,3,0.88829787,Q75_100,True,1,2,2
377,97904,259,261,5,3,0.68882979,Q50_75,False,0,2,3
377,25428,67,169,5,2,0.17819149,Q0_25,False,0,2,3
377,106529,282,215,6,3,0.75,Q75_100,True,0,2,3
377,129860,344,172,6,3,0.91489362,Q75_100,True,0,0,3
377,77081,204,173,5,3,0.54255319,Q50_75,False,0,2,3
377,26414,70,24,5,2,0.18617021,Q0_25,False,0,0,2
377,103020,273,99,6,3,0.72606383,Q50_75,True,0,1,2
377,99228,263,77,5,3,0.69946809,Q50_75,False,0,0,2
377,95246,252,242,5,3,0.67021277,Q50_75,False,0,2,3
377,130593,346,151,6,3,0.92021277,Q75_100,True,0,1,3
377,90904,241,47,5,3,0.64095745,Q50_75,False,0,1,2
377,59176,156,364,5,3,0.41489362,Q25_50,False,0,1,3
377,21384,56,272,5,2,0.14893617,Q0_25,False,0,1,3
377,41436,109,343,5,3,0.28989362,Q25_50,False,0,0,3
377,3643,9,250,4,1,0.02393617,Q0_25,False,0,1,3
377,47864,126,362,5,3,0.33510638,Q25_50,False,0,2,3
377,100155,265,250,6,3,0.70478723,Q50_75,True,0,1,3
377,94571,250,321,5,3,0.66489362,Q50_75,False,0,0,3
377,12863,34,45,5,2,0.09042553,Q0_25,False,0,0,2
377,65116,172,272,5,3,0.45744681,Q25_50,False,0,0,3
377,9768,25,343,4,2,0.06648936,Q0_25,False,0,0,3
377,27121,71,354,5,2,0.18882979,Q0_25,False,0,0,3
377,11304,29,371,5,2,0.07712766,Q0_25,False,0,0,3
377,32488,86,66,5,2,0.2287234,Q0_25,False,0,0,2
377,134670,357,81,6,3,0.94946809,Q75_100,True,0,0,2
377,73177,194,39,5,3,0.51595745,Q50_75,False,0,0,2
377,117233,310,363,6,3,0.82446809,Q75_100,True,0,0,3
377,99811,264,283,5,3,0.70212766,Q50_75,False,0,0,3
377,33142,87,343,5,2,0.23138298,Q0_25,False,0,0,3
377,96900,257,11,5,3,0.68351064,Q50_75,False,0,0,2
377,14786,39,83,5,2,0.1037234,Q0_25,False,0,0,2
377,27329,72,185,5,2,0.19148936,Q0_25,False,0,2,3
377,82546,218,360,5,3,0.57978723,Q50_75,False,0,1,3
377,24034,63,283,5,2,0.16755319,Q0_25,False,0,1,3
377,55069,146,27,5,3,0.38829787,Q25_50,False,0,0,2
377,135884,360,164,6,3,0.95744681,Q75_100,True,0,1,3
377,35675,94,237,5,2,0.25,Q25_50,False,0,2,3
377,124686,330,276,6,3,0.87765957,Q75_100,True,0,1,3
377,119564,317,55,6,3,0.84308511,Q75_100,True,0,0,2
377,27221,72,77,5,2,0.19148936,Q0_25,False,0,0,2
377,80134,212,210,5,3,0.56382979,Q50_75,False,0,1,3
377,61066,161,369,5,3,0.42819149,Q25_50,False,0,1,3
377,31677,84,9,5,2,0.22340426,Q0_25,False,0,0,1
377,23516,62,142,5,2,0.16489362,Q0_25,False,0,1,3
377,138292,366,310,6,3,0.97340426,Q75_100,True,0,1,3
377,31865,84,197,5,2,0.22340426,Q0_25,False,0,1,3
377,15695,41,238,5,2,0.10904255,Q0_25,False,0,0,3
377,90633,240,153,5,3,0.63829787,Q50_75,False,0,1,3
377,100546,266,264,6,3,0.70744681,Q50_75,True,0,1,3
377,101457,269,44,6,3,0.71542553,Q50_75,True,0,0,2
377,38991,103,160,5,3,0.27393617,Q25_50,False,0,2,3
377,50424,133,283,5,3,0.3537234,Q25_50,False,0,1,3
377,25348,67,89,5,2,0.17819149,Q0_25,False,0,1,2
377,102431,271,264,6,3,0.72074468,Q50_75,True,0,0,3
377,42469,112,245,5,3,0.29787234,Q25_50,False,0,1,3
377,135515,359,172,6,3,0.95478723,Q75_100,True,0,1,3
377,103817,275,142,6,3,0.73138298,Q50_75,True,0,0,3
377,57305,152,1,5,3,0.40425532,Q25_50,False,1,1,1
377,114807,304,199,6,3,0.80851064,Q75_100,True,0,1,3
377,12972,34,154,5,2,0.09042553,Q0_25,False,0,1,3
377,64991,172,147,5,3,0.45744681,Q25_50,False,0,2,3
377,50863,134,345,5,3,0.35638298,Q25_50,False,0,0,3
377,68062,180,202,5,3,0.4787234,Q25_50,False,0,1,3
377,123480,327,201,6,3,0.86968085,Q75_100,True,0,1,3
377,63591,168,255,5,3,0.44680851,Q25_50,False,0,1,3
377,6530,17,121,4,2,0.04521277,Q0_25,False,0,0,3
377,117353,311,106,6,3,0.82712766,Q75_100,True,0,1,3
377,134854,357,265,6,3,0.94946809,Q75_100,True,0,1,3
377,107421,284,353,6,3,0.75531915,Q75_100,True,0,0,3
377,70185,186,63,5,3,0.49468085,Q25_50,False,0,1,2
377,129670,343,359,6,3,0.91223404,Q75_100,True,0,1,3
377,84120,223,49,5,3,0.59308511,Q50_75,False,0,0,2
377,89301,236,329,5,3,0.62765957,Q50_75,False,0,0,3
377,68124,180,264,5,3,0.4787234,Q25_50,False,0,1,3
377,82896,219,333,5,3,0.58244681,Q50_75,False,0,1,3
377,7581,20,41,4,2,0.05319149,Q0_25,False,0,1,2
377,39890,105,305,5,3,0.27925532,Q25_50,False,0,0,3
377,77022,204,114,5,3,0.54255319,Q50_75,False,0,2,3
377,60237,159,294,5,3,0.42287234,Q25_50,False,0,1,3
377,41923,111,76,5,3,0.29521277,Q25_50,False,0,0,2
377,139414,369,301,6,3,0.98138298,Q75_100,True,0,0,3
377,58880,156,68,5,3,0.41489362,Q25_50,False,0,1,2
377,94688,251,61,5,3,0.66755319,Q50_75,False,0,1,2
377,99237,263,86,5,3,0.69946809,Q50_75,False,0,0,2
377,38952,103,121,5,3,0.27393617,Q25_50,False,0,1,3
377,34967,92,283,5,2,0.24468085,Q0_25,False,0,1,3
377,90041,238,315,5,3,0.63297872,Q50_75,False,0,1,3
377,4686,12,162,4,2,0.03191489,Q0_25,False,0,2,3
377,55236,146,194,5,3,0.38829787,Q25_50,False,0,1,3
377,96255,255,120,5,3,0.67819149,Q50_75,False,0,1,3
377,140176,371,309,6,3,0.98670213,Q75_100,True,0,1,3
377,81978,217,169,5,3,0.57712766,Q50_75,False,0,1,3
377,44474,117,365,5,3,0.31117021,Q25_50,False,0,2,3
377,43671,115,316,5,3,0.30585106,Q25_50,False,0,0,3
377,87353,231,266,5,3,0.6143617,Q50_75,False,0,1,3
377,35155,93,94,5,2,0.24734043,Q0_25,False,0,1,2
377,126946,336,274,6,3,0.89361702,Q75_100,True,0,0,3
377,7197,19,34,4,2,0.05053191,Q0_25,False,0,0,2
377,136599,362,125,6,3,0.96276596,Q75_100,True,0,0,3
377,64616,171,149,5,3,0.45478723,Q25_50,False,0,2,3
377,1097,2,343,4,1,0.00531915,Q0_25,False,0,1,3
377,47771,126,269,5,3,0.33510638,Q25_50,False,0,1,3
377,11115,29,182,5,2,0.07712766,Q0_25,False,0,2,3
377,123714,328,58,6,3,0.87234043,Q75_100,True,0,0,2
377,111127,294,289,6,3,0.78191489,Q75_100,True,0,1,3
377,57345,152,41,5,3,0.40425532,Q25_50,False,0,1,2
377,17396,46,54,5,2,0.12234043,Q0_25,False,0,0,2
377,56436,149,263,5,3,0.3962766,Q25_50,False,0,2,3
377,9604,25,179,4,2,0.06648936,Q0_25,False,0,0,3
377,51906,137,257,5,3,0.3643617,Q25_50,False,0,1,3
377,138322,366,340,6,3,0.97340426,Q75_100,True,0,0,3
377,73205,194,67,5,3,0.51595745,Q50_75,False,1,2,2
377,93667,248,171,5,3,0.65957447,Q50_75,False,0,2,3
377,78008,206,346,5,3,0.54787234,Q50_75,False,0,0,3
377,58903,156,91,5,3,0.41489362,Q25_50,False,0,1,2
377,47562,126,60,5,3,0.33510638,Q25_50,False,0,1,2
377,87064,230,354,5,3,0.61170213,Q50_75,False,0,0,3
377,30056,79,273,5,2,0.21010638,Q0_25,False,0,1,3
377,35958,95,143,5,2,0.25265957,Q25_50,False,0,1,3
377,26310,69,297,5,2,0.18351064,Q0_25,False,0,0,3
377,22194,58,328,5,2,0.15425532,Q0_25,False,0,0,3
377,135126,358,160,6,3,0.95212766,Q75_100,True,0,2,3
377,1116,2,362,4,1,0.00531915,Q0_25,False,0,1,3
377,43800,116,68,5,3,0.30851064,Q25_50,False,0,1,2
377,84375,223,304,5,3,0.59308511,Q50_75,False,0,0,3
377,7634,20,94,4,2,0.05319149,Q0_25,False,0,0,2
377,96019,254,261,5,3,0.67553191,Q50_75,False,0,1,3
377,120,0,120,3,1,0.0,Q0_25,False,0,1,3
377,3942,10,172,4,2,0.02659574,Q0_25,False,0,0,3
377,1827,4,319,4,1,0.0106383,Q0_25,False,0,0,3
377,107348,284,280,6,3,0.75531915,Q75_100,True,0,0,3
377,93089,246,347,5,3,0.65425532,Q50_75,False,0,0,3
377,133181,353,100,6,3,0.93882979,Q75_100,True,0,1,3
377,132011,350,61,6,3,0.93085106,Q75_100,True,0,1,2
377,44829,118,343,5,3,0.31382979,Q25_50,False,0,0,3
377,60091,159,148,5,3,0.42287234,Q25_50,False,0,1,3
377,88380,234,162,5,3,0.62234043,Q50_75,False,0,2,3
377,55750,147,331,5,3,0.39095745,Q25_50,False,0,0,3
377,29819,79,36,5,2,0.21010638,Q0_25,False,0,0,2
377,110015,291,308,6,3,0.77393617,Q75_100,True,0,1,3
377,81647,216,215,5,3,0.57446809,Q50_75,False,0,2,3
377,37573,99,250,5,2,0.26329787,Q25_50,False,0,0,3
377,132858,352,154,6,3,0.93617021,Q75_100,True,0,0,3
377,32624,86,202,5,2,0.2287234,Q0_25,False,0,2,3
377,135392,359,49,6,3,0.95478723,Q75_100,True,1,2,2
377,124913,331,126,6,3,0.88031915,Q75_100,True,0,1,3
377,9559,25,134,4,2,0.06648936,Q0_25,False,0,0,3
377,141169,374,171,6,3,0.99468085,Q75_100,True,0,1,3
377,91252,242,18,5,3,0.64361702,Q50_75,False,0,0,2
377,109209,289,256,6,3,0.76861702,Q75_100,True,0,2,3
377,28801,76,149,5,2,0.20212766,Q0_25,False,0,1,3
377,50803,134,285,5,3,0.35638298,Q25_50,False,0,0,3
377,15011,39,308,5,2,0.1037234,Q0_25,False,0,0,3
377,53278,141,121,5,3,0.375,Q25_50,False,0,2,3
377,48882,129,249,5,3,0.34308511,Q25_50,False,0,0,3
377,66859,177,130,5,3,0.47074468,Q25_50,False,0,2,3
377,108206,287,7,6,3,0.76329787,Q75_100,True,0,0,1
377,79952,212,28,5,3,0.56382979,Q50_75,False,0,1,2
377,10622,28,66,5,2,0.07446809,Q0_25,False,0,1,2
377,45890,121,273,5,3,0.32180851,Q25_50,False,0,1,3
377,42217,111,370,5,3,0.29521277,Q25_50,False,0,0,3
377,68789,182,175,5,3,0.48404255,Q25_50,False,0,2,3
377,111365,295,150,6,3,0.78457447,Q75_100,True,0,1,3
377,114360,303,129,6,3,0.80585106,Q75_100,True,0,0,3
377,131309,348,113,6,3,0.92553191,Q75_100,True,0,2,3
377,57436,152,132,5,3,0.40425532,Q25_50,False,0,1,3
377,86212,228,256,5,3,0.60638298,Q50_75,False,0,0,3
377,131061,347,242,6,3,0.92287234,Q75_100,True,0,0,3
377,45583,120,343,5,3,0.31914894,Q25_50,False,0,1,3
377,42523,112,299,5,3,0.29787234,Q25_50,False,0,0,3
377,141227,374,229,6,3,0.99468085,Q75_100,True,0,2,3
377,54646,144,358,5,3,0.38297872,Q25_50,False,0,0,3
377,129384,343,73,6,3,0.91223404,Q75_100,True,0,0,2
377,108773,288,197,6,3,0.76595745,Q75_100,True,0,2,3
377,127178,337,129,6,3,0.8962766,Q75_100,True,0,1,3
377,45151,119,288,5,3,0.31648936,Q25_50,False,0,0,3
377,98216,260,196,5,3,0.69148936,Q50_75,False,0,0,3
377,34203,90,273,5,2,0.2393617,Q0_25,False,0,0,3
377,48390,128,134,5,3,0.34042553,Q25_50,False,0,1,3
377,89375,237,26,5,3,0.63031915,Q50_75,False,0,0,2
377,83974,222,280,5,3,0.59042553,Q50_75,False,0,1,3
377,113394,300,294,6,3,0.79787234,Q75_100,True,0,1,3
377,52247,138,221,5,3,0.36702128,Q25_50,False,0,2,3
377,79204,210,34,5,3,0.55851064,Q50_75,False,0,0,2
377,90162,239,59,5,3,0.6356383,Q50_75,False,0,0,2
377,24644,65,139,5,2,0.17287234,Q0_25,False,0,1,3
377,100042,265,137,6,3,0.70478723,Q50_75,True,0,0,3
377,60426,160,106,5,3,0.42553191,Q25_50,False,0,1,3
377,32421,85,376,5,2,0.22606383,Q0_25,False,0,0,3
377,105955,281,18,6,3,0.74734043,Q50_75,True,0,0,2
377,126537,335,242,6,3,0.89095745,Q75_100,True,0,1,3
377,93204,247,85,5,3,0.65691489,Q50_75,False,0,0,2
377,94450,250,200,5,3,0.66489362,Q50_75,False,0,1,3
377,135076,358,110,6,3,0.95212766,Q75_100,True,0,1,3
377,24170,64,42,5,2,0.17021277,Q0_25,False,0,0,2
377,64229,170,139,5,3,0.45212766,Q25_50,False,0,2,3
377,71894,190,264,5,3,0.50531915,Q50_75,False,0,2,3
377,65,0,65,2,1,0.0,Q0_25,False,0,0,2
377,89809,238,83,5,3,0.63297872,Q50_75,False,0,0,2
377,93662,248,166,5,3,0.65957447,Q50_75,False,0,2,3
377,7163,19,0,4,2,0.05053191,Q0_25,False,0,0,1
377,104844,278,38,6,3,0.7393617,Q50_75,True,0,0,2
377,2374,6,112,4,1,0.01595745,Q0_25,False,0,1,3
377,92655,245,290,5,3,0.65159574,Q50_75,False,0,1,3
377,7364,19,201,4,2,0.05053191,Q0_25,False,0,1,3
377,38572,102,118,5,3,0.2712766,Q25_50,False,0,1,3
377,105031,278,225,6,3,0.7393617,Q50_75,True,0,1,3
377,133860,355,25,6,3,0.94414894,Q75_100,True,0,0,2
377,111851,296,259,6,3,0.78723404,Q75_100,True,0,0,3
377,74153,196,261,5,3,0.5212766,Q50_75,False,0,2,3
377,60991,161,294,5,3,0.42819149,Q25_50,False,0,0,3
377,75500,200,100,5,3,0.53191489,Q50_75,False,0,1,3
377,1281,3,150,4,1,0.00797872,Q0_25,False,0,1,3
377,42241,112,17,5,3,0.29787234,Q25_50,False,0,0,2
377,130036,344,348,6,3,0.91489362,Q75_100,True,0,0,3
377,18999,50,149,5,2,0.13297872,Q0_25,False,0,1,3
377,137276,364,48,6,3,0.96808511,Q75_100,True,0,0,2
377,64723,171,256,5,3,0.45478723,Q25_50,False,0,0,3
377,132903,352,199,6,3,0.93617021,Q75_100,True,0,0,3
377,116369,308,253,6,3,0.81914894,Q75_100,True,0,1,3
377,122549,325,24,6,3,0.8643617,Q75_100,True,0,0,2
377,2919,7,280,4,1,0.01861702,Q0_25,False,0,0,3
377,25837,68,201,5,2,0.18085106,Q0_25,False,0,1,3
377,108980,289,27,6,3,0.76861702,Q75_100,True,0,0,2
377,103225,273,304,6,3,0.72606383,Q50_75,True,0,0,3
377,94350,250,100,5,3,0.66489362,Q50_75,False,0,0,3
377,43215,114,237,5,3,0.30319149,Q25_50,False,0,2,3
377,1709,4,201,4,1,0.0106383,Q0_25,False,0,0,3
377,66659,176,307,5,3,0.46808511,Q25_50,False,0,1,3
377,68422,181,185,5,3,0.48138298,Q25_50,False,0,2,3
377,41174,109,81,5,3,0.28989362,Q25_50,False,0,1,2
377,103794,275,119,6,3,0.73138298,Q50_75,True,0,2,3
377,70552,187,53,5,3,0.49734043,Q25_50,False,0,0,2
377,99243,263,92,5,3,0.69946809,Q50_75,False,0,0,2
377,108135,286,313,6,3,0.7606383,Q75_100,True,0,1,3
377,5160,13,259,4,2,0.03457447,Q0_25,False,0,2,3
377,34011,90,81,5,2,0.2393617,Q0_25,False,0,1,2
377,25987,68,351,5,2,0.18085106,Q0_25,False,0,0,3
377,52469,139,66,5,3,0.36968085,Q25_50,False,0,1,2
377,8772,23,101,4,2,0.06117021,Q0_25,False,0,0,3
377,72730,192,346,5,3,0.5106383,Q50_75,False,0,0,3
377,60420,160,100,5,3,0.42553191,Q25_50,False,0,0,3
377,110249,292,165,6,3,0.77659574,Q75_100,True,0,0,3
377,106221,281,284,6,3,0.74734043,Q50_75,True,0,1,3
377,2881,7,242,4,1,0.01861702,Q0_25,False,0,1,3
377,17416,46,74,5,2,0.12234043,Q0_25,False,0,1,2
377,41691,110,221,5,3,0.29255319,Q25_50,False,0,1,3
377,128610,341,53,6,3,0.90691489,Q75_100,True,0,0,2
377,65255,173,34,5,3,0.46010638,Q25_50,False,0,0,2
377,91275,242,41,5,3,0.64361702,Q50_75,False,0,1,2
377,20500,54,142,5,2,0.14361702,Q0_25,False,0,1,3
377,75912,201,135,5,3,0.53457447,Q50_75,False,0,1,3
377,29280,77,251,5,2,0.20478723,Q0_25,False,0,2,3
377,106581,282,267,6,3,0.75,Q75_100,True,0,0,3
377,120012,318,126,6,3,0.84574468,Q75_100,True,0,1,3
377,56093,148,297,5,3,0.39361702,Q25_50,False,0,2,3
377,34402,91,95,5,2,0.24202128,Q0_25,False,0,1,2
377,79180,210,10,5,3,0.55851064,Q50_75,False,0,0,2
377,86698,229,365,5,3,0.60904255,Q50_75,False,0,2,3
377,98849,262,75,5,3,0.69680851,Q50_75,False,0,0,2
377,57360,152,56,5,3,0.40425532,Q25_50,False,0,0,2
377,90207,239,104,5,3,0.6356383,Q50_75,False,0,0,3
377,58848,156,36,5,3,0.41489362,Q25_50,False,0,0,2
377,103811,275,136,6,3,0.73138298,Q50_75,True,0,2,3
377,18272,48,176,5,2,0.12765957,Q0_25,False,0,1,3
377,55143,146,101,5,3,0.38829787,Q25_50,False,0,2,3
377,115198,305,213,6,3,0.81117021,Q75_100,True,0,0,3
377,90651,240,171,5,3,0.63829787,Q50_75,False,0,2,3
377,76006,201,229,5,3,0.53457447,Q50_75,False,0,1,3
377,130776,346,334,6,3,0.92021277,Q75_100,True,0,0,3
377,18629,49,156,5,2,0.13031915,Q0_25,False,0,1,3
377,110967,294,129,6,3,0.78191489,Q75_100,True,0,0,3
377,52122,138,96,5,3,0.36702128,Q25_50,False,0,1,2
377,130082,345,17,6,3,0.91755319,Q75_100,True,0,0,2
377,100011,265,106,6,3,0.70478723,Q50_75,True,0,2,3
377,117133,310,263,6,3,0.82446809,Q75_100,True,0,0,3
377,23452,62,78,5,2,0.16489362,Q0_25,False,0,0,2
377,88198,233,357,5,3,0.61968085,Q50_75,False,0,0,3
377,54605,144,317,5,3,0.38297872,Q25_50,False,0,0,3
377,122054,323,283,6,3,0.85904255,Q75_100,True,0,1,3
377,114694,304,86,6,3,0.80851064,Q75_100,True,0,0,2
377,111834,296,242,6,3,0.78723404,Q75_100,True,0,0,3
377,84187,223,116,5,3,0.59308511,Q50_75,False,0,1,3
377,70130,186,8,5,3,0.49468085,Q25_50,False,0,0,1
377,64491,171,24,5,3,0.45478723,Q25_50,False,0,0,2
377,872,2,118,3,1,0.00531915,Q0_25,False,0,1,3
377,81180,215,125,5,3,0.57180851,Q50_75,False,0,2,3
377,111905,296,313,6,3,0.78723404,Q75_100,True,0,0,3
377,115304,305,319,6,3,0.81117021,Q75_100,True,0,1,3
377,111642,296,50,6,3,0.78723404,Q75_100,True,0,0,2
377,90473,239,370,5,3,0.6356383,Q50_75,False,0,0,3
377,2171,5,286,4,1,0.01329787,Q0_25,False,0,0,3
377,141112,374,114,6,3,0.99468085,Q75_100,True,0,2,3
377,130207,345,142,6,3,0.91755319,Q75_100,True,0,0,3
377,118986,315,231,6,3,0.83776596,Q75_100,True,0,0,3
377,105998,281,61,6,3,0.74734043,Q50_75,True,0,0,2
377,98950,262,176,5,3,0.69680851,Q50_75,False,0,0,3
377,53305,141,148,5,3,0.375,Q25_50,False,0,0,3
377,109180,289,227,6,3,0.76861702,Q75_100,True,0,1,3
377,63469,168,133,5,3,0.44680851,Q25_50,False,0,2,3
377,113704,301,227,6,3,0.80053191,Q75_100,True,0,0,3
377,14065,37,116,5,2,0.09840426,Q0_25,False,0,2,3
377,75545,200,145,5,3,0.53191489,Q50_75,False,0,0,3
377,108113,286,291,6,3,0.7606383,Q75_100,True,0,0,3
377,137043,363,192,6,3,0.96542553,Q75_100,True,0,0,3
377,14296,37,347,5,2,0.09840426,Q0_25,False,0,1,3
377,103592,274,294,6,3,0.7287234,Q50_75,True,0,1,3
377,133888,355,53,6,3,0.94414894,Q75_100,True,0,1,2
377,125597,333,56,6,3,0.8856383,Q75_100,True,0,0,2
377,126002,334,84,6,3,0.88829787,Q75_100,True,0,0,2
377,71700,190,70,5,3,0.50531915,Q50_75,False,0,1,2
377,21105,55,370,5,2,0.1462766,Q0_25,False,0,0,3
377,104760,277,331,6,3,0.73670213,Q50_75,True,0,0,3
377,116192,308,76,6,3,0.81914894,Q75_100,True,0,0,2
377,17568,46,226,5,2,0.12234043,Q0_25,False,0,0,3
377,41078,108,362,5,3,0.28723404,Q25_50,False,0,1,3
377,68527,181,290,5,3,0.48138298,Q25_50,False,0,0,3
377,8383,22,89,4,2,0.05851064,Q0_25,False,0,0,2
377,19383,51,156,5,2,0.1356383,Q0_25,False,0,2,3
377,120645,320,5,6,3,0.85106383,Q75_100,True,0,0,1
377,135183,358,217,6,3,0.95212766,Q75_100,True,0,0,3
377,13765,36,193,5,2,0.09574468,Q0_25,False,0,1,3
377,136632,362,158,6,3,0.96276596,Q75_100,True,0,0,3
377,80817,214,139,5,3,0.56914894,Q50_75,False,0,2,3
377,103661,274,363,6,3,0.7287234,Q50_75,True,0,0,3
377,69671,184,303,5,3,0.4893617,Q25_50,False,0,0,3
377,71044,188,168,5,3,0.5,Q50_75,False,0,1,3
377,23446,62,72,5,2,0.16489362,Q0_25,False,0,0,2
377,101600,269,187,6,3,0.71542553,Q50_75,True,0,0,3
377,120722,320,82,6,3,0.85106383,Q75_100,True,0,0,2
377,53907,142,373,5,3,0.37765957,Q25_50,False,0,0,3
377,11947,31,260,5,2,0.08244681,Q0_25,False,0,2,3
377,31347,83,56,5,2,0.22074468,Q0_25,False,0,0,2
377,89672,237,323,5,3,0.63031915,Q50_75,False,0,0,3
377,47678,126,176,5,3,0.33510638,Q25_50,False,0,1,3
377,138643,367,284,6,3,0.97606383,Q75_100,True,0,0,3
377,110817,293,356,6,3,0.77925532,Q75_100,True,0,2,3
377,16618,44,30,5,2,0.11702128,Q0_25,False,0,0,2
377,4307,11,160,4,2,0.02925532,Q0_25,False,0,1,3
377,70272,186,150,5,3,0.49468085,Q25_50,False,0,0,3
377,105500,279,317,6,3,0.74202128,Q50_75,True,0,0,3
377,57920,153,239,5,3,0.40691489,Q25_50,False,0,1,3
377,28594,75,319,5,2,0.19946809,Q0_25,False,0,0,3
377,89703,237,354,5,3,0.63031915,Q50_75,False,0,0,3
377,107734,285,289,6,3,0.75797872,Q75_100,True,0,1,3
377,127311,337,262,6,3,0.8962766,Q75_100,True,0,2,3
377,15091,40,11,5,2,0.10638298,Q0_25,False,0,0,2
377,76583,203,52,5,3,0.53989362,Q50_75,False,0,0,2
377,80809,214,131,5,3,0.56914894,Q50_75,False,0,2,3
377,64117,170,27,5,3,0.45212766,Q25_50,False,0,0,2
377,74720,198,74,5,3,0.52659574,Q50_75,False,0,0,2
377,50300,133,159,5,3,0.3537234,Q25_50,False,0,1,3
377,17077,45,112,5,2,0.11968085,Q0_25,False,0,1,3
377,46290,122,296,5,3,0.32446809,Q25_50,False,0,0,3
377,93725,248,229,5,3,0.65957447,Q50_75,False,0,0,3
377,115102,305,117,6,3,0.81117021,Q75_100,True,0,1,3
377,106880,283,189,6,3,0.75265957,Q75_100,True,0,0,3
377,23757,63,6,5,2,0.16755319,Q0_25,False,0,0,1
377,8286,21,369,4,2,0.05585106,Q0_25,False,0,0,3
377,88221,234,3,5,3,0.62234043,Q50_75,False,0,0,1
377,12428,32,364,5,2,0.08510638,Q0_25,False,0,1,3
377,90348,239,245,5,3,0.6356383,Q50_75,False,0,0,3
377,130511,346,69,6,3,0.92021277,Q75_100,True,1,2,2
377,48473,128,217,5,3,0.34042553,Q25_50,False,0,0,3
377,5500,14,222,4,2,0.03723404,Q0_25,False,0,1,3
377,61657,163,206,5,3,0.43351064,Q25_50,False,0,2,3
377,90019,238,293,5,3,0.63297872,Q50_75,False,0,1,3
377,96941,257,52,5,3,0.68351064,Q50_75,False,0,0,2
377,8369,22,75,4,2,0.05851064,Q0_25,False,0,0,2
377,62425,165,220,5,3,0.43882979,Q25_50,False,0,1,3
377,49957,132,193,5,3,0.35106383,Q25_50,False,0,1,3
377,32543,86,121,5,2,0.2287234,Q0_25,False,0,2,3
377,22489,59,246,5,2,0.15691489,Q0_25,False,0,1,3
377,14216,37,267,5,2,0.09840426,Q0_25,False,0,2,3
377,100869,267,210,6,3,0.71010638,Q50_75,True,0,2,3
377,63680,168,344,5,3,0.44680851,Q25_50,False,0,0,3
377,110468,293,7,6,3,0.77925532,Q75_100,True,0,0,1
377,37147,98,201,5,2,0.2606383,Q25_50,False,0,1,3
377,90199,239,96,5,3,0.6356383,Q50_75,False,0,0,2
377,61372,162,298,5,3,0.43085106,Q25_50,False,0,1,3
377,3245,8,229,4,1,0.0212766,Q0_25,False,0,1,3
377,140493,372,249,6,3,0.9893617,Q75_100,True,0,1,3
377,86092,228,136,5,3,0.60638298,Q50_75,False,0,1,3
377,116869,309,376,6,3,0.82180851,Q75_100,True,0,1,3
377,34577,91,270,5,2,0.24202128,Q0_25,False,0,0,3
377,78758,208,342,5,3,0.55319149,Q50_75,False,0,0,3
377,100525,266,243,6,3,0.70744681,Q50_75,True,0,1,3
377,133184,353,103,6,3,0.93882979,Q75_100,True,0,0,3
377,68271,181,34,5,3,0.48138298,Q25_50,False,0,0,2
377,137969,365,364,6,3,0.97074468,Q75_100,True,0,0,3
377,3507,9,114,4,1,0.02393617,Q0_25,False,0,0,3
377,119555,317,46,6,3,0.84308511,Q75_100,True,0,1,2
377,134181,355,346,6,3,0.94414894,Q75_100,True,0,0,3
377,113949,302,95,6,3,0.80319149,Q75_100,True,0,0,2
377,34000,90,70,5,2,0.2393617,Q0_25,False,0,0,2
377,116057,307,318,6,3,0.81648936,Q75_100,True,0,1,3
377,132503,351,176,6,3,0.93351064,Q75_100,True,0,0,3
377,65268,173,47,5,3,0.46010638,Q25_50,False,0,1,2
377,134251,356,39,6,3,0.94680851,Q75_100,True,0,1,2
377,63304,167,345,5,3,0.44414894,Q25_50,False,0,0,3
377,97544,258,278,5,3,0.68617021,Q50_75,False,0,1,3
377,60531,160,211,5,3,0.42553191,Q25_50,False,0,1,3
377,32110,85,65,5,2,0.22606383,Q0_25,False,1,2,2
377,129650,343,339,6,3,0.91223404,Q75_100,True,0,1,3
377,119525,317,16,6,3,0.84308511,Q75_100,True,1,2,2
377,136840,362,366,6,3,0.96276596,Q75_100,True,0,1,3
377,54648,144,360,5,3,0.38297872,Q25_50,False,0,1,3
377,125364,332,200,6,3,0.88297872,Q75_100,True,0,0,3
377,79668,211,121,5,3,0.56117021,Q50_75,False,0,1,3
377,94667,251,40,5,3,0.66755319,Q50_75,False,0,0,2
377,140454,372,210,6,3,0.9893617,Q75_100,True,0,2,3
377,137031,363,180,6,3,0.96542553,Q75_100,True,0,0,3
377,23833,63,82,5,2,0.16755319,Q0_25,False,0,0,2
377,52963,140,183,5,3,0.37234043,Q25_50,False,0,1,3
377,54659,144,371,5,3,0.38297872,Q25_50,False,0,0,3
377,59979,159,36,5,3,0.42287234,Q25_50,False,0,1,2
377,92129,244,141,5,3,0.64893617,Q50_75,False,0,1,3
377,32550,86,128,5,2,0.2287234,Q0_25,False,0,1,3
377,89235,236,263,5,3,0.62765957,Q50_75,False,0,2,3
377,127321,337,272,6,3,0.8962766,Q75_100,True,0,1,3
377,141815,376,63,6,3,1.0,Q75_100,True,0,0,2
377,82724,219,161,5,3,0.58244681,Q50_75,False,0,2,3
377,131984,350,34,6,3,0.93085106,Q75_100,True,0,0,2
377,70590,187,91,5,3,0.49734043,Q25_50,False,0,1,2
377,105202,279,19,6,3,0.74202128,Q50_75,True,1,2,2
377,14716,39,13,5,2,0.1037234,Q0_25,False,0,0,2
377,77922,206,260,5,3,0.54787234,Q50_75,False,0,2,3
377,106596,282,282,6,3,0.75,Q75_100,True,0,0,3
377,105292,279,109,6,3,0.74202128,Q50_75,True,0,1,3
377,88393,234,175,5,3,0.62234043,Q50_75,False,0,1,3
377,82566,219,3,5,3,0.58244681,Q50_75,False,0,0,1
377,75666,200,266,5,3,0.53191489,Q50_75,False,1,3,3
377,85564,226,362,5,3,0.60106383,Q50_75,False,0,1,3
377,121946,323,175,6,3,0.85904255,Q75_100,True,0,1,3
377,30790,81,253,5,2,0.21542553,Q0_25,False,0,1,3
377,75356,199,333,5,3,0.52925532,Q50_75,False,0,0,3
377,77301,205,16,5,3,0.54521277,Q50_75,False,0,0,2
377,93135,247,16,5,3,0.65691489,Q50_75,False,0,0,2
377,50039,132,275,5,3,0.35106383,Q25_50,False,0,1,3
377,103201,273,280,6,3,0.72606383,Q50_75,True,0,1,3
377,123308,327,29,6,3,0.86968085,Q75_100,True,0,0,2
377,34505,91,198,5,2,0.24202128,Q0_25,False,0,1,3
377,134622,357,33,6,3,0.94946809,Q75_100,True,0,0,2
377,133657,354,199,6,3,0.94148936,Q75_100,True,0,1,3
377,47021,124,273,5,3,0.32978723,Q25_50,False,0,0,3
377,55067,146,25,5,3,0.38829787,Q25_50,False,0,0,2
377,15939,42,105,5,2,0.11170213,Q0_25,False,0,1,3
377,41799,110,329,5,3,0.29255319,Q25_50,False,0,0,3
377,62813,166,231,5,3,0.44148936,Q25_50,False,0,0,3
377,5796,15,141,4,2,0.03989362,Q0_25,False,0,1,3
377,91526,242,292,5,3,0.64361702,Q50_75,False,0,2,3
377,88024,233,183,5,3,0.61968085,Q50_75,False,0,0,3
377,43017,114,39,5,3,0.30319149,Q25_50,False,0,1,2
377,32224,85,179,5,2,0.22606383,Q0_25,False,0,0,3
377,22639,60,19,5,2,0.15957447,Q0_25,False,0,0,2
377,63802,169,89,5,3,0.44946809,Q25_50,False,0,1,2
377,34453,91,146,5,2,0.24202128,Q0_25,False,0,2,3
377,100033,265,128,6,3,0.70478723,Q50_75,True,0,0,3
377,46147,122,153,5,3,0.32446809,Q25_50,False,0,1,3
377,18661,49,188,5,2,0.13031915,Q0_25,False,0,2,3
377,38410,101,333,5,3,0.26861702,Q25_50,False,0,0,3
377,139209,369,96,6,3,0.98138298,Q75_100,True,0,1,2
377,109300,289,347,6,3,0.76861702,Q75_100,True,0,0,3
377,3699,9,306,4,1,0.02393617,Q0_25,False,0,2,3
377,119891,318,5,6,3,0.84574468,Q75_100,True,0,0,1
377,7444,19,281,4,2,0.05053191,Q0_25,False,0,1,3
377,125840,333,299,6,3,0.8856383,Q75_100,True,0,0,3
377,86296,228,340,5,3,0.60638298,Q50_75,False,0,0,3
377,117931,312,307,6,3,0.82978723,Q75_100,True,0,0,3
377,23449,62,75,5,2,0.16489362,Q0_25,False,0,0,2
377,30883,81,346,5,2,0.21542553,Q0_25,False,0,0,3
377,74714,198,68,5,3,0.52659574,Q50_75,False,0,1,2
377,115766,307,27,6,3,0.81648936,Q75_100,True,0,0,2
377,141587,375,212,6,3,0.99734043,Q75_100,True,0,0,3
377,77653,205,368,5,3,0.54521277,Q50_75,False,0,1,3
377,58176,154,118,5,3,0.40957447,Q25_50,False,0,2,3
377,99511,263,360,5,3,0.69946809,Q50_75,False,0,1,3
377,10420,27,241,5,2,0.07180851,Q0_25,False,0,1,3
377,58049,153,368,5,3,0.40691489,Q25_50,False,0,1,3
377,123761,328,105,6,3,0.87234043,Q75_100,True,0,1,3
377,98269,260,249,5,3,0.69148936,Q50_75,False,0,1,3
377,85598,227,19,5,3,0.6037234,Q50_75,False,0,0,2
377,111883,296,291,6,3,0.78723404,Q75_100,True,0,0,3
377,68047,180,187,5,3,0.4787234,Q25_50,False,0,1,3
377,1982,5,97,4,1,0.01329787,Q0_25,False,0,0,2
377,35512,94,74,5,2,0.25,Q25_50,False,0,0,2
377,38542,102,88,5,3,0.2712766,Q25_50,False,0,0,2
377,94508,250,258,5,3,0.66489362,Q50_75,False,0,0,3
377,41602,110,132,5,3,0.29255319,Q25_50,False,0,0,3
377,93269,247,150,5,3,0.65691489,Q50_75,False,0,1,3
377,87816,232,352,5,3,0.61702128,Q50_75,False,0,0,3
377,15560,41,103,5,2,0.10904255,Q0_25,False,0,0,3
377,11533,30,223,5,2,0.07978723,Q0_25,False,0,1,3
377,61476,163,25,5,3,0.43351064,Q25_50,False,0,0,2
377,134514,356,302,6,3,0.94680851,Q75_100,True,0,0,3
377,14355,38,29,5,2,0.10106383,Q0_25,False,0,0,2
377,103894,275,219,6,3,0.73138298,Q50_75,True,1,3,3
377,140504,372,260,6,3,0.9893617,Q75_100,True,0,1,3
377,77457,205,172,5,3,0.54521277,Q50_75,False,0,1,3
377,101984,270,194,6,3,0.71808511,Q50_75,True,0,0,3
377,131722,349,149,6,3,0.92819149,Q75_100,True,0,1,3
377,135536,359,193,6,3,0.95478723,Q75_100,True,0,1,3
377,123576,327,297,6,3,0.86968085,Q75_100,True,0,1,3
377,33672,89,119,5,2,0.23670213,Q0_25,False,0,0,3
377,69142,183,151,5,3,0.48670213,Q25_50,False,0,1,3
377,6094,16,62,4,2,0.04255319,Q0_25,False,0,1,2
377,57992,153,311,5,3,0.40691489,Q25_50,False,0,0,3
377,17307,45,342,5,2,0.11968085,Q0_25,False,0,0,3
377,32990,87,191,5,2,0.23138298,Q0_25,False,0,1,3
377,12269,32,205,5,2,0.08510638,Q0_25,False,0,1,3
377,92838,246,96,5,3,0.65425532,Q50_75,False,0,0,2
377,22311,59,68,5,2,0.15691489,Q0_25,False,0,1,2
377,84169,223,98,5,3,0.59308511,Q50_75,False,0,0,2
377,44179,117,70,5,3,0.31117021,Q25_50,False,0,0,2
377,77815,206,153,5,3,0.54787234,Q50_75,False,0,1,3
377,119926,318,40,6,3,0.84574468,Q75_100,True,0,0,2
377,140531,372,287,6,3,0.9893617,Q75_100,True,0,0,3
377,46389,123,18,5,3,0.32712766,Q25_50,False,0,0,2
377,97892,259,249,5,3,0.68882979,Q50_75,False,0,0,3
377,27665,73,144,5,2,0.19414894,Q0_25,False,0,2,3
377,15105,40,25,5,2,0.10638298,Q0_25,False,0,0,2
377,10432,27,253,5,2,0.07180851,Q0_25,False,0,0,3
377,102489,271,322,6,3,0.72074468,Q50_75,True,0,0,3
377,94559,250,309,5,3,0.66489362,Q50_75,False,0,0,3
377,12589,33,148,5,2,0.08776596,Q0_25,False,0,1,3
377,14434,38,108,5,2,0.10106383,Q0_25,False,0,0,3
377,95793,254,35,5,3,0.67553191,Q50_75,False,0,0,2
377,35316,93,255,5,2,0.24734043,Q0_25,False,0,0,3
377,116266,308,150,6,3,0.81914894,Q75_100,True,0,1,3
377,83652,221,335,5,3,0.58776596,Q50_75,False,0,0,3
377,51415,136,143,5,3,0.36170213,Q25_50,False,0,2,3
377,66356,176,4,5,3,0.46808511,Q25_50,False,0,0,1
377,136018,360,298,6,3,0.95744681,Q75_100,True,0,1,3
377,115067,305,82,6,3,0.81117021,Q75_100,True,0,0,2
377,136559,362,85,6,3,0.96276596,Q75_100,True,0,0,2
377,131835,349,262,6,3,0.92819149,Q75_100,True,0,1,3
377,78172,207,133,5,3,0.55053191,Q50_75,False,0,2,3
377,41612,110,142,5,3,0.29255319,Q25_50,False,0,0,3
377,129953,344,265,6,3,0.91489362,Q75_100,True,1,3,3
377,12757,33,316,5,2,0.08776596,Q0_25,False,0,0,3
377,75293,199,270,5,3,0.52925532,Q50_75,False,0,1,3
377,86783,230,73,5,3,0.61170213,Q50_75,False,0,0,2
377,103210,273,289,6,3,0.72606383,Q50_75,True,0,2,3
377,141538,375,163,6,3,0.99734043,Q75_100,True,0,2,3
377,108616,288,40,6,3,0.76595745,Q75_100,True,0,1,2
377,10549,27,370,5,2,0.07180851,Q0_25,False,0,0,3
377,28323,75,48,5,2,0.19946809,Q0_25,False,1,2,2
377,95956,254,198,5,3,0.67553191,Q50_75,False,0,1,3
377,61070,161,373,5,3,0.42819149,Q25_50,False,0,0,3
377,133705,354,247,6,3,0.94148936,Q75_100,True,0,0,3
377,113216,300,116,6,3,0.79787234,Q75_100,True,0,1,3
377,99255,263,104,5,3,0.69946809,Q50_75,False,0,1,3
377,43801,116,69,5,3,0.30851064,Q25_50,False,0,1,2
377,113651,301,174,6,3,0.80053191,Q75_100,True,0,0,3
377,28741,76,89,5,2,0.20212766,Q0_25,False,0,0,2
377,141751,375,376,6,3,0.99734043,Q75_100,True,0,1,3
377,139057,368,321,6,3,0.9787234,Q75_100,True,0,0,3
377,41220,109,127,5,3,0.28989362,Q25_50,False,0,2,3
377,119019,315,264,6,3,0.83776596,Q75_100,True,0,1,3
377,19947,52,343,5,2,0.13829787,Q0_25,False,0,0,3
377,119908,318,22,6,3,0.84574468,Q75_100,True,0,0,2
377,12789,33,348,5,2,0.08776596,Q0_25,False,0,0,3
377,110225,292,141,6,3,0.77659574,Q75_100,True,0,0,3
377,131171,347,352,6,3,0.92287234,Q75_100,True,0,0,3
377,95096,252,92,5,3,0.67021277,Q50_75,False,0,0,2
377,33938,90,8,5,2,0.2393617,Q0_25,False,0,0,1
377,27829,73,308,5,2,0.19414894,Q0_25,False,0,0,3
377,137933,365,328,6,3,0.97074468,Q75_100,True,0,0,3
377,16276,43,65,5,2,0.1143617,Q0_25,False,0,1,2
377,101412,268,376,6,3,0.71276596,Q50_75,True,0,0,3
377,124083,329,50,6,3,0.875,Q75_100,True,0,0,2
377,48653,129,20,5,3,0.34308511,Q25_50,False,0,0,2
377,105488,279,305,6,3,0.74202128,Q50_75,True,0,0,3
377,89286,236,314,5,3,0.62765957,Q50_75,False,0,0,3
377,27072,71,305,5,2,0.18882979,Q0_25,False,0,0,3
377,8059,21,142,4,2,0.05585106,Q0_25,False,0,2,3
377,21678,57,189,5,2,0.15159574,Q0_25,False,0,0,3
377,81144,215,89,5,3,0.57180851,Q50_75,False,0,1,2
377,516,1,139,3,1,0.00265957,Q0_25,False,0,0,3
377,87072,230,362,5,3,0.61170213,Q50_75,False,0,0,3
377,119661,317,152,6,3,0.84308511,Q75_100,True,0,0,3
377,62580,165,375,5,3,0.43882979,Q25_50,False,0,0,3
377,93155,247,36,5,3,0.65691489,Q50_75,False,0,0,2
377,76384,202,230,5,3,0.53723404,Q50_75,False,0,1,3
377,106447,282,133,6,3,0.75,Q75_100,True,0,0,3
377,115141,305,156,6,3,0.81117021,Q75_100,True,0,1,3
377,129644,343,333,6,3,0.91223404,Q75_100,True,0,1,3
377,76033,201,256,5,3,0.53457447,Q50_75,False,0,1,3
377,29473,78,67,5,2,0.20744681,Q0_25,False,0,1,2
377,42251,112,27,5,3,0.29787234,Q25_50,False,0,0,2
377,132013,350,63,6,3,0.93085106,Q75_100,True,0,1,2
377,134325,356,113,6,3,0.94680851,Q75_100,True,0,2,3
377,34629,91,322,5,2,0.24202128,Q0_25,False,0,0,3
377,48354,128,98,5,3,0.34042553,Q25_50,False,0,1,2
377,9543,25,118,4,2,0.06648936,Q0_25,False,0,1,3
377,3725,9,332,4,1,0.02393617,Q0_25,False,0,0,3
377,19871,52,267,5,2,0.13829787,Q0_25,False,0,2,3
377,65089,172,245,5,3,0.45744681,Q25_50,False,0,1,3
377,72854,193,93,5,3,0.51329787,Q50_75,False,0,0,2
377,60910,161,213,5,3,0.42819149,Q25_50,False,0,1,3
377,77760,206,98,5,3,0.54787234,Q50_75,False,0,0,2
377,17018,45,53,5,2,0.11968085,Q0_25,False,0,0,2
377,134487,356,275,6,3,0.94680851,Q75_100,True,0,1,3
377,105877,280,317,6,3,0.74468085,Q50_75,True,0,1,3
377,87373,231,286,5,3,0.6143617,Q50_75,False,0,1,3
377,13384,35,189,5,2,0.09308511,Q0_25,False,0,1,3
377,97727,259,84,5,3,0.68882979,Q50_75,False,0,1,2
377,54306,144,18,5,3,0.38297872,Q25_50,False,0,0,2
377,108938,288,362,6,3,0.76595745,Q75_100,True,0,1,3
377,8724,23,53,4,2,0.06117021,Q0_25,False,0,0,2
377,20889,55,154,5,2,0.1462766,Q0_25,False,0,1,3
377,2062,5,177,4,1,0.01329787,Q0_25,False,0,0,3
377,87483,232,19,5,3,0.61702128,Q50_75,False,0,0,2
377,39739,105,154,5,3,0.27925532,Q25_50,False,0,2,3
377,41477,110,7,5,3,0.29255319,Q25_50,False,0,0,1
377,44738,118,252,5,3,0.31382979,Q25_50,False,0,0,3
377,53363,141,206,5,3,0.375,Q25_50,False,0,1,3
377,116965,310,95,6,3,0.82446809,Q75_100,True,0,0,2
377,62917,166,335,5,3,0.44148936,Q25_50,False,0,0,3
377,80947,214,269,5,3,0.56914894,Q50_75,False,0,2,3
377,79735,211,188,5,3,0.56117021,Q50_75,False,0,1,3
377,141445,375,70,6,3,0.99734043,Q75_100,True,0,0,2
377,17812,47,93,5,2,0.125,Q0_25,False,0,0,2
377,47503,126,1,5,3,0.33510638,Q25_50,False,0,0,1
377,123331,327,52,6,3,0.86968085,Q75_100,True,0,0,2
377,48339,128,83,5,3,0.34042553,Q25_50,False,0,0,2
377,111573,295,358,6,3,0.78457447,Q75_100,True,0,0,3
377,101712,269,299,6,3,0.71542553,Q50_75,True,0,0,3
377,133604,354,146,6,3,0.94148936,Q75_100,True,0,2,3
377,99828,264,300,5,3,0.70212766,Q50_75,False,0,0,3
377,77900,206,238,5,3,0.54787234,Q50_75,False,0,1,3
377,14646,38,320,5,2,0.10106383,Q0_25,False,0,0,3
377,54994,145,329,5,3,0.3856383,Q25_50,False,0,0,3
377,97288,258,22,5,3,0.68617021,Q50_75,False,0,0,2
377,121001,320,361,6,3,0.85106383,Q75_100,True,0,0,3
377,10535,27,356,5,2,0.07180851,Q0_25,False,0,0,3
377,86906,230,196,5,3,0.61170213,Q50_75,False,0,0,3
377,10574,28,18,5,2,0.07446809,Q0_25,False,0,0,2
377,129810,344,122,6,3,0.91489362,Q75_100,True,0,0,3
377,126320,335,25,6,3,0.89095745,Q75_100,True,0,0,2
377,127909,339,106,6,3,0.90159574,Q75_100,True,0,2,3
377,12934,34,116,5,2,0.09042553,Q0_25,False,0,0,3
377,118426,314,48,6,3,0.83510638,Q75_100,True,0,0,2
377,50951,135,56,5,3,0.35904255,Q25_50,False,0,0,2
377,108064,286,242,6,3,0.7606383,Q75_100,True,0,1,3
377,19381,51,154,5,2,0.1356383,Q0_25,False,0,1,3
377,101985,270,195,6,3,0.71808511,Q50_75,True,0,0,3
377,116069,307,330,6,3,0.81648936,Q75_100,True,0,0,3
377,24210,64,82,5,2,0.17021277,Q0_25,False,0,0,2
377,11791,31,104,5,2,0.08244681,Q0_25,False,0,1,3
377,50207,133,66,5,3,0.3537234,Q25_50,False,0,1,2
377,18970,50,120,5,2,0.13297872,Q0_25,False,0,0,3
377,122178,324,30,6,3,0.86170213,Q75_100,True,0,0,2
377,63290,167,331,5,3,0.44414894,Q25_50,False,0,1,3
377,92140,244,152,5,3,0.64893617,Q50_75,False,0,0,3
377,100968,267,309,6,3,0.71010638,Q50_75,True,0,0,3
377,119943,318,57,6,3,0.84574468,Q75_100,True,0,0,2
377,121919,323,148,6,3,0.85904255,Q75_100,True,0,0,3
377,65156,172,312,5,3,0.45744681,Q25_50,False,0,0,3
377,66000,175,25,5,3,0.46542553,Q25_50,False,0,0,2
377,106926,283,235,6,3,0.75265957,Q75_100,True,0,0,3
377,16602,44,14,5,2,0.11702128,Q0_25,False,0,0,2
377,133987,355,152,6,3,0.94414894,Q75_100,True,0,0,3
377,43890,116,158,5,3,0.30851064,Q25_50,False,0,1,3
377,106743,283,52,6,3,0.75265957,Q75_100,True,0,0,2
377,48040,127,161,5,3,0.33776596,Q25_50,False,1,3,3
377,49051,130,41,5,3,0.34574468,Q25_50,False,0,1,2
377,22078,58,212,5,2,0.15425532,Q0_25,False,0,0,3
377,37439,99,116,5,2,0.26329787,Q25_50,False,0,2,3
377,69607,184,239,5,3,0.4893617,Q25_50,False,0,0,3
377,41686,110,216,5,3,0.29255319,Q25_50,False,0,0,3
377,122118,323,347,6,3,0.85904255,Q75_100,True,0,0,3
377,104458,277,29,6,3,0.73670213,Q50_75,True,0,0,2
377,127593,338,167,6,3,0.89893617,Q75_100,True,0,2,3
377,84604,224,156,5,3,0.59574468,Q50_75,False,0,0,3
377,72961,193,200,5,3,0.51329787,Q50_75,False,0,0,3
377,70342,186,220,5,3,0.49468085,Q25_50,False,0,1,3
377,137431,364,203,6,3,0.96808511,Q75_100,True,0,0,3
377,93659,248,163,5,3,0.65957447,Q50_75,False,0,2,3
377,22384,59,141,5,2,0.15691489,Q0_25,False,0,1,3
377,41984,111,137,5,3,0.29521277,Q25_50,False,0,1,3
377,113538,301,61,6,3,0.80053191,Q75_100,True,0,0,2
377,8858,23,187,4,2,0.06117021,Q0_25,False,0,1,3
377,109656,290,326,6,3,0.7712766,Q75_100,True,0,1,3
377,123296,327,17,6,3,0.86968085,Q75_100,True,0,1,2
377,26303,69,290,5,2,0.18351064,Q0_25,False,0,0,3
377,42358,112,134,5,3,0.29787234,Q25_50,False,0,2,3
377,40896,108,180,5,3,0.28723404,Q25_50,False,0,1,3
377,101228,268,192,6,3,0.71276596,Q50_75,True,0,0,3
377,130368,345,303,6,3,0.91755319,Q75_100,True,0,1,3
377,134610,357,21,6,3,0.94946809,Q75_100,True,0,0,2
377,54817,145,152,5,3,0.3856383,Q25_50,False,0,1,3
377,31096,82,182,5,2,0.21808511,Q0_25,False,0,0,3
377,37085,98,139,5,2,0.2606383,Q25_50,False,0,2,3
377,113506,301,29,6,3,0.80053191,Q75_100,True,0,1,2
377,139184,369,71,6,3,0.98138298,Q75_100,True,0,0,2
377,87699,232,235,5,3,0.61702128,Q50_75,False,0,1,3
377,45805,121,188,5,3,0.32180851,Q25_50,False,0,2,3
377,104763,277,334,6,3,0.73670213,Q50_75,True,0,0,3
377,137646,365,41,6,3,0.97074468,Q75_100,True,0,0,2
377,17990,47,271,5,2,0.125,Q0_25,False,0,2,3
377,20072,53,91,5,2,0.14095745,Q0_25,False,0,1,2
377,36458,96,266,5,2,0.25531915,Q25_50,False,0,1,3
377,76241,202,87,5,3,0.53723404,Q50_75,False,0,1,2
377,36136,95,321,5,2,0.25265957,Q25_50,False,0,0,3
377,22440,59,197,5,2,0.15691489,Q0_25,False,0,2,3
377,106738,283,47,6,3,0.75265957,Q75_100,True,0,0,2
377,105639,280,79,6,3,0.74468085,Q50_75,True,0,0,2
377,3641,9,248,4,1,0.02393617,Q0_25,False,0,1,3
377,92237,244,249,5,3,0.64893617,Q50_75,False,0,1,3
377,124790,331,3,6,3,0.88031915,Q75_100,True,0,0,1
377,4696,12,172,4,2,0.03191489,Q0_25,False,0,0,3
377,51126,135,231,5,3,0.35904255,Q25_50,False,0,2,3
377,128903,341,346,6,3,0.90691489,Q75_100,True,0,0,3
377,134901,357,312,6,3,0.94946809,Q75_100,True,0,1,3
377,95653,253,272,5,3,0.67287234,Q50_75,False,0,2,3
377,75959,201,182,5,3,0.53457447,Q50_75,False,0,1,3
377,84836,225,11,5,3,0.59840426,Q50_75,False,0,0,2
377,106425,282,111,6,3,0.75,Q75_100,True,0,1,3
377,77217,204,309,5,3,0.54255319,Q50_75,False,0,0,3
377,10495,27,316,5,2,0.07180851,Q0_25,False,0,1,3
377,68689,182,75,5,3,0.48404255,Q25_50,False,0,0,2
377,109675,290,345,6,3,0.7712766,Q75_100,True,0,0,3
377,31552,83,261,5,2,0.22074468,Q0_25,False,1,3,3
377,119394,316,262,6,3,0.84042553,Q75_100,True,0,1,3
377,116967,310,97,6,3,0.82446809,Q75_100,True,0,0,2
377,133241,353,160,6,3,0.93882979,Q75_100,True,0,0,3
377,44549,118,63,5,3,0.31382979,Q25_50,False,0,1,2
377,82267,218,81,5,3,0.57978723,Q50_75,False,0,1,2
377,83040,220,100,5,3,0.58510638,Q50_75,False,0,1,3
377,78215,207,176,5,3,0.55053191,Q50_75,False,0,1,3
377,111739,296,147,6,3,0.78723404,Q75_100,True,0,1,3
377,141222,374,224,6,3,0.99468085,Q75_100,True,0,1,3
