bits,N,y,q,r,N_digits,y_digits,q_digits,r_digits,q_norm,q_bin,exact,correct_digits,valid_digits
6,35,559,15,34,2,3,2,2,0.44117647,Q25_50,0,0,2
6,35,274,7,29,2,3,1,2,0.20588235,Q0_25,0,1,2
6,35,756,21,21,2,3,2,2,0.61764706,Q50_75,0,1,2
6,35,208,5,33,2,3,1,2,0.14705882,Q0_25,0,0,2
6,35,37,1,2,2,2,1,1,0.02941176,Q0_25,1,1,1
6,35,488,13,33,2,3,2,2,0.38235294,Q25_50,0,0,2
6,35,1071,30,21,2,4,2,2,0.88235294,Q75_100,0,1,2
6,35,776,22,6,2,3,2,1,0.64705882,Q50_75,0,0,1
6,35,615,17,20,2,3,2,2,0.5,Q50_75,0,1,2
6,35,966,27,21,2,3,2,2,0.79411765,Q75_100,0,1,2
6,35,949,27,4,2,3,2,1,0.79411765,Q75_100,0,0,1
6,35,226,6,16,2,3,1,2,0.17647059,Q0_25,0,0,2
6,35,600,17,5,2,3,2,1,0.5,Q50_75,0,0,1
6,35,820,23,15,2,3,2,2,0.67647059,Q50_75,0,0,2
6,35,52,1,17,2,2,1,2,0.02941176,Q0_25,0,0,2
6,35,1208,34,18,2,4,2,2,1.0,Q75_100,0,0,2
6,35,866,24,26,2,3,2,2,0.70588235,Q50_75,0,1,2
6,35,227,6,17,2,3,1,2,0.17647059,Q0_25,0,0,2
6,35,128,3,23,2,3,1,2,0.08823529,Q0_25,0,1,2
6,35,1160,33,5,2,4,2,1,0.97058824,Q75_100,0,0,1
6,35,883,25,8,2,3,2,1,0.73529412,Q50_75,0,0,1
6,35,85,2,15,2,2,1,2,0.05882353,Q0_25,0,0,2
6,35,986,28,6,2,3,2,1,0.82352941,Q75_100,0,0,1
6,35,251,7,6,2,3,1,1,0.20588235,Q0_25,0,0,1
6,35,372,10,22,2,3,2,2,0.29411765,Q25_50,1,2,2
6,35,330,9,15,2,3,1,2,0.26470588,Q25_50,0,0,2
6,35,531,15,6,2,3,2,1,0.44117647,Q25_50,0,0,1
6,35,111,3,6,2,3,1,1,0.08823529,Q0_25,0,0,1
6,35,1196,34,6,2,4,2,1,1.0,Q75_100,0,0,1
6,35,1148,32,28,2,4,2,2,0.94117647,Q75_100,0,1,2
6,35,540,15,15,2,3,2,2,0.44117647,Q25_50,0,0,2
6,35,759,21,24,2,3,2,2,0.61764706,Q50_75,0,1,2
6,35,617,17,22,2,3,2,2,0.5,Q50_75,1,2,2
6,35,584,16,24,2,3,2,2,0.47058824,Q25_50,1,2,2
6,35,624,17,29,2,3,2,2,0.5,Q50_75,0,1,2
6,35,726,20,26,2,3,2,2,0.58823529,Q50_75,0,1,2
6,35,631,18,1,2,3,2,1,0.52941176,Q50_75,0,0,1
6,35,926,26,16,2,3,2,2,0.76470588,Q75_100,0,0,2
6,35,810,23,5,2,3,2,1,0.67647059,Q50_75,0,0,1
6,35,565,16,5,2,3,2,1,0.47058824,Q25_50,0,0,1
6,35,1151,32,31,2,4,2,2,0.94117647,Q75_100,0,0,2
6,35,338,9,23,2,3,1,2,0.26470588,Q25_50,0,1,2
6,35,543,15,18,2,3,2,2,0.44117647,Q25_50,0,0,2
6,35,395,11,10,2,3,2,2,0.32352941,Q25_50,0,0,2
6,35,824,23,19,2,3,2,2,0.67647059,Q50_75,0,0,2
6,35,946,27,1,2,3,2,1,0.79411765,Q75_100,0,0,1
6,35,830,23,25,2,3,2,2,0.67647059,Q50_75,0,1,2
6,35,1082,30,32,2,4,2,2,0.88235294,Q75_100,0,0,2
6,35,549,15,24,2,3,2,2,0.44117647,Q25_50,0,1,2
6,35,663,18,33,2,3,2,2,0.52941176,Q50_75,0,0,2
6,35,652,18,22,2,3,2,2,0.52941176,Q50_75,1,2,2
6,35,508,14,18,2,3,2,2,0.41176471,Q25_50,0,0,2
6,35,840,24,0,2,3,2,1,0.70588235,Q50_75,0,0,1
6,35,710,20,10,2,3,2,2,0.58823529,Q50_75,0,0,2
6,35,597,17,2,2,3,2,1,0.5,Q50_75,1,1,1
6,35,735,21,0,2,3,2,1,0.61764706,Q50_75,0,0,1
6,35,885,25,10,2,3,2,2,0.73529412,Q50_75,0,0,2
6,35,250,7,5,2,3,1,1,0.20588235,Q0_25,0,0,1
6,35,1056,30,6,2,4,2,1,0.88235294,Q75_100,0,0,1
6,35,260,7,15,2,3,1,2,0.20588235,Q0_25,0,0,2
6,35,262,7,17,2,3,1,2,0.20588235,Q0_25,0,0,2
6,35,841,24,1,2,3,2,1,0.70588235,Q50_75,0,0,1
6,35,721,20,21,2,3,2,2,0.58823529,Q50_75,0,1,2
6,35,408,11,23,2,3,2,2,0.32352941,Q25_50,0,1,2
6,35,1141,32,21,2,4,2,2,0.94117647,Q75_100,0,1,2
6,35,449,12,29,2,3,2,2,0.35294118,Q25_50,0,1,2
6,35,35,1,0,2,2,1,1,0.02941176,Q0_25,0,0,1
6,35,415,11,30,2,3,2,2,0.32352941,Q25_50,0,0,2
6,35,45,1,10,2,2,1,2,0.02941176,Q0_25,0,0,2
6,35,64,1,29,2,2,1,2,0.02941176,Q0_25,0,1,2
6,35,63,1,28,2,2,1,2,0.02941176,Q0_25,0,1,2
6,35,680,19,15,2,3,2,2,0.55882353,Q50_75,0,0,2
6,35,985,28,5,2,3,2,1,0.82352941,Q75_100,0,0,1
6,35,901,25,26,2,3,2,2,0.73529412,Q50_75,0,1,2
6,35,239,6,29,2,3,1,2,0.17647059,Q0_25,0,1,2
6,35,779,22,9,2,3,2,1,0.64705882,Q50_75,0,0,1
6,35,516,14,26,2,3,2,2,0.41176471,Q25_50,0,1,2
6,35,1039,29,24,2,4,2,2,0.85294118,Q75_100,1,2,2
6,35,202,5,27,2,3,1,2,0.14705882,Q0_25,0,1,2
6,35,233,6,23,2,3,1,2,0.17647059,Q0_25,0,1,2
6,35,3,0,3,2,1,1,1,0.0,Q0_25,0,0,1
6,35,942,26,32,2,3,2,2,0.76470588,Q75_100,0,1,2
6,35,974,27,29,2,3,2,2,0.79411765,Q75_100,0,1,2
6,35,25,0,25,2,2,1,2,0.0,Q0_25,0,1,2
6,35,771,22,1,2,3,2,1,0.64705882,Q50_75,0,0,1
6,35,566,16,6,2,3,2,1,0.47058824,Q25_50,0,0,1
6,35,413,11,28,2,3,2,2,0.32352941,Q25_50,0,1,2
6,35,164,4,24,2,3,1,2,0.11764706,Q0_25,1,2,2
6,35,173,4,33,2,3,1,2,0.11764706,Q0_25,0,0,2
6,35,205,5,30,2,3,1,2,0.14705882,Q0_25,0,0,2
6,35,924,26,14,2,3,2,2,0.76470588,Q75_100,0,0,2
6,35,884,25,9,2,3,2,1,0.73529412,Q50_75,0,0,1
6,35,889,25,14,2,3,2,2,0.73529412,Q50_75,0,0,2
6,35,158,4,18,2,3,1,2,0.11764706,Q0_25,0,0,2
6,35,629,17,34,2,3,2,2,0.5,Q50_75,0,0,2
6,35,786,22,16,2,3,2,2,0.64705882,Q50_75,0,0,2
6,35,472,13,17,2,3,2,2,0.38235294,Q25_50,0,0,2
6,35,364,10,14,2,3,2,2,0.29411765,Q25_50,0,0,2
6,35,77,2,7,2,2,1,1,0.05882353,Q0_25,0,0,1
6,35,490,14,0,2,3,2,1,0.41176471,Q25_50,0,0,1
6,35,69,1,34,2,2,1,2,0.02941176,Q0_25,0,0,2
6,35,42,1,7,2,2,1,1,0.02941176,Q0_25,0,0,1
6,35,130,3,25,2,3,1,2,0.08823529,Q0_25,0,1,2
6,35,387,11,2,2,3,2,1,0.32352941,Q25_50,1,1,1
6,35,514,14,24,2,3,2,2,0.41176471,Q25_50,1,2,2
6,35,103,2,33,2,3,1,2,0.05882353,Q0_25,0,0,2
6,35,539,15,14,2,3,2,2,0.44117647,Q25_50,0,0,2
6,35,196,5,21,2,3,1,2,0.14705882,Q0_25,0,1,2
6,35,215,6,5,2,3,1,1,0.17647059,Q0_25,0,0,1
6,35,760,21,25,2,3,2,2,0.61764706,Q50_75,0,1,2
6,35,690,19,25,2,3,2,2,0.55882353,Q50_75,0,1,2
6,35,288,8,8,2,3,1,1,0.23529412,Q0_25,0,0,1
6,35,585,16,25,2,3,2,2,0.47058824,Q25_50,0,1,2
6,35,419,11,34,2,3,2,2,0.32352941,Q25_50,0,0,2
6,35,582,16,22,2,3,2,2,0.47058824,Q25_50,1,2,2
6,35,499,14,9,2,3,2,1,0.41176471,Q25_50,0,0,1
6,35,500,14,10,2,3,2,2,0.41176471,Q25_50,0,0,2
6,35,443,12,23,2,3,2,2,0.35294118,Q25_50,0,1,2
6,35,231,6,21,2,3,1,2,0.17647059,Q0_25,0,1,2
6,35,1006,28,26,2,4,2,2,0.82352941,Q75_100,0,1,2
6,35,619,17,24,2,3,2,2,0.5,Q50_75,0,1,2
6,35,614,17,19,2,3,2,2,0.5,Q50_75,0,0,2
6,35,829,23,24,2,3,2,2,0.67647059,Q50_75,0,1,2
6,35,1168,33,13,2,4,2,2,0.97058824,Q75_100,0,0,2
6,35,337,9,22,2,3,1,2,0.26470588,Q25_50,1,2,2
6,35,643,18,13,2,3,2,2,0.52941176,Q50_75,0,0,2
6,35,1057,30,7,2,4,2,1,0.88235294,Q75_100,0,0,1
6,35,791,22,21,2,3,2,2,0.64705882,Q50_75,0,1,2
6,35,271,7,26,2,3,1,2,0.20588235,Q0_25,0,1,2
6,35,709,20,9,2,3,2,1,0.58823529,Q50_75,0,0,1
6,35,892,25,17,2,3,2,2,0.73529412,Q50_75,0,0,2
6,35,212,6,2,2,3,1,1,0.17647059,Q0_25,1,1,1
6,35,320,9,5,2,3,1,1,0.26470588,Q25_50,0,0,1
6,35,475,13,20,2,3,2,2,0.38235294,Q25_50,0,1,2
6,35,764,21,29,2,3,2,2,0.61764706,Q50_75,0,1,2
6,35,744,21,9,2,3,2,1,0.61764706,Q50_75,0,0,1
6,35,82,2,12,2,2,1,2,0.05882353,Q0_25,0,1,2
6,35,425,12,5,2,3,2,1,0.35294118,Q25_50,0,0,1
6,35,286,8,6,2,3,1,1,0.23529412,Q0_25,0,0,1
6,35,366,10,16,2,3,2,2,0.29411765,Q25_50,0,0,2
6,35,1075,30,25,2,4,2,2,0.88235294,Q75_100,0,1,2
6,35,428,12,8,2,3,2,1,0.35294118,Q25_50,0,0,1
6,35,526,15,1,2,3,2,1,0.44117647,Q25_50,0,0,1
6,35,1000,28,20,2,4,2,2,0.82352941,Q75_100,0,1,2
6,35,125,3,20,2,3,1,2,0.08823529,Q0_25,0,1,2
6,35,751,21,16,2,3,2,2,0.61764706,Q50_75,0,0,2
6,35,1153,32,33,2,4,2,2,0.94117647,Q75_100,0,0,2
6,35,1186,33,31,2,4,2,2,0.97058824,Q75_100,0,0,2
6,35,33,0,33,2,2,1,2,0.0,Q0_25,0,0,2
6,35,797,22,27,2,3,2,2,0.64705882,Q50_75,0,1,2
6,35,316,9,1,2,3,1,1,0.26470588,Q25_50,0,0,1
6,35,1211,34,21,2,4,2,2,1.0,Q75_100,1,2,2
6,35,448,12,28,2,3,2,2,0.35294118,Q25_50,0,1,2
6,35,1003,28,23,2,4,2,2,0.82352941,Q75_100,0,1,2
6,35,363,10,13,2,3,2,2,0.29411765,Q25_50,0,0,2
6,35,5,0,5,2,1,1,1,0.0,Q0_25,0,0,1
6,35,965,27,20,2,3,2,2,0.79411765,Q75_100,0,1,2
6,35,1115,31,30,2,4,2,2,0.91176471,Q75_100,0,0,2
6,35,93,2,23,2,2,1,2,0.05882353,Q0_25,0,1,2
6,35,602,17,7,2,3,2,1,0.5,Q50_75,0,0,1
6,35,902,25,27,2,3,2,2,0.73529412,Q50_75,0,1,2
6,35,563,16,3,2,3,2,1,0.47058824,Q25_50,0,0,1
6,35,870,24,30,2,3,2,2,0.70588235,Q50_75,0,0,2
6,35,401,11,16,2,3,2,2,0.32352941,Q25_50,0,0,2
6,35,317,9,2,2,3,1,1,0.26470588,Q25_50,1,1,1
6,35,1045,29,30,2,4,2,2,0.85294118,Q75_100,0,0,2
6,35,1182,33,27,2,4,2,2,0.97058824,Q75_100,0,1,2
6,35,296,8,16,2,3,1,2,0.23529412,Q0_25,0,0,2
6,35,264,7,19,2,3,1,2,0.20588235,Q0_25,0,0,2
6,35,27,0,27,2,2,1,2,0.0,Q0_25,0,1,2
6,35,876,25,1,2,3,2,1,0.73529412,Q50_75,0,0,1
6,35,687,19,22,2,3,2,2,0.55882353,Q50_75,1,2,2
6,35,409,11,24,2,3,2,2,0.32352941,Q25_50,0,1,2
6,35,180,5,5,2,3,1,1,0.14705882,Q0_25,0,0,1
6,35,78,2,8,2,2,1,1,0.05882353,Q0_25,0,0,1
6,35,598,17,3,2,3,2,1,0.5,Q50_75,0,0,1
6,35,482,13,27,2,3,2,2,0.38235294,Q25_50,0,1,2
6,35,713,20,13,2,3,2,2,0.58823529,Q50_75,0,0,2
6,35,1144,32,24,2,4,2,2,0.94117647,Q75_100,1,2,2
6,35,81,2,11,2,2,1,2,0.05882353,Q0_25,0,0,2
6,35,1108,31,23,2,4,2,2,0.91176471,Q75_100,0,1,2
6,35,748,21,13,2,3,2,2,0.61764706,Q50_75,0,0,2
6,35,1063,30,13,2,4,2,2,0.88235294,Q75_100,0,0,2
6,35,223,6,13,2,3,1,2,0.17647059,Q0_25,0,0,2
6,35,1038,29,23,2,4,2,2,0.85294118,Q75_100,0,1,2
6,35,112,3,7,2,3,1,1,0.08823529,Q0_25,0,0,1
6,35,106,3,1,2,3,1,1,0.08823529,Q0_25,0,0,1
6,35,492,14,2,2,3,2,1,0.41176471,Q25_50,1,1,1
6,35,465,13,10,2,3,2,2,0.38235294,Q25_50,0,0,2
6,35,938,26,28,2,3,2,2,0.76470588,Q75_100,0,1,2
6,35,120,3,15,2,3,1,2,0.08823529,Q0_25,0,0,2
6,35,466,13,11,2,3,2,2,0.38235294,Q25_50,0,0,2
6,35,160,4,20,2,3,1,2,0.11764706,Q0_25,0,1,2
6,35,1047,29,32,2,4,2,2,0.85294118,Q75_100,0,0,2
6,35,935,26,25,2,3,2,2,0.76470588,Q75_100,0,1,2
6,35,1117,31,32,2,4,2,2,0.91176471,Q75_100,0,0,2
6,35,1067,30,17,2,4,2,2,0.88235294,Q75_100,0,0,2
6,35,62,1,27,2,2,1,2,0.02941176,Q0_25,0,1,2
6,35,138,3,33,2,3,1,2,0.08823529,Q0_25,0,0,2
6,35,407,11,22,2,3,2,2,0.32352941,Q25_50,1,2,2
6,35,21,0,21,2,2,1,2,0.0,Q0_25,0,1,2
6,35,822,23,17,2,3,2,2,0.67647059,Q50_75,0,0,2
6,35,405,11,20,2,3,2,2,0.32352941,Q25_50,0,1,2
6,35,860,24,20,2,3,2,2,0.70588235,Q50_75,0,1,2
6,35,968,27,23,2,3,2,2,0.79411765,Q75_100,0,1,2
6,35,1010,28,30,2,4,2,2,0.82352941,Q75_100,0,0,2
6,35,1052,30,2,2,4,2,1,0.88235294,Q75_100,0,0,1
6,35,757,21,22,2,3,2,2,0.61764706,Q50_75,1,2,2
6,35,592,16,32,2,3,2,2,0.47058824,Q25_50,0,1,2
6,35,259,7,14,2,3,1,2,0.20588235,Q0_25,0,0,2
6,35,872,24,32,2,3,2,2,0.70588235,Q50_75,0,1,2
6,35,491,14,1,2,3,2,1,0.41176471,Q25_50,0,0,1
6,35,265,7,20,2,3,1,2,0.20588235,Q0_25,0,1,2
6,35,53,1,18,2,2,1,2,0.02941176,Q0_25,0,0,2
6,35,266,7,21,2,3,1,2,0.20588235,Q0_25,0,1,2
6,35,1072,30,22,2,4,2,2,0.88235294,Q75_100,0,1,2
6,35,698,19,33,2,3,2,2,0.55882353,Q50_75,0,0,2
6,35,172,4,32,2,3,1,2,0.11764706,Q0_25,0,1,2
6,35,1155,33,0,2,4,2,1,0.97058824,Q75_100,0,0,1
6,35,507,14,17,2,3,2,2,0.41176471,Q25_50,0,0,2
6,35,354,10,4,2,3,2,1,0.29411765,Q25_50,0,0,1
6,35,997,28,17,2,3,2,2,0.82352941,Q75_100,0,0,2
6,35,911,26,1,2,3,2,1,0.76470588,Q75_100,0,0,1
6,35,640,18,10,2,3,2,2,0.52941176,Q50_75,0,0,2
6,35,193,5,18,2,3,1,2,0.14705882,Q0_25,0,0,2
6,35,519,14,29,2,3,2,2,0.41176471,Q25_50,0,1,2
6,35,143,4,3,2,3,1,1,0.11764706,Q0_25,0,0,1
6,35,9,0,9,2,1,1,1,0.0,Q0_25,0,0,1
6,35,204,5,29,2,3,1,2,0.14705882,Q0_25,0,1,2
6,35,988,28,8,2,3,2,1,0.82352941,Q75_100,0,0,1
6,35,110,3,5,2,3,1,1,0.08823529,Q0_25,0,0,1
6,35,190,5,15,2,3,1,2,0.14705882,Q0_25,0,0,2
6,35,853,24,13,2,3,2,2,0.70588235,Q50_75,0,0,2
6,35,1080,30,30,2,4,2,2,0.88235294,Q75_100,0,0,2
6,35,213,6,3,2,3,1,1,0.17647059,Q0_25,0,0,1
6,35,55,1,20,2,2,1,2,0.02941176,Q0_25,0,1,2
6,35,811,23,6,2,3,2,1,0.67647059,Q50_75,0,0,1
6,35,1204,34,14,2,4,2,2,1.0,Q75_100,0,1,2
6,35,224,6,14,2,3,1,2,0.17647059,Q0_25,0,0,2
6,35,8,0,8,2,1,1,1,0.0,Q0_25,0,0,1
6,35,214,6,4,2,3,1,1,0.17647059,Q0_25,0,0,1
6,35,645,18,15,2,3,2,2,0.52941176,Q50_75,0,0,2
6,35,999,28,19,2,3,2,2,0.82352941,Q75_100,0,0,2
6,35,391,11,6,2,3,2,1,0.32352941,Q25_50,0,0,1
6,35,625,17,30,2,3,2,2,0.5,Q50_75,0,0,2
6,35,605,17,10,2,3,2,2,0.5,Q50_75,0,0,2
6,35,688,19,23,2,3,2,2,0.55882353,Q50_75,0,1,2
6,35,370,10,20,2,3,2,2,0.29411765,Q25_50,0,1,2
6,35,678,19,13,2,3,2,2,0.55882353,Q50_75,0,0,2
6,35,664,18,34,2,3,2,2,0.52941176,Q50_75,0,0,2
6,35,1042,29,27,2,4,2,2,0.85294118,Q75_100,0,1,2
6,35,252,7,7,2,3,1,1,0.20588235,Q0_25,0,0,1
6,35,417,11,32,2,3,2,2,0.32352941,Q25_50,0,1,2
6,35,72,2,2,2,2,1,1,0.05882353,Q0_25,1,1,1
6,35,1035,29,20,2,4,2,2,0.85294118,Q75_100,0,1,2
6,35,107,3,2,2,3,1,1,0.08823529,Q0_25,1,1,1
6,35,278,7,33,2,3,1,2,0.20588235,Q0_25,0,0,2
6,35,755,21,20,2,3,2,2,0.61764706,Q50_75,0,1,2
6,35,1022,29,7,2,4,2,1,0.85294118,Q75_100,0,0,1
6,35,0,0,0,2,1,1,1,0.0,Q0_25,0,0,1
6,35,538,15,13,2,3,2,2,0.44117647,Q25_50,0,0,2
6,35,725,20,25,2,3,2,2,0.58823529,Q50_75,0,1,2
6,35,216,6,6,2,3,1,1,0.17647059,Q0_25,0,0,1
6,35,1016,29,1,2,4,2,1,0.85294118,Q75_100,0,0,1
6,35,752,21,17,2,3,2,2,0.61764706,Q50_75,0,0,2
6,35,1138,32,18,2,4,2,2,0.94117647,Q75_100,0,0,2
6,35,135,3,30,2,3,1,2,0.08823529,Q0_25,0,0,2
6,35,518,14,28,2,3,2,2,0.41176471,Q25_50,0,1,2
6,35,1101,31,16,2,4,2,2,0.91176471,Q75_100,0,0,2
6,35,40,1,5,2,2,1,1,0.02941176,Q0_25,0,0,1
6,35,446,12,26,2,3,2,2,0.35294118,Q25_50,0,1,2
6,35,886,25,11,2,3,2,2,0.73529412,Q50_75,0,0,2
6,35,975,27,30,2,3,2,2,0.79411765,Q75_100,0,0,2
6,35,945,27,0,2,3,2,1,0.79411765,Q75_100,0,0,1
6,35,54,1,19,2,2,1,2,0.02941176,Q0_25,0,0,2
6,35,60,1,25,2,2,1,2,0.02941176,Q0_25,0,1,2
6,35,806,23,1,2,3,2,1,0.67647059,Q50_75,0,0,1
6,35,681,19,16,2,3,2,2,0.55882353,Q50_75,0,0,2
6,35,318,9,3,2,3,1,1,0.26470588,Q25_50,0,0,1
6,35,447,12,27,2,3,2,2,0.35294118,Q25_50,0,1,2
6,35,908,25,33,2,3,2,2,0.73529412,Q50_75,0,0,2
6,35,913,26,3,2,3,2,1,0.76470588,Q75_100,0,0,1
6,35,394,11,9,2,3,2,1,0.32352941,Q25_50,0,0,1
6,35,635,18,5,2,3,2,1,0.52941176,Q50_75,0,0,1
6,35,978,27,33,2,3,2,2,0.79411765,Q75_100,0,0,2
6,35,1118,31,33,2,4,2,2,0.91176471,Q75_100,0,0,2
6,35,359,10,9,2,3,2,1,0.29411765,Q25_50,0,0,1
6,35,310,8,30,2,3,1,2,0.23529412,Q0_25,0,0,2
6,35,1036,29,21,2,4,2,2,0.85294118,Q75_100,0,1,2
6,35,660,18,30,2,3,2,2,0.52941176,Q50_75,0,0,2
6,35,343,9,28,2,3,1,2,0.26470588,Q25_50,0,1,2
6,35,961,27,16,2,3,2,2,0.79411765,Q75_100,0,0,2
6,35,489,13,34,2,3,2,2,0.38235294,Q25_50,0,0,2
6,35,41,1,6,2,2,1,1,0.02941176,Q0_25,0,0,1
6,35,188,5,13,2,3,1,2,0.14705882,Q0_25,0,0,2
6,35,834,23,29,2,3,2,2,0.67647059,Q50_75,0,1,2
6,35,530,15,5,2,3,2,1,0.44117647,Q25_50,0,0,1
6,35,881,25,6,2,3,2,1,0.73529412,Q50_75,0,0,1
6,35,430,12,10,2,3,2,2,0.35294118,Q25_50,0,0,2
6,35,712,20,12,2,3,2,2,0.58823529,Q50_75,0,1,2
6,35,862,24,22,2,3,2,2,0.70588235,Q50_75,1,2,2
6,35,1083,30,33,2,4,2,2,0.88235294,Q75_100,0,0,2
6,35,613,17,18,2,3,2,2,0.5,Q50_75,0,0,2
6,35,706,20,6,2,3,2,1,0.58823529,Q50_75,0,0,1
6,35,595,17,0,2,3,2,1,0.5,Q50_75,0,0,1
6,35,864,24,24,2,3,2,2,0.70588235,Q50_75,1,2,2
6,35,161,4,21,2,3,1,2,0.11764706,Q0_25,0,1,2
6,35,785,22,15,2,3,2,2,0.64705882,Q50_75,0,0,2
6,35,1121,32,1,2,4,2,1,0.94117647,Q75_100,0,0,1
6,35,562,16,2,2,3,2,1,0.47058824,Q25_50,1,1,1
6,35,1127,32,7,2,4,2,1,0.94117647,Q75_100,0,0,1
6,35,88,2,18,2,2,1,2,0.05882353,Q0_25,0,0,2
6,35,254,7,9,2,3,1,1,0.20588235,Q0_25,0,0,1
6,35,166,4,26,2,3,1,2,0.11764706,Q0_25,0,1,2
6,35,416,11,31,2,3,2,2,0.32352941,Q25_50,0,0,2
6,35,586,16,26,2,3,2,2,0.47058824,Q25_50,0,1,2
6,35,473,13,18,2,3,2,2,0.38235294,Q25_50,0,0,2
6,35,312,8,32,2,3,1,2,0.23529412,Q0_25,0,1,2
6,35,654,18,24,2,3,2,2,0.52941176,Q50_75,1,2,2
6,35,451,12,31,2,3,2,2,0.35294118,Q25_50,0,0,2
6,35,1031,29,16,2,4,2,2,0.85294118,Q75_100,0,0,2
6,35,10,0,10,2,2,1,2,0.0,Q0_25,0,0,2
6,35,141,4,1,2,3,1,1,0.11764706,Q0_25,0,0,1
6,35,669,19,4,2,3,2,1,0.55882353,Q50_75,0,0,1
6,35,86,2,16,2,2,1,2,0.05882353,Q0_25,0,0,2
6,35,1002,28,22,2,4,2,2,0.82352941,Q75_100,0,1,2
6,35,1187,33,32,2,4,2,2,0.97058824,Q75_100,0,0,2
6,35,36,1,1,2,2,1,1,0.02941176,Q0_25,0,0,1
6,35,604,17,9,2,3,2,1,0.5,Q50_75,0,0,1
6,35,548,15,23,2,3,2,2,0.44117647,Q25_50,0,1,2
6,35,406,11,21,2,3,2,2,0.32352941,Q25_50,0,1,2
6,35,805,23,0,2,3,2,1,0.67647059,Q50_75,0,0,1
6,35,1070,30,20,2,4,2,2,0.88235294,Q75_100,0,1,2
6,35,485,13,30,2,3,2,2,0.38235294,Q25_50,0,0,2
6,35,324,9,9,2,3,1,1,0.26470588,Q25_50,0,0,1
6,35,258,7,13,2,3,1,2,0.20588235,Q0_25,0,0,2
6,35,732,20,32,2,3,2,2,0.58823529,Q50_75,0,1,2
6,35,321,9,6,2,3,1,1,0.26470588,Q25_50,0,0,1
6,35,397,11,12,2,3,2,2,0.32352941,Q25_50,0,1,2
6,35,297,8,17,2,3,1,2,0.23529412,Q0_25,0,0,2
6,35,467,13,12,2,3,2,2,0.38235294,Q25_50,0,1,2
6,35,329,9,14,2,3,1,2,0.26470588,Q25_50,0,0,2
6,35,875,25,0,2,3,2,1,0.73529412,Q50_75,0,0,1
6,35,804,22,34,2,3,2,2,0.64705882,Q50_75,0,1,2
6,35,1110,31,25,2,4,2,2,0.91176471,Q75_100,0,1,2
6,35,736,21,1,2,3,2,1,0.61764706,Q50_75,0,0,1
6,35,230,6,20,2,3,1,2,0.17647059,Q0_25,0,1,2
6,35,74,2,4,2,2,1,1,0.05882353,Q0_25,0,0,1
6,35,38,1,3,2,2,1,1,0.02941176,Q0_25,0,0,1
6,35,281,8,1,2,3,1,1,0.23529412,Q0_25,0,0,1
6,35,380,10,30,2,3,2,2,0.29411765,Q25_50,0,0,2
6,35,369,10,19,2,3,2,2,0.29411765,Q25_50,0,0,2
6,35,245,7,0,2,3,1,1,0.20588235,Q0_25,0,0,1
6,35,66,1,31,2,2,1,2,0.02941176,Q0_25,0,0,2
6,35,342,9,27,2,3,1,2,0.26470588,Q25_50,0,1,2
6,35,145,4,5,2,3,1,1,0.11764706,Q0_25,0,0,1
6,35,933,26,23,2,3,2,2,0.76470588,Q75_100,0,1,2
6,35,299,8,19,2,3,1,2,0.23529412,Q0_25,0,0,2
6,35,734,20,34,2,3,2,2,0.58823529,Q50_75,0,0,2
6,35,1197,34,7,2,4,2,1,1.0,Q75_100,0,0,1
6,35,731,20,31,2,3,2,2,0.58823529,Q50_75,0,0,2
6,35,898,25,23,2,3,2,2,0.73529412,Q50_75,0,1,2
6,35,493,14,3,2,3,2,1,0.41176471,Q25_50,0,0,1
6,35,573,16,13,2,3,2,2,0.47058824,Q25_50,0,0,2
6,35,1041,29,26,2,4,2,2,0.85294118,Q75_100,0,1,2
6,35,217,6,7,2,3,1,1,0.17647059,Q0_25,0,0,1
6,35,904,25,29,2,3,2,2,0.73529412,Q50_75,0,1,2
6,35,724,20,24,2,3,2,2,0.58823529,Q50_75,0,1,2
6,35,743,21,8,2,3,2,1,0.61764706,Q50_75,0,0,1
6,35,79,2,9,2,2,1,1,0.05882353,Q0_25,0,0,1
6,35,793,22,23,2,3,2,2,0.64705882,Q50_75,0,1,2
6,35,957,27,12,2,3,2,2,0.79411765,Q75_100,0,1,2
6,35,195,5,20,2,3,1,2,0.14705882,Q0_25,0,1,2
6,35,392,11,7,2,3,2,1,0.32352941,Q25_50,0,0,1
6,35,295,8,15,2,3,1,2,0.23529412,Q0_25,0,0,2
6,35,211,6,1,2,3,1,1,0.17647059,Q0_25,0,0,1
6,35,873,24,33,2,3,2,2,0.70588235,Q50_75,0,0,2
6,35,977,27,32,2,3,2,2,0.79411765,Q75_100,0,1,2
6,35,683,19,18,2,3,2,2,0.55882353,Q50_75,0,0,2
6,35,367,10,17,2,3,2,2,0.29411765,Q25_50,0,0,2
6,35,222,6,12,2,3,1,2,0.17647059,Q0_25,0,1,2
6,35,221,6,11,2,3,1,2,0.17647059,Q0_25,0,0,2
6,35,1142,32,22,2,4,2,2,0.94117647,Q75_100,0,1,2
6,35,996,28,16,2,3,2,2,0.82352941,Q75_100,0,0,2
6,35,813,23,8,2,3,2,1,0.67647059,Q50_75,0,0,1
6,35,385,11,0,2,3,2,1,0.32352941,Q25_50,0,0,1
6,35,569,16,9,2,3,2,1,0.47058824,Q25_50,0,0,1
6,35,470,13,15,2,3,2,2,0.38235294,Q25_50,0,0,2
6,35,418,11,33,2,3,2,2,0.32352941,Q25_50,0,0,2
6,35,322,9,7,2,3,1,1,0.26470588,Q25_50,0,0,1
6,35,969,27,24,2,3,2,2,0.79411765,Q75_100,0,1,2
6,35,155,4,15,2,3,1,2,0.11764706,Q0_25,0,0,2
6,35,591,16,31,2,3,2,2,0.47058824,Q25_50,0,0,2
6,35,14,0,14,2,2,1,2,0.0,Q0_25,0,0,2
6,35,867,24,27,2,3,2,2,0.70588235,Q50_75,0,1,2
6,35,622,17,27,2,3,2,2,0.5,Q50_75,0,1,2
6,35,529,15,4,2,3,2,1,0.44117647,Q25_50,0,0,1
6,35,695,19,30,2,3,2,2,0.55882353,Q50_75,0,0,2
6,35,454,12,34,2,3,2,2,0.35294118,Q25_50,0,1,2
6,35,839,23,34,2,3,2,2,0.67647059,Q50_75,0,0,2
6,35,134,3,29,2,3,1,2,0.08823529,Q0_25,0,1,2
6,35,199,5,24,2,3,1,2,0.14705882,Q0_25,0,1,2
6,35,328,9,13,2,3,1,2,0.26470588,Q25_50,0,0,2
6,35,1027,29,12,2,4,2,2,0.85294118,Q75_100,0,1,2
6,35,152,4,12,2,3,1,2,0.11764706,Q0_25,0,1,2
6,35,524,14,34,2,3,2,2,0.41176471,Q25_50,0,0,2
6,35,1165,33,10,2,4,2,2,0.97058824,Q75_100,0,0,2
6,35,1093,31,8,2,4,2,1,0.91176471,Q75_100,0,0,1
6,35,812,23,7,2,3,2,1,0.67647059,Q50_75,0,0,1
6,35,253,7,8,2,3,1,1,0.20588235,Q0_25,0,0,1
6,35,1163,33,8,2,4,2,1,0.97058824,Q75_100,0,0,1
6,35,1102,31,17,2,4,2,2,0.91176471,Q75_100,0,0,2
6,35,247,7,2,2,3,1,1,0.20588235,Q0_25,1,1,1
6,35,1169,33,14,2,4,2,2,0.97058824,Q75_100,0,1,2
6,35,438,12,18,2,3,2,2,0.35294118,Q25_50,0,0,2
6,35,243,6,33,2,3,1,2,0.17647059,Q0_25,0,0,2
6,35,525,15,0,2,3,2,1,0.44117647,Q25_50,0,0,1
6,35,1005,28,25,2,4,2,2,0.82352941,Q75_100,0,1,2
6,35,306,8,26,2,3,1,2,0.23529412,Q0_25,0,1,2
6,35,379,10,29,2,3,2,2,0.29411765,Q25_50,0,1,2
6,35,70,2,0,2,2,1,1,0.05882353,Q0_25,0,0,1
6,35,958,27,13,2,3,2,2,0.79411765,Q75_100,0,0,2
6,35,941,26,31,2,3,2,2,0.76470588,Q75_100,0,0,2
6,35,1113,31,28,2,4,2,2,0.91176471,Q75_100,0,1,2
6,35,124,3,19,2,3,1,2,0.08823529,Q0_25,0,0,2
6,35,1222,34,32,2,4,2,2,1.0,Q75_100,0,1,2
6,35,313,8,33,2,3,1,2,0.23529412,Q0_25,0,0,2
6,35,729,20,29,2,3,2,2,0.58823529,Q50_75,0,1,2
6,35,431,12,11,2,3,2,2,0.35294118,Q25_50,0,0,2
6,35,502,14,12,2,3,2,2,0.41176471,Q25_50,0,1,2
6,35,575,16,15,2,3,2,2,0.47058824,Q25_50,0,0,2
6,35,1207,34,17,2,4,2,2,1.0,Q75_100,0,0,2
6,35,768,21,33,2,3,2,2,0.61764706,Q50_75,0,0,2
6,35,859,24,19,2,3,2,2,0.70588235,Q50_75,0,0,2
6,35,1074,30,24,2,4,2,2,0.88235294,Q75_100,1,2,2
6,35,609,17,14,2,3,2,2,0.5,Q50_75,0,0,2
6,35,798,22,28,2,3,2,2,0.64705882,Q50_75,0,1,2
6,35,303,8,23,2,3,1,2,0.23529412,Q0_25,0,1,2
6,35,993,28,13,2,3,2,2,0.82352941,Q75_100,0,0,2
6,35,510,14,20,2,3,2,2,0.41176471,Q25_50,0,1,2
6,35,67,1,32,2,2,1,2,0.02941176,Q0_25,0,1,2
6,35,346,9,31,2,3,1,2,0.26470588,Q25_50,0,0,2
6,35,32,0,32,2,2,1,2,0.0,Q0_25,0,1,2
6,35,826,23,21,2,3,2,2,0.67647059,Q50_75,0,1,2
6,35,815,23,10,2,3,2,2,0.67647059,Q50_75,0,0,2
6,35,444,12,24,2,3,2,2,0.35294118,Q25_50,1,2,2
6,35,175,5,0,2,3,1,1,0.14705882,Q0_25,0,0,1
6,35,893,25,18,2,3,2,2,0.73529412,Q50_75,0,0,2
6,35,1107,31,22,2,4,2,2,0.91176471,Q75_100,0,1,2
6,35,603,17,8,2,3,2,1,0.5,Q50_75,0,0,1
6,35,49,1,14,2,2,1,2,0.02941176,Q0_25,0,0,2
6,35,1215,34,25,2,4,2,2,1.0,Q75_100,0,1,2
6,35,16,0,16,2,2,1,2,0.0,Q0_25,0,0,2
6,35,283,8,3,2,3,1,1,0.23529412,Q0_25,0,0,1
6,35,1224,34,34,2,4,2,2,1.0,Q75_100,0,1,2
6,35,494,14,4,2,3,2,1,0.41176471,Q25_50,1,1,1
6,35,336,9,21,2,3,1,2,0.26470588,Q25_50,0,1,2
6,35,58,1,23,2,2,1,2,0.02941176,Q0_25,0,1,2
6,35,795,22,25,2,3,2,2,0.64705882,Q50_75,0,1,2
6,35,255,7,10,2,3,1,2,0.20588235,Q0_25,0,0,2
6,35,951,27,6,2,3,2,1,0.79411765,Q75_100,0,0,1
6,35,371,10,21,2,3,2,2,0.29411765,Q25_50,0,1,2
6,35,728,20,28,2,3,2,2,0.58823529,Q50_75,0,1,2
6,35,98,2,28,2,2,1,2,0.05882353,Q0_25,0,1,2
6,35,234,6,24,2,3,1,2,0.17647059,Q0_25,0,1,2
6,35,1084,30,34,2,4,2,2,0.88235294,Q75_100,0,1,2
6,35,940,26,30,2,3,2,2,0.76470588,Q75_100,0,0,2
6,35,715,20,15,2,3,2,2,0.58823529,Q50_75,0,0,2
6,35,121,3,16,2,3,1,2,0.08823529,Q0_25,0,0,2
6,35,630,18,0,2,3,2,1,0.52941176,Q50_75,0,0,1
6,35,857,24,17,2,3,2,2,0.70588235,Q50_75,0,0,2
6,35,827,23,22,2,3,2,2,0.67647059,Q50_75,1,2,2
6,35,910,26,0,2,3,2,1,0.76470588,Q75_100,0,0,1
6,35,905,25,30,2,3,2,2,0.73529412,Q50_75,0,0,2
6,35,836,23,31,2,3,2,2,0.67647059,Q50_75,0,0,2
6,35,420,12,0,2,3,2,1,0.35294118,Q25_50,0,0,1
6,35,1049,29,34,2,4,2,2,0.85294118,Q75_100,0,1,2
6,35,378,10,28,2,3,2,2,0.29411765,Q25_50,0,1,2
6,35,943,26,33,2,3,2,2,0.76470588,Q75_100,0,0,2
6,35,15,0,15,2,2,1,2,0.0,Q0_25,0,0,2
6,35,1145,32,25,2,4,2,2,0.94117647,Q75_100,0,1,2
6,35,633,18,3,2,3,2,1,0.52941176,Q50_75,0,0,1
6,35,436,12,16,2,3,2,2,0.35294118,Q25_50,0,0,2
6,35,1078,30,28,2,4,2,2,0.88235294,Q75_100,0,1,2
6,35,707,20,7,2,3,2,1,0.58823529,Q50_75,0,0,1
6,35,588,16,28,2,3,2,2,0.47058824,Q25_50,0,1,2
6,35,1203,34,13,2,4,2,2,1.0,Q75_100,0,0,2
6,35,351,10,1,2,3,2,1,0.29411765,Q25_50,0,0,1
6,35,347,9,32,2,3,1,2,0.26470588,Q25_50,0,1,2
6,35,1150,32,30,2,4,2,2,0.94117647,Q75_100,0,0,2
6,35,435,12,15,2,3,2,2,0.35294118,Q25_50,0,0,2
6,35,665,19,0,2,3,2,1,0.55882353,Q50_75,0,0,1
6,35,80,2,10,2,2,1,2,0.05882353,Q0_25,0,0,2
6,35,1019,29,4,2,4,2,1,0.85294118,Q75_100,1,1,1
6,35,716,20,16,2,3,2,2,0.58823529,Q50_75,0,0,2
6,35,151,4,11,2,3,1,2,0.11764706,Q0_25,0,0,2
6,35,682,19,17,2,3,2,2,0.55882353,Q50_75,0,0,2
6,35,718,20,18,2,3,2,2,0.58823529,Q50_75,0,0,2
6,35,567,16,7,2,3,2,1,0.47058824,Q25_50,0,0,1
6,35,641,18,11,2,3,2,2,0.52941176,Q50_75,0,0,2
6,35,76,2,6,2,2,1,1,0.05882353,Q0_25,0,0,1
6,35,925,26,15,2,3,2,2,0.76470588,Q75_100,0,0,2
6,35,1008,28,28,2,4,2,2,0.82352941,Q75_100,0,1,2
6,35,634,18,4,2,3,2,1,0.52941176,Q50_75,0,0,1
6,35,242,6,32,2,3,1,2,0.17647059,Q0_25,0,1,2
6,35,1059,30,9,2,4,2,1,0.88235294,Q75_100,0,0,1
6,35,50,1,15,2,2,1,2,0.02941176,Q0_25,0,0,2
6,35,1129,32,9,2,4,2,1,0.94117647,Q75_100,0,0,1
6,35,388,11,3,2,3,2,1,0.32352941,Q25_50,0,0,1
6,35,952,27,7,2,3,2,1,0.79411765,Q75_100,0,0,1
6,35,659,18,29,2,3,2,2,0.52941176,Q50_75,0,1,2
6,35,666,19,1,2,3,2,1,0.55882353,Q50_75,0,0,1
6,35,596,17,1,2,3,2,1,0.5,Q50_75,0,0,1
6,35,1152,32,32,2,4,2,2,0.94117647,Q75_100,0,0,2
6,35,115,3,10,2,3,1,2,0.08823529,Q0_25,0,0,2
6,35,673,19,8,2,3,2,1,0.55882353,Q50_75,0,0,1
6,35,878,25,3,2,3,2,1,0.73529412,Q50_75,0,0,1
6,35,340,9,25,2,3,1,2,0.26470588,Q25_50,0,1,2
6,35,560,16,0,2,3,2,1,0.47058824,Q25_50,0,0,1
6,35,1064,30,14,2,4,2,2,0.88235294,Q75_100,0,1,2
6,35,90,2,20,2,2,1,2,0.05882353,Q0_25,0,1,2
6,35,1088,31,3,2,4,2,1,0.91176471,Q75_100,0,0,1
6,35,95,2,25,2,2,1,2,0.05882353,Q0_25,0,1,2
6,35,611,17,16,2,3,2,2,0.5,Q50_75,0,0,2
6,35,307,8,27,2,3,1,2,0.23529412,Q0_25,0,1,2
6,35,851,24,11,2,3,2,2,0.70588235,Q50_75,0,0,2
6,35,920,26,10,2,3,2,2,0.76470588,Q75_100,0,0,2
6,35,339,9,24,2,3,1,2,0.26470588,Q25_50,0,1,2
6,35,51,1,16,2,2,1,2,0.02941176,Q0_25,0,0,2
6,35,918,26,8,2,3,2,1,0.76470588,Q75_100,0,0,1
6,35,667,19,2,2,3,2,1,0.55882353,Q50_75,1,1,1
6,35,156,4,16,2,3,1,2,0.11764706,Q0_25,0,0,2
6,35,929,26,19,2,3,2,2,0.76470588,Q75_100,0,0,2
6,35,30,0,30,2,2,1,2,0.0,Q0_25,0,0,2
6,35,206,5,31,2,3,1,2,0.14705882,Q0_25,0,0,2
6,35,396,11,11,2,3,2,2,0.32352941,Q25_50,0,0,2
6,35,464,13,9,2,3,2,1,0.38235294,Q25_50,0,0,1
6,35,1050,30,0,2,4,2,1,0.88235294,Q75_100,0,0,1
6,35,950,27,5,2,3,2,1,0.79411765,Q75_100,0,0,1
6,35,11,0,11,2,2,1,2,0.0,Q0_25,0,0,2
6,35,184,5,9,2,3,1,1,0.14705882,Q0_25,0,0,1
6,35,1053,30,3,2,4,2,1,0.88235294,Q75_100,0,0,1
6,35,1189,33,34,2,4,2,2,0.97058824,Q75_100,0,1,2
6,35,326,9,11,2,3,1,2,0.26470588,Q25_50,0,0,2
6,35,753,21,18,2,3,2,2,0.61764706,Q50_75,0,0,2
6,35,393,11,8,2,3,2,1,0.32352941,Q25_50,0,0,1
6,35,723,20,23,2,3,2,2,0.58823529,Q50_75,0,1,2
6,35,368,10,18,2,3,2,2,0.29411765,Q25_50,0,0,2
6,35,855,24,15,2,3,2,2,0.70588235,Q50_75,0,0,2
6,35,647,18,17,2,3,2,2,0.52941176,Q50_75,0,0,2
6,35,114,3,9,2,3,1,1,0.08823529,Q0_25,0,0,1
6,35,424,12,4,2,3,2,1,0.35294118,Q25_50,0,0,1
6,35,327,9,12,2,3,1,2,0.26470588,Q25_50,0,1,2
6,35,305,8,25,2,3,1,2,0.23529412,Q0_25,0,1,2
6,35,564,16,4,2,3,2,1,0.47058824,Q25_50,1,1,1
6,35,599,17,4,2,3,2,1,0.5,Q50_75,0,0,1
6,35,440,12,20,2,3,2,2,0.35294118,Q25_50,0,1,2
6,35,83,2,13,2,2,1,2,0.05882353,Q0_25,0,0,2
6,35,207,5,32,2,3,1,2,0.14705882,Q0_25,0,1,2
6,35,670,19,5,2,3,2,1,0.55882353,Q50_75,0,0,1
6,35,1143,32,23,2,4,2,2,0.94117647,Q75_100,0,1,2
6,35,994,28,14,2,3,2,2,0.82352941,Q75_100,0,1,2
6,35,238,6,28,2,3,1,2,0.17647059,Q0_25,0,1,2
6,35,1060,30,10,2,4,2,2,0.88235294,Q75_100,0,0,2
6,35,761,21,26,2,3,2,2,0.61764706,Q50_75,0,1,2
6,35,777,22,7,2,3,2,1,0.64705882,Q50_75,0,0,1
6,35,150,4,10,2,3,1,2,0.11764706,Q0_25,0,0,2
6,35,1044,29,29,2,4,2,2,0.85294118,Q75_100,0,1,2
6,35,1030,29,15,2,4,2,2,0.85294118,Q75_100,0,0,2
6,35,1130,32,10,2,4,2,2,0.94117647,Q75_100,0,0,2
6,35,618,17,23,2,3,2,2,0.5,Q50_75,0,1,2
6,35,917,26,7,2,3,2,1,0.76470588,Q75_100,0,0,1
6,35,185,5,10,2,3,1,2,0.14705882,Q0_25,0,0,2
6,35,541,15,16,2,3,2,2,0.44117647,Q25_50,0,0,2
6,35,677,19,12,2,3,2,2,0.55882353,Q50_75,0,1,2
6,35,973,27,28,2,3,2,2,0.79411765,Q75_100,0,1,2
6,35,646,18,16,2,3,2,2,0.52941176,Q50_75,0,0,2
6,35,375,10,25,2,3,2,2,0.29411765,Q25_50,0,1,2
6,35,301,8,21,2,3,1,2,0.23529412,Q0_25,0,1,2
6,35,907,25,32,2,3,2,2,0.73529412,Q50_75,0,1,2
6,35,437,12,17,2,3,2,2,0.35294118,Q25_50,0,0,2
6,35,1114,31,29,2,4,2,2,0.91176471,Q75_100,0,1,2
6,35,1166,33,11,2,4,2,2,0.97058824,Q75_100,0,1,2
6,35,1069,30,19,2,4,2,2,0.88235294,Q75_100,0,0,2
6,35,414,11,29,2,3,2,2,0.32352941,Q25_50,0,1,2
6,35,314,8,34,2,3,1,2,0.23529412,Q0_25,0,1,2
6,35,995,28,15,2,3,2,2,0.82352941,Q75_100,0,0,2
6,35,433,12,13,2,3,2,2,0.35294118,Q25_50,0,0,2
6,35,149,4,9,2,3,1,1,0.11764706,Q0_25,0,0,1
6,35,642,18,12,2,3,2,2,0.52941176,Q50_75,0,1,2
6,35,527,15,2,2,3,2,1,0.44117647,Q25_50,1,1,1
6,35,287,8,7,2,3,1,1,0.23529412,Q0_25,0,0,1
6,35,722,20,22,2,3,2,2,0.58823529,Q50_75,1,2,2
6,35,478,13,23,2,3,2,2,0.38235294,Q25_50,0,1,2
6,35,894,25,19,2,3,2,2,0.73529412,Q50_75,0,0,2
6,35,323,9,8,2,3,1,1,0.26470588,Q25_50,0,0,1
6,35,1184,33,29,2,4,2,2,0.97058824,Q75_100,0,1,2
6,35,189,5,14,2,3,1,2,0.14705882,Q0_25,0,0,2
6,35,1097,31,12,2,4,2,2,0.91176471,Q75_100,0,0,2
6,35,808,23,3,2,3,2,1,0.67647059,Q50_75,0,0,1
6,35,96,2,26,2,2,1,2,0.05882353,Q0_25,0,1,2
6,35,1128,32,8,2,4,2,1,0.94117647,Q75_100,0,0,1
6,35,737,21,2,2,3,2,1,0.61764706,Q50_75,1,1,1
6,35,1146,32,26,2,4,2,2,0.94117647,Q75_100,0,1,2
6,35,412,11,27,2,3,2,2,0.32352941,Q25_50,0,1,2
6,35,481,13,26,2,3,2,2,0.38235294,Q25_50,0,1,2
6,35,1205,34,15,2,4,2,2,1.0,Q75_100,0,0,2
6,35,1017,29,2,2,4,2,1,0.85294118,Q75_100,0,0,1
6,35,1209,34,19,2,4,2,2,1.0,Q75_100,0,0,2
6,35,686,19,21,2,3,2,2,0.55882353,Q50_75,0,1,2
6,35,434,12,14,2,3,2,2,0.35294118,Q25_50,0,1,2
6,35,331,9,16,2,3,1,2,0.26470588,Q25_50,0,0,2
6,35,1079,30,29,2,4,2,2,0.88235294,Q75_100,0,1,2
7,91,1980,21,69,2,4,2,2,0.23333333,Q0_25,0,0,2
7,91,4800,52,68,2,4,2,2,0.57777778,Q50_75,0,0,2
7,91,3711,40,71,2,4,2,2,0.44444444,Q25_50,0,1,2
7,91,342,3,69,2,3,1,2,0.03333333,Q0_25,0,1,2
7,91,6057,66,51,2,4,2,2,0.73333333,Q50_75,0,0,2
7,91,4991,54,77,2,4,2,2,0.6,Q50_75,0,1,2
7,91,5097,56,1,2,4,2,1,0.62222222,Q50_75,0,0,1
7,91,7477,82,15,2,4,2,2,0.91111111,Q75_100,0,1,2
7,91,5712,62,70,2,4,2,2,0.68888889,Q50_75,0,1,2
7,91,7630,83,77,2,4,2,2,0.92222222,Q75_100,1,2,2
7,91,7075,77,68,2,4,2,2,0.85555556,Q75_100,0,1,2
7,91,1812,19,83,2,4,2,2,0.21111111,Q0_25,0,0,2
7,91,4600,50,50,2,4,2,2,0.55555556,Q50_75,0,1,2
7,91,3097,34,3,2,4,2,1,0.37777778,Q25_50,0,0,1
7,91,6559,72,7,2,4,2,1,0.8,Q75_100,0,0,1
7,91,6990,76,74,2,4,2,2,0.84444444,Q75_100,0,1,2
7,91,4495,49,36,2,4,2,2,0.54444444,Q50_75,0,0,2
7,91,2664,29,25,2,4,2,2,0.32222222,Q25_50,0,1,2
7,91,5660,62,18,2,4,2,2,0.68888889,Q50_75,0,0,2
7,91,2904,31,83,2,4,2,2,0.34444444,Q25_50,0,1,2
7,91,7040,77,33,2,4,2,2,0.85555556,Q75_100,0,1,2
7,91,8182,89,83,2,4,2,2,0.98888889,Q75_100,0,1,2
7,91,7238,79,49,2,4,2,2,0.87777778,Q75_100,0,1,2
7,91,536,5,81,2,3,1,2,0.05555556,Q0_25,0,0,2
7,91,4088,44,84,2,4,2,2,0.48888889,Q25_50,0,0,2
7,91,4035,44,31,2,4,2,2,0.48888889,Q25_50,0,0,2
7,91,3649,40,9,2,4,2,1,0.44444444,Q25_50,0,0,1
7,91,375,4,11,2,3,1,2,0.04444444,Q0_25,0,0,2
7,91,3881,42,59,2,4,2,2,0.46666667,Q25_50,0,0,2
7,91,4794,52,62,2,4,2,2,0.57777778,Q50_75,0,1,2
7,91,7529,82,67,2,4,2,2,0.91111111,Q75_100,0,1,2
7,91,7547,82,85,2,4,2,2,0.91111111,Q75_100,0,1,2
7,91,6834,75,9,2,4,2,1,0.83333333,Q75_100,0,0,1
7,91,1708,18,70,2,4,2,2,0.2,Q0_25,0,0,2
7,91,836,9,17,2,3,1,2,0.1,Q0_25,0,1,2
7,91,2923,32,11,2,4,2,2,0.35555556,Q25_50,0,0,2
7,91,5520,60,60,2,4,2,2,0.66666667,Q50_75,0,1,2
7,91,4238,46,52,2,4,2,2,0.51111111,Q50_75,0,0,2
7,91,1462,16,6,2,4,2,1,0.17777778,Q0_25,0,0,1
7,91,7861,86,35,2,4,2,2,0.95555556,Q75_100,0,1,2
7,91,5884,64,60,2,4,2,2,0.71111111,Q50_75,0,0,2
7,91,7119,78,21,2,4,2,2,0.86666667,Q75_100,0,0,2
7,91,1433,15,68,2,4,2,2,0.16666667,Q0_25,0,1,2
7,91,4576,50,26,2,4,2,2,0.55555556,Q50_75,0,1,2
7,91,148,1,57,2,3,1,2,0.01111111,Q0_25,0,0,2
7,91,2818,30,88,2,4,2,2,0.33333333,Q25_50,0,0,2
7,91,1213,13,30,2,4,2,2,0.14444444,Q0_25,0,1,2
7,91,2825,31,4,2,4,2,1,0.34444444,Q25_50,0,0,1
7,91,4796,52,64,2,4,2,2,0.57777778,Q50_75,0,1,2
7,91,5702,62,60,2,4,2,2,0.68888889,Q50_75,0,1,2
7,91,3950,43,37,2,4,2,2,0.47777778,Q25_50,0,1,2
7,91,7401,81,30,2,4,2,2,0.9,Q75_100,0,1,2
7,91,593,6,47,2,3,1,2,0.06666667,Q0_25,0,1,2
7,91,4832,53,9,2,4,2,1,0.58888889,Q50_75,0,0,1
7,91,2984,32,72,2,4,2,2,0.35555556,Q25_50,0,1,2
7,91,5621,61,70,2,4,2,2,0.67777778,Q50_75,0,1,2
7,91,3521,38,63,2,4,2,2,0.42222222,Q25_50,0,1,2
7,91,4777,52,45,2,4,2,2,0.57777778,Q50_75,0,0,2
7,91,5462,60,2,2,4,2,1,0.66666667,Q50_75,0,0,1
7,91,4766,52,34,2,4,2,2,0.57777778,Q50_75,0,1,2
7,91,2407,26,41,2,4,2,2,0.28888889,Q25_50,0,0,2
7,91,8145,89,46,2,4,2,2,0.98888889,Q75_100,0,0,2
7,91,1143,12,51,2,4,2,2,0.13333333,Q0_25,0,1,2
7,91,5978,65,63,2,4,2,2,0.72222222,Q50_75,0,0,2
7,91,2625,28,77,2,4,2,2,0.31111111,Q25_50,0,1,2
7,91,4026,44,22,2,4,2,2,0.48888889,Q25_50,0,1,2
7,91,2323,25,48,2,4,2,2,0.27777778,Q25_50,0,0,2
7,91,4925,54,11,2,4,2,2,0.6,Q50_75,0,0,2
7,91,7492,82,30,2,4,2,2,0.91111111,Q75_100,0,0,2
7,91,340,3,67,2,3,1,2,0.03333333,Q0_25,0,0,2
7,91,6950,76,34,2,4,2,2,0.84444444,Q75_100,0,1,2
7,91,5625,61,74,2,4,2,2,0.67777778,Q50_75,0,1,2
7,91,6187,67,90,2,4,2,2,0.74444444,Q50_75,0,0,2
7,91,4638,50,88,2,4,2,2,0.55555556,Q50_75,0,0,2
7,91,6216,68,28,2,4,2,2,0.75555556,Q75_100,0,1,2
7,91,5857,64,33,2,4,2,2,0.71111111,Q50_75,0,1,2
7,91,7891,86,65,2,4,2,2,0.95555556,Q75_100,0,1,2
7,91,2473,27,16,2,4,2,2,0.3,Q25_50,0,1,2
7,91,6826,75,1,2,4,2,1,0.83333333,Q75_100,0,0,1
7,91,3037,33,34,2,4,2,2,0.36666667,Q25_50,0,0,2
7,91,5565,61,14,2,4,2,2,0.67777778,Q50_75,0,1,2
7,91,3401,37,34,2,4,2,2,0.41111111,Q25_50,0,1,2
7,91,6922,76,6,2,4,2,1,0.84444444,Q75_100,0,0,1
7,91,5931,65,16,2,4,2,2,0.72222222,Q50_75,0,0,2
7,91,6493,71,32,2,4,2,2,0.78888889,Q75_100,0,0,2
7,91,640,7,3,2,3,1,1,0.07777778,Q0_25,0,0,1
7,91,3296,36,20,2,4,2,2,0.4,Q25_50,0,1,2
7,91,6502,71,41,2,4,2,2,0.78888889,Q75_100,0,1,2
7,91,7696,84,52,2,4,2,2,0.93333333,Q75_100,0,1,2
7,91,7537,82,75,2,4,2,2,0.91111111,Q75_100,0,1,2
7,91,5925,65,10,2,4,2,2,0.72222222,Q50_75,0,0,2
7,91,2699,29,60,2,4,2,2,0.32222222,Q25_50,0,0,2
7,91,1012,11,11,2,4,2,2,0.12222222,Q0_25,0,1,2
7,91,8037,88,29,2,4,2,2,0.97777778,Q75_100,0,1,2
7,91,4394,48,26,2,4,2,2,0.53333333,Q50_75,0,0,2
7,91,6775,74,41,2,4,2,2,0.82222222,Q75_100,0,0,2
7,91,7837,86,11,2,4,2,2,0.95555556,Q75_100,0,1,2
7,91,4660,51,19,2,4,2,2,0.56666667,Q50_75,0,0,2
7,91,2889,31,68,2,4,2,2,0.34444444,Q25_50,0,0,2
7,91,2303,25,28,2,4,2,2,0.27777778,Q25_50,0,0,2
7,91,6649,73,6,2,4,2,1,0.81111111,Q75_100,0,0,1
7,91,7614,83,61,2,4,2,2,0.92222222,Q75_100,0,1,2
7,91,473,5,18,2,3,1,2,0.05555556,Q0_25,0,0,2
7,91,2596,28,48,2,4,2,2,0.31111111,Q25_50,0,1,2
7,91,4148,45,53,2,4,2,2,0.5,Q50_75,0,1,2
7,91,3446,37,79,2,4,2,2,0.41111111,Q25_50,0,1,2
7,91,8063,88,55,2,4,2,2,0.97777778,Q75_100,1,2,2
7,91,668,7,31,2,3,1,2,0.07777778,Q0_25,0,0,2
7,91,5077,55,72,2,4,2,2,0.61111111,Q50_75,0,0,2
7,91,926,10,16,2,3,2,2,0.11111111,Q0_25,0,0,2
7,91,3147,34,53,2,4,2,2,0.37777778,Q25_50,0,1,2
7,91,5163,56,67,2,4,2,2,0.62222222,Q50_75,0,1,2
7,91,1607,17,60,2,4,2,2,0.18888889,Q0_25,0,0,2
7,91,1216,13,33,2,4,2,2,0.14444444,Q0_25,0,1,2
7,91,653,7,16,2,3,1,2,0.07777778,Q0_25,0,1,2
7,91,8278,90,88,2,4,2,2,1.0,Q75_100,0,1,2
7,91,881,9,62,2,3,1,2,0.1,Q0_25,0,0,2
7,91,2211,24,27,2,4,2,2,0.26666667,Q25_50,0,0,2
7,91,5196,57,9,2,4,2,1,0.63333333,Q50_75,0,0,1
7,91,1560,17,13,2,4,2,2,0.18888889,Q0_25,0,1,2
7,91,4245,46,59,2,4,2,2,0.51111111,Q50_75,0,1,2
7,91,1449,15,84,2,4,2,2,0.16666667,Q0_25,0,0,2
7,91,8229,90,39,2,4,2,2,1.0,Q75_100,0,1,2
7,91,2247,24,63,2,4,2,2,0.26666667,Q25_50,0,0,2
7,91,5301,58,23,2,4,2,2,0.64444444,Q50_75,0,0,2
7,91,1132,12,40,2,4,2,2,0.13333333,Q0_25,0,0,2
7,91,4356,47,79,2,4,2,2,0.52222222,Q50_75,0,1,2
7,91,5968,65,53,2,4,2,2,0.72222222,Q50_75,0,1,2
7,91,2380,26,14,2,4,2,2,0.28888889,Q25_50,0,1,2
7,91,3705,40,65,2,4,2,2,0.44444444,Q25_50,1,2,2
7,91,2412,26,46,2,4,2,2,0.28888889,Q25_50,0,0,2
7,91,6397,70,27,2,4,2,2,0.77777778,Q75_100,0,1,2
7,91,2934,32,22,2,4,2,2,0.35555556,Q25_50,0,1,2
7,91,2600,28,52,2,4,2,2,0.31111111,Q25_50,0,1,2
7,91,7084,77,77,2,4,2,2,0.85555556,Q75_100,1,2,2
7,91,1604,17,57,2,4,2,2,0.18888889,Q0_25,1,2,2
7,91,2347,25,72,2,4,2,2,0.27777778,Q25_50,0,1,2
7,91,4658,51,17,2,4,2,2,0.56666667,Q50_75,0,1,2
7,91,4276,46,90,2,4,2,2,0.51111111,Q50_75,0,0,2
7,91,4275,46,89,2,4,2,2,0.51111111,Q50_75,0,1,2
7,91,7036,77,29,2,4,2,2,0.85555556,Q75_100,0,1,2
7,91,434,4,70,2,3,1,2,0.04444444,Q0_25,0,1,2
7,91,5088,55,83,2,4,2,2,0.61111111,Q50_75,0,0,2
7,91,5464,60,4,2,4,2,1,0.66666667,Q50_75,0,0,1
7,91,687,7,50,2,3,1,2,0.07777778,Q0_25,0,0,2
7,91,1985,21,74,2,4,2,2,0.23333333,Q0_25,0,1,2
7,91,6611,72,59,2,4,2,2,0.8,Q75_100,0,0,2
7,91,322,3,49,2,3,1,2,0.03333333,Q0_25,0,1,2
7,91,5178,56,82,2,4,2,2,0.62222222,Q50_75,0,0,2
7,91,7109,78,11,2,4,2,2,0.86666667,Q75_100,0,1,2
7,91,4897,53,74,2,4,2,2,0.58888889,Q50_75,0,1,2
7,91,6313,69,34,2,4,2,2,0.76666667,Q75_100,0,1,2
7,91,5308,58,30,2,4,2,2,0.64444444,Q50_75,0,1,2
7,91,7309,80,29,2,4,2,2,0.88888889,Q75_100,0,0,2
7,91,3,0,3,2,1,1,1,0.0,Q0_25,0,0,1
7,91,7322,80,42,2,4,2,2,0.88888889,Q75_100,0,0,2
7,91,1044,11,43,2,4,2,2,0.12222222,Q0_25,0,0,2
7,91,6474,71,13,2,4,2,2,0.78888889,Q75_100,0,1,2
7,91,4421,48,53,2,4,2,2,0.53333333,Q50_75,0,1,2
7,91,6323,69,44,2,4,2,2,0.76666667,Q75_100,0,0,2
7,91,2610,28,62,2,4,2,2,0.31111111,Q25_50,0,1,2
7,91,4608,50,58,2,4,2,2,0.55555556,Q50_75,0,1,2
7,91,1926,21,15,2,4,2,2,0.23333333,Q0_25,0,0,2
7,91,4880,53,57,2,4,2,2,0.58888889,Q50_75,0,1,2
7,91,4626,50,76,2,4,2,2,0.55555556,Q50_75,0,1,2
7,91,8113,89,14,2,4,2,2,0.98888889,Q75_100,0,1,2
7,91,3600,39,51,2,4,2,2,0.43333333,Q25_50,0,1,2
7,91,8207,90,17,2,4,2,2,1.0,Q75_100,0,1,2
7,91,1526,16,70,2,4,2,2,0.17777778,Q0_25,0,0,2
7,91,267,2,85,2,3,1,2,0.02222222,Q0_25,0,0,2
7,91,4992,54,78,2,4,2,2,0.6,Q50_75,0,0,2
7,91,3986,43,73,2,4,2,2,0.47777778,Q25_50,0,1,2
7,91,4252,46,66,2,4,2,2,0.51111111,Q50_75,0,1,2
7,91,1700,18,62,2,4,2,2,0.2,Q0_25,0,1,2
7,91,7904,86,78,2,4,2,2,0.95555556,Q75_100,0,0,2
7,91,1345,14,71,2,4,2,2,0.15555556,Q0_25,0,1,2
7,91,2090,22,88,2,4,2,2,0.24444444,Q0_25,0,1,2
7,91,6282,69,3,2,4,2,1,0.76666667,Q75_100,1,1,1
7,91,5133,56,37,2,4,2,2,0.62222222,Q50_75,0,0,2
7,91,1164,12,72,2,4,2,2,0.13333333,Q0_25,0,0,2
7,91,7548,82,86,2,4,2,2,0.91111111,Q75_100,0,1,2
7,91,3979,43,66,2,4,2,2,0.47777778,Q25_50,0,0,2
7,91,7216,79,27,2,4,2,2,0.87777778,Q75_100,0,1,2
7,91,2469,27,12,2,4,2,2,0.3,Q25_50,0,1,2
7,91,4555,50,5,2,4,2,1,0.55555556,Q50_75,0,0,1
7,91,292,3,19,2,3,1,2,0.03333333,Q0_25,0,0,2
7,91,3243,35,58,2,4,2,2,0.38888889,Q25_50,0,1,2
7,91,638,7,1,2,3,1,1,0.07777778,Q0_25,0,0,1
7,91,1174,12,82,2,4,2,2,0.13333333,Q0_25,0,0,2
7,91,7867,86,41,2,4,2,2,0.95555556,Q75_100,0,1,2
7,91,3331,36,55,2,4,2,2,0.4,Q25_50,0,1,2
7,91,8120,89,21,2,4,2,2,0.98888889,Q75_100,0,1,2
7,91,5091,55,86,2,4,2,2,0.61111111,Q50_75,0,1,2
7,91,4573,50,23,2,4,2,2,0.55555556,Q50_75,0,1,2
7,91,5552,61,1,2,4,2,1,0.67777778,Q50_75,0,0,1
7,91,4518,49,59,2,4,2,2,0.54444444,Q50_75,0,1,2
7,91,2973,32,61,2,4,2,2,0.35555556,Q25_50,0,0,2
7,91,2191,24,7,2,4,2,1,0.26666667,Q25_50,0,0,1
7,91,8202,90,12,2,4,2,2,1.0,Q75_100,0,1,2
7,91,107,1,16,2,3,1,2,0.01111111,Q0_25,0,1,2
7,91,5526,60,66,2,4,2,2,0.66666667,Q50_75,0,1,2
7,91,1107,12,15,2,4,2,2,0.13333333,Q0_25,1,2,2
7,91,2292,25,17,2,4,2,2,0.27777778,Q25_50,0,0,2
7,91,5927,65,12,2,4,2,2,0.72222222,Q50_75,0,0,2
7,91,6055,66,49,2,4,2,2,0.73333333,Q50_75,0,1,2
7,91,902,9,83,2,3,1,2,0.1,Q0_25,0,0,2
7,91,140,1,49,2,3,1,2,0.01111111,Q0_25,0,1,2
7,91,6286,69,7,2,4,2,1,0.76666667,Q75_100,0,0,1
7,91,589,6,43,2,3,1,2,0.06666667,Q0_25,0,1,2
7,91,673,7,36,2,3,1,2,0.07777778,Q0_25,0,0,2
7,91,7636,83,83,2,4,2,2,0.92222222,Q75_100,0,1,2
7,91,933,10,23,2,3,2,2,0.11111111,Q0_25,0,1,2
7,91,5167,56,71,2,4,2,2,0.62222222,Q50_75,0,0,2
7,91,5667,62,25,2,4,2,2,0.68888889,Q50_75,1,2,2
7,91,2068,22,66,2,4,2,2,0.24444444,Q0_25,0,0,2
7,91,1513,16,57,2,4,2,2,0.17777778,Q0_25,0,1,2
7,91,7009,77,2,2,4,2,1,0.85555556,Q75_100,0,0,1
7,91,7848,86,22,2,4,2,2,0.95555556,Q75_100,0,1,2
7,91,3265,35,80,2,4,2,2,0.38888889,Q25_50,0,0,2
7,91,5232,57,45,2,4,2,2,0.63333333,Q50_75,0,0,2
7,91,7072,77,65,2,4,2,2,0.85555556,Q75_100,0,1,2
7,91,7441,81,70,2,4,2,2,0.9,Q75_100,0,1,2
7,91,6638,72,86,2,4,2,2,0.8,Q75_100,0,0,2
7,91,3314,36,38,2,4,2,2,0.4,Q25_50,0,1,2
7,91,7929,87,12,2,4,2,2,0.96666667,Q75_100,0,0,2
7,91,4951,54,37,2,4,2,2,0.6,Q50_75,0,0,2
7,91,137,1,46,2,3,1,2,0.01111111,Q0_25,0,0,2
7,91,3319,36,43,2,4,2,2,0.4,Q25_50,0,0,2
7,91,7510,82,48,2,4,2,2,0.91111111,Q75_100,0,0,2
7,91,4189,46,3,2,4,2,1,0.51111111,Q50_75,0,0,1
7,91,4480,49,21,2,4,2,2,0.54444444,Q50_75,0,1,2
7,91,4224,46,38,2,4,2,2,0.51111111,Q50_75,0,1,2
7,91,6440,70,70,2,4,2,2,0.77777778,Q75_100,0,1,2
7,91,4274,46,88,2,4,2,2,0.51111111,Q50_75,0,1,2
7,91,5025,55,20,2,4,2,2,0.61111111,Q50_75,0,1,2
7,91,76,0,76,2,2,1,2,0.0,Q0_25,0,0,2
7,91,4059,44,55,2,4,2,2,0.48888889,Q25_50,0,1,2
7,91,5946,65,31,2,4,2,2,0.72222222,Q50_75,0,0,2
7,91,1118,12,26,2,4,2,2,0.13333333,Q0_25,0,0,2
7,91,151,1,60,2,3,1,2,0.01111111,Q0_25,0,0,2
7,91,1819,19,90,2,4,2,2,0.21111111,Q0_25,0,0,2
7,91,3225,35,40,2,4,2,2,0.38888889,Q25_50,0,0,2
7,91,4448,48,80,2,4,2,2,0.53333333,Q50_75,0,0,2
7,91,6516,71,55,2,4,2,2,0.78888889,Q75_100,0,1,2
7,91,1744,19,15,2,4,2,2,0.21111111,Q0_25,0,1,2
7,91,4776,52,44,2,4,2,2,0.57777778,Q50_75,0,1,2
7,91,7826,86,0,2,4,2,1,0.95555556,Q75_100,0,0,1
7,91,8088,88,80,2,4,2,2,0.97777778,Q75_100,0,0,2
7,91,3596,39,47,2,4,2,2,0.43333333,Q25_50,0,1,2
7,91,458,5,3,2,3,1,1,0.05555556,Q0_25,0,0,1
7,91,1304,14,30,2,4,2,2,0.15555556,Q0_25,0,1,2
7,91,4858,53,35,2,4,2,2,0.58888889,Q50_75,1,2,2
7,91,3333,36,57,2,4,2,2,0.4,Q25_50,0,1,2
7,91,3833,42,11,2,4,2,2,0.46666667,Q25_50,0,1,2
7,91,7737,85,2,2,4,2,1,0.94444444,Q75_100,0,0,1
7,91,1294,14,20,2,4,2,2,0.15555556,Q0_25,0,0,2
7,91,644,7,7,2,3,1,1,0.07777778,Q0_25,0,0,1
7,91,3542,38,84,2,4,2,2,0.42222222,Q25_50,0,1,2
7,91,4019,44,15,2,4,2,2,0.48888889,Q25_50,1,2,2
7,91,1499,16,43,2,4,2,2,0.17777778,Q0_25,0,0,2
7,91,1588,17,41,2,4,2,2,0.18888889,Q0_25,0,1,2
7,91,6498,71,37,2,4,2,2,0.78888889,Q75_100,0,0,2
7,91,8268,90,78,2,4,2,2,1.0,Q75_100,0,1,2
7,91,6171,67,74,2,4,2,2,0.74444444,Q50_75,0,1,2
7,91,1833,20,13,2,4,2,2,0.22222222,Q0_25,0,1,2
7,91,8126,89,27,2,4,2,2,0.98888889,Q75_100,0,1,2
7,91,2423,26,57,2,4,2,2,0.28888889,Q25_50,0,1,2
7,91,7980,87,63,2,4,2,2,0.96666667,Q75_100,0,0,2
7,91,8110,89,11,2,4,2,2,0.98888889,Q75_100,0,1,2
7,91,3911,42,89,2,4,2,2,0.46666667,Q25_50,0,0,2
7,91,7678,84,34,2,4,2,2,0.93333333,Q75_100,0,1,2
7,91,1124,12,32,2,4,2,2,0.13333333,Q0_25,0,0,2
7,91,5877,64,53,2,4,2,2,0.71111111,Q50_75,0,1,2
7,91,7470,82,8,2,4,2,1,0.91111111,Q75_100,0,0,1
7,91,3038,33,35,2,4,2,2,0.36666667,Q25_50,0,1,2
7,91,4567,50,17,2,4,2,2,0.55555556,Q50_75,1,2,2
7,91,4759,52,27,2,4,2,2,0.57777778,Q50_75,0,1,2
7,91,7886,86,60,2,4,2,2,0.95555556,Q75_100,0,0,2
7,91,4986,54,72,2,4,2,2,0.6,Q50_75,0,1,2
7,91,5039,55,34,2,4,2,2,0.61111111,Q50_75,0,0,2
7,91,5873,64,49,2,4,2,2,0.71111111,Q50_75,0,0,2
7,91,6290,69,11,2,4,2,2,0.76666667,Q75_100,0,1,2
7,91,950,10,40,2,3,2,2,0.11111111,Q0_25,0,1,2
7,91,6214,68,26,2,4,2,2,0.75555556,Q75_100,0,1,2
7,91,6374,70,4,2,4,2,1,0.77777778,Q75_100,0,0,1
7,91,5230,57,43,2,4,2,2,0.63333333,Q50_75,1,2,2
7,91,3138,34,44,2,4,2,2,0.37777778,Q25_50,0,0,2
7,91,1681,18,43,2,4,2,2,0.2,Q0_25,0,1,2
7,91,1276,14,2,2,4,2,1,0.15555556,Q0_25,0,0,1
7,91,2075,22,73,2,4,2,2,0.24444444,Q0_25,0,0,2
7,91,3327,36,51,2,4,2,2,0.4,Q25_50,0,1,2
7,91,2215,24,31,2,4,2,2,0.26666667,Q25_50,0,0,2
7,91,737,8,9,2,3,1,1,0.08888889,Q0_25,0,0,1
7,91,2161,23,68,2,4,2,2,0.25555556,Q25_50,0,1,2
7,91,2751,30,21,2,4,2,2,0.33333333,Q25_50,0,1,2
7,91,4346,47,69,2,4,2,2,0.52222222,Q50_75,0,0,2
7,91,7179,78,81,2,4,2,2,0.86666667,Q75_100,0,0,2
7,91,4146,45,51,2,4,2,2,0.5,Q50_75,0,1,2
7,91,7188,78,90,2,4,2,2,0.86666667,Q75_100,0,0,2
7,91,4496,49,37,2,4,2,2,0.54444444,Q50_75,0,0,2
7,91,2906,31,85,2,4,2,2,0.34444444,Q25_50,0,1,2
7,91,5543,60,83,2,4,2,2,0.66666667,Q50_75,0,1,2
7,91,3129,34,35,2,4,2,2,0.37777778,Q25_50,0,1,2
7,91,8017,88,9,2,4,2,1,0.97777778,Q75_100,0,0,1
7,91,4792,52,60,2,4,2,2,0.57777778,Q50_75,0,1,2
7,91,7130,78,32,2,4,2,2,0.86666667,Q75_100,0,1,2
7,91,5312,58,34,2,4,2,2,0.64444444,Q50_75,0,1,2
7,91,4653,51,12,2,4,2,2,0.56666667,Q50_75,0,1,2
7,91,1261,13,78,2,4,2,2,0.14444444,Q0_25,0,1,2
7,91,3740,41,9,2,4,2,1,0.45555556,Q25_50,0,0,1
7,91,2950,32,38,2,4,2,2,0.35555556,Q25_50,0,1,2
7,91,8024,88,16,2,4,2,2,0.97777778,Q75_100,0,0,2
7,91,670,7,33,2,3,1,2,0.07777778,Q0_25,0,0,2
7,91,4278,47,1,2,4,2,1,0.52222222,Q50_75,0,0,1
7,91,7574,83,21,2,4,2,2,0.92222222,Q75_100,0,1,2
7,91,7326,80,46,2,4,2,2,0.88888889,Q75_100,0,0,2
7,91,8239,90,49,2,4,2,2,1.0,Q75_100,0,1,2
7,91,4802,52,70,2,4,2,2,0.57777778,Q50_75,0,1,2
7,91,606,6,60,2,3,1,2,0.06666667,Q0_25,0,1,2
7,91,8230,90,40,2,4,2,2,1.0,Q75_100,0,1,2
7,91,2108,23,15,2,4,2,2,0.25555556,Q25_50,1,2,2
7,91,800,8,72,2,3,1,2,0.08888889,Q0_25,0,1,2
7,91,4628,50,78,2,4,2,2,0.55555556,Q50_75,0,1,2
7,91,7286,80,6,2,4,2,1,0.88888889,Q75_100,0,0,1
7,91,2225,24,41,2,4,2,2,0.26666667,Q25_50,0,0,2
7,91,2590,28,42,2,4,2,2,0.31111111,Q25_50,0,1,2
7,91,4500,49,41,2,4,2,2,0.54444444,Q50_75,0,1,2
7,91,2123,23,30,2,4,2,2,0.25555556,Q25_50,0,0,2
7,91,3429,37,62,2,4,2,2,0.41111111,Q25_50,0,0,2
7,91,7342,80,62,2,4,2,2,0.88888889,Q75_100,0,0,2
7,91,2179,23,86,2,4,2,2,0.25555556,Q25_50,0,0,2
7,91,3299,36,23,2,4,2,2,0.4,Q25_50,0,0,2
7,91,5421,59,52,2,4,2,2,0.65555556,Q50_75,0,1,2
7,91,6526,71,65,2,4,2,2,0.78888889,Q75_100,0,1,2
7,91,1049,11,48,2,4,2,2,0.12222222,Q0_25,0,0,2
7,91,6337,69,58,2,4,2,2,0.76666667,Q75_100,0,0,2
7,91,7488,82,26,2,4,2,2,0.91111111,Q75_100,0,1,2
7,91,1260,13,77,2,4,2,2,0.14444444,Q0_25,0,1,2
7,91,4072,44,68,2,4,2,2,0.48888889,Q25_50,0,1,2
7,91,2143,23,50,2,4,2,2,0.25555556,Q25_50,0,1,2
7,91,1863,20,43,2,4,2,2,0.22222222,Q0_25,0,1,2
7,91,2002,22,0,2,4,2,1,0.24444444,Q0_25,0,0,1
7,91,2643,29,4,2,4,2,1,0.32222222,Q25_50,0,0,1
7,91,5081,55,76,2,4,2,2,0.61111111,Q50_75,0,1,2
7,91,239,2,57,2,3,1,2,0.02222222,Q0_25,0,1,2
7,91,7468,82,6,2,4,2,1,0.91111111,Q75_100,0,0,1
7,91,4950,54,36,2,4,2,2,0.6,Q50_75,0,1,2
7,91,2660,29,21,2,4,2,2,0.32222222,Q25_50,0,1,2
7,91,4787,52,55,2,4,2,2,0.57777778,Q50_75,0,1,2
7,91,1668,18,30,2,4,2,2,0.2,Q0_25,0,0,2
7,91,224,2,42,2,3,1,2,0.02222222,Q0_25,0,0,2
7,91,417,4,53,2,3,1,2,0.04444444,Q0_25,0,1,2
7,91,2515,27,58,2,4,2,2,0.3,Q25_50,0,1,2
7,91,5105,56,9,2,4,2,1,0.62222222,Q50_75,0,0,1
7,91,680,7,43,2,3,1,2,0.07777778,Q0_25,0,0,2
7,91,5601,61,50,2,4,2,2,0.67777778,Q50_75,0,1,2
7,91,6939,76,23,2,4,2,2,0.84444444,Q75_100,0,1,2
7,91,410,4,46,2,3,1,2,0.04444444,Q0_25,0,0,2
7,91,6439,70,69,2,4,2,2,0.77777778,Q75_100,0,1,2
7,91,1821,20,1,2,4,2,1,0.22222222,Q0_25,0,0,1
7,91,8032,88,24,2,4,2,2,0.97777778,Q75_100,0,1,2
7,91,7094,77,87,2,4,2,2,0.85555556,Q75_100,1,2,2
7,91,8206,90,16,2,4,2,2,1.0,Q75_100,0,1,2
7,91,3107,34,13,2,4,2,2,0.37777778,Q25_50,0,1,2
7,91,3798,41,67,2,4,2,2,0.45555556,Q25_50,0,1,2
7,91,5641,61,90,2,4,2,2,0.67777778,Q50_75,0,0,2
7,91,5736,63,3,2,4,2,1,0.7,Q50_75,1,1,1
7,91,6325,69,46,2,4,2,2,0.76666667,Q75_100,0,0,2
7,91,6808,74,74,2,4,2,2,0.82222222,Q75_100,0,1,2
7,91,3969,43,56,2,4,2,2,0.47777778,Q25_50,0,1,2
7,91,4524,49,65,2,4,2,2,0.54444444,Q50_75,0,1,2
7,91,4722,51,81,2,4,2,2,0.56666667,Q50_75,0,0,2
7,91,700,7,63,2,3,1,2,0.07777778,Q0_25,0,0,2
7,91,1483,16,27,2,4,2,2,0.17777778,Q0_25,0,1,2
7,91,7509,82,47,2,4,2,2,0.91111111,Q75_100,0,1,2
7,91,5062,55,57,2,4,2,2,0.61111111,Q50_75,0,1,2
7,91,2569,28,21,2,4,2,2,0.31111111,Q25_50,0,0,2
7,91,4647,51,6,2,4,2,1,0.56666667,Q50_75,0,0,1
7,91,4544,49,85,2,4,2,2,0.54444444,Q50_75,0,1,2
7,91,6492,71,31,2,4,2,2,0.78888889,Q75_100,0,0,2
7,91,426,4,62,2,3,1,2,0.04444444,Q0_25,0,0,2
7,91,5784,63,51,2,4,2,2,0.7,Q50_75,0,1,2
7,91,5692,62,50,2,4,2,2,0.68888889,Q50_75,0,1,2
7,91,3989,43,76,2,4,2,2,0.47777778,Q25_50,0,1,2
7,91,4997,54,83,2,4,2,2,0.6,Q50_75,0,1,2
7,91,7800,85,65,2,4,2,2,0.94444444,Q75_100,0,0,2
7,91,1330,14,56,2,4,2,2,0.15555556,Q0_25,0,0,2
7,91,8068,88,60,2,4,2,2,0.97777778,Q75_100,0,0,2
7,91,7189,79,0,2,4,2,1,0.87777778,Q75_100,0,0,1
7,91,2351,25,76,2,4,2,2,0.27777778,Q25_50,0,1,2
7,91,4049,44,45,2,4,2,2,0.48888889,Q25_50,0,1,2
7,91,4827,53,4,2,4,2,1,0.58888889,Q50_75,1,1,1
7,91,3890,42,68,2,4,2,2,0.46666667,Q25_50,0,0,2
7,91,217,2,35,2,3,1,2,0.02222222,Q0_25,0,1,2
7,91,7786,85,51,2,4,2,2,0.94444444,Q75_100,0,1,2
7,91,3678,40,38,2,4,2,2,0.44444444,Q25_50,0,1,2
7,91,4211,46,25,2,4,2,2,0.51111111,Q50_75,0,1,2
7,91,4200,46,14,2,4,2,2,0.51111111,Q50_75,0,1,2
7,91,3090,33,87,2,4,2,2,0.36666667,Q25_50,1,2,2
7,91,4543,49,84,2,4,2,2,0.54444444,Q50_75,0,1,2
7,91,1800,19,71,2,4,2,2,0.21111111,Q0_25,0,1,2
7,91,1354,14,80,2,4,2,2,0.15555556,Q0_25,0,0,2
7,91,7796,85,61,2,4,2,2,0.94444444,Q75_100,0,1,2
7,91,3903,42,81,2,4,2,2,0.46666667,Q25_50,0,1,2
7,91,1750,19,21,2,4,2,2,0.21111111,Q0_25,0,1,2
7,91,7031,77,24,2,4,2,2,0.85555556,Q75_100,0,1,2
7,91,3653,40,13,2,4,2,2,0.44444444,Q25_50,0,1,2
7,91,1065,11,64,2,4,2,2,0.12222222,Q0_25,0,0,2
7,91,271,2,89,2,3,1,2,0.02222222,Q0_25,0,1,2
7,91,7098,78,0,2,4,2,1,0.86666667,Q75_100,0,0,1
7,91,6115,67,18,2,4,2,2,0.74444444,Q50_75,0,1,2
7,91,8176,89,77,2,4,2,2,0.98888889,Q75_100,0,1,2
7,91,6670,73,27,2,4,2,2,0.81111111,Q75_100,0,1,2
7,91,8049,88,41,2,4,2,2,0.97777778,Q75_100,0,0,2
7,91,5599,61,48,2,4,2,2,0.67777778,Q50_75,0,1,2
7,91,3840,42,18,2,4,2,2,0.46666667,Q25_50,0,0,2
7,91,877,9,58,2,3,1,2,0.1,Q0_25,0,0,2
7,91,2268,24,84,2,4,2,2,0.26666667,Q25_50,0,0,2
7,91,2583,28,35,2,4,2,2,0.31111111,Q25_50,0,1,2
7,91,5606,61,55,2,4,2,2,0.67777778,Q50_75,1,2,2
7,91,6968,76,52,2,4,2,2,0.84444444,Q75_100,0,1,2
7,91,6772,74,38,2,4,2,2,0.82222222,Q75_100,0,1,2
7,91,3235,35,50,2,4,2,2,0.38888889,Q25_50,0,1,2
7,91,131,1,40,2,3,1,2,0.01111111,Q0_25,0,1,2
7,91,1036,11,35,2,4,2,2,0.12222222,Q0_25,0,1,2
7,91,5004,54,90,2,4,2,2,0.6,Q50_75,0,0,2
7,91,4995,54,81,2,4,2,2,0.6,Q50_75,0,1,2
7,91,3662,40,22,2,4,2,2,0.44444444,Q25_50,0,1,2
7,91,2801,30,71,2,4,2,2,0.33333333,Q25_50,0,1,2
7,91,3140,34,46,2,4,2,2,0.37777778,Q25_50,0,0,2
7,91,2992,32,80,2,4,2,2,0.35555556,Q25_50,0,1,2
7,91,3237,35,52,2,4,2,2,0.38888889,Q25_50,0,0,2
7,91,1486,16,30,2,4,2,2,0.17777778,Q0_25,0,0,2
7,91,1456,16,0,2,4,2,1,0.17777778,Q0_25,0,0,1
7,91,319,3,46,2,3,1,2,0.03333333,Q0_25,0,0,2
7,91,1906,20,86,2,4,2,2,0.22222222,Q0_25,0,1,2
7,91,3956,43,43,2,4,2,2,0.47777778,Q25_50,0,0,2
7,91,3855,42,33,2,4,2,2,0.46666667,Q25_50,0,1,2
7,91,326,3,53,2,3,1,2,0.03333333,Q0_25,0,0,2
7,91,4443,48,75,2,4,2,2,0.53333333,Q50_75,0,1,2
7,91,3706,40,66,2,4,2,2,0.44444444,Q25_50,0,1,2
7,91,7050,77,43,2,4,2,2,0.85555556,Q75_100,0,1,2
7,91,4364,47,87,2,4,2,2,0.52222222,Q50_75,1,2,2
7,91,7431,81,60,2,4,2,2,0.9,Q75_100,0,1,2
7,91,5804,63,71,2,4,2,2,0.7,Q50_75,0,1,2
7,91,5557,61,6,2,4,2,1,0.67777778,Q50_75,0,0,1
7,91,4662,51,21,2,4,2,2,0.56666667,Q50_75,0,1,2
7,91,5982,65,67,2,4,2,2,0.72222222,Q50_75,0,1,2
7,91,2271,24,87,2,4,2,2,0.26666667,Q25_50,0,1,2
7,91,2509,27,52,2,4,2,2,0.3,Q25_50,0,0,2
7,91,3301,36,25,2,4,2,2,0.4,Q25_50,0,1,2
7,91,2468,27,11,2,4,2,2,0.3,Q25_50,0,1,2
7,91,748,8,20,2,3,1,2,0.08888889,Q0_25,0,0,2
7,91,4775,52,43,2,4,2,2,0.57777778,Q50_75,0,0,2
7,91,1919,21,8,2,4,2,1,0.23333333,Q0_25,0,0,1
7,91,5988,65,73,2,4,2,2,0.72222222,Q50_75,0,1,2
7,91,7986,87,69,2,4,2,2,0.96666667,Q75_100,0,0,2
7,91,4509,49,50,2,4,2,2,0.54444444,Q50_75,0,0,2
7,91,3393,37,26,2,4,2,2,0.41111111,Q25_50,0,1,2
7,91,5766,63,33,2,4,2,2,0.7,Q50_75,0,1,2
7,91,5905,64,81,2,4,2,2,0.71111111,Q50_75,0,1,2
7,91,3109,34,15,2,4,2,2,0.37777778,Q25_50,1,2,2
7,91,5115,56,19,2,4,2,2,0.62222222,Q50_75,0,1,2
7,91,7099,78,1,2,4,2,1,0.86666667,Q75_100,0,0,1
7,91,4834,53,11,2,4,2,2,0.58888889,Q50_75,0,1,2
7,91,1403,15,38,2,4,2,2,0.16666667,Q0_25,0,1,2
7,91,5373,59,4,2,4,2,1,0.65555556,Q50_75,0,0,1
7,91,407,4,43,2,3,1,2,0.04444444,Q0_25,0,0,2
7,91,1152,12,60,2,4,2,2,0.13333333,Q0_25,0,1,2
7,91,959,10,49,2,3,2,2,0.11111111,Q0_25,0,1,2
7,91,5769,63,36,2,4,2,2,0.7,Q50_75,0,1,2
7,91,6468,71,7,2,4,2,1,0.78888889,Q75_100,0,0,1
7,91,6603,72,51,2,4,2,2,0.8,Q75_100,0,1,2
7,91,2820,30,90,2,4,2,2,0.33333333,Q25_50,0,0,2
7,91,3248,35,63,2,4,2,2,0.38888889,Q25_50,0,0,2
7,91,7831,86,5,2,4,2,1,0.95555556,Q75_100,1,1,1
7,91,5651,62,9,2,4,2,1,0.68888889,Q50_75,0,0,1
7,91,4519,49,60,2,4,2,2,0.54444444,Q50_75,0,0,2
7,91,2930,32,18,2,4,2,2,0.35555556,Q25_50,0,0,2
7,91,5014,55,9,2,4,2,1,0.61111111,Q50_75,0,0,1
7,91,1896,20,76,2,4,2,2,0.22222222,Q0_25,0,1,2
7,91,7153,78,55,2,4,2,2,0.86666667,Q75_100,0,1,2
7,91,2620,28,72,2,4,2,2,0.31111111,Q25_50,0,1,2
7,91,1556,17,9,2,4,2,1,0.18888889,Q0_25,0,0,1
7,91,7889,86,63,2,4,2,2,0.95555556,Q75_100,0,0,2
7,91,3654,40,14,2,4,2,2,0.44444444,Q25_50,0,1,2
7,91,8199,90,9,2,4,2,1,1.0,Q75_100,0,0,1
7,91,1805,19,76,2,4,2,2,0.21111111,Q0_25,0,1,2
7,91,1905,20,85,2,4,2,2,0.22222222,Q0_25,1,2,2
7,91,5535,60,75,2,4,2,2,0.66666667,Q50_75,0,1,2
7,91,4622,50,72,2,4,2,2,0.55555556,Q50_75,0,1,2
7,91,1967,21,56,2,4,2,2,0.23333333,Q0_25,0,1,2
7,91,7999,87,82,2,4,2,2,0.96666667,Q75_100,0,1,2
7,91,4676,51,35,2,4,2,2,0.56666667,Q50_75,0,1,2
7,91,5114,56,18,2,4,2,2,0.62222222,Q50_75,0,1,2
7,91,7634,83,81,2,4,2,2,0.92222222,Q75_100,0,0,2
7,91,1772,19,43,2,4,2,2,0.21111111,Q0_25,0,1,2
7,91,2779,30,49,2,4,2,2,0.33333333,Q25_50,0,0,2
7,91,5995,65,80,2,4,2,2,0.72222222,Q50_75,0,1,2
7,91,3470,38,12,2,4,2,2,0.42222222,Q25_50,0,1,2
7,91,5752,63,19,2,4,2,2,0.7,Q50_75,0,0,2
7,91,5626,61,75,2,4,2,2,0.67777778,Q50_75,0,1,2
7,91,8212,90,22,2,4,2,2,1.0,Q75_100,0,0,2
7,91,7081,77,74,2,4,2,2,0.85555556,Q75_100,0,1,2
7,91,3365,36,89,2,4,2,2,0.4,Q25_50,0,1,2
7,91,920,10,10,2,3,2,2,0.11111111,Q0_25,0,0,2
7,91,3389,37,22,2,4,2,2,0.41111111,Q25_50,0,0,2
7,91,6068,66,62,2,4,2,2,0.73333333,Q50_75,0,0,2
7,91,2299,25,24,2,4,2,2,0.27777778,Q25_50,0,0,2
7,91,4571,50,21,2,4,2,2,0.55555556,Q50_75,0,1,2
7,91,1300,14,26,2,4,2,2,0.15555556,Q0_25,0,0,2
7,91,4566,50,16,2,4,2,2,0.55555556,Q50_75,0,1,2
7,91,1055,11,54,2,4,2,2,0.12222222,Q0_25,0,0,2
7,91,4831,53,8,2,4,2,1,0.58888889,Q50_75,0,0,1
7,91,6462,71,1,2,4,2,1,0.78888889,Q75_100,0,0,1
7,91,8273,90,83,2,4,2,2,1.0,Q75_100,1,2,2
7,91,7411,81,40,2,4,2,2,0.9,Q75_100,0,0,2
7,91,4081,44,77,2,4,2,2,0.48888889,Q25_50,1,2,2
7,91,330,3,57,2,3,1,2,0.03333333,Q0_25,0,1,2
7,91,4419,48,51,2,4,2,2,0.53333333,Q50_75,0,1,2
7,91,4439,48,71,2,4,2,2,0.53333333,Q50_75,0,0,2
7,91,972,10,62,2,3,2,2,0.11111111,Q0_25,0,0,2
7,91,8205,90,15,2,4,2,2,1.0,Q75_100,0,1,2
7,91,139,1,48,2,3,1,2,0.01111111,Q0_25,0,0,2
7,91,4930,54,16,2,4,2,2,0.6,Q50_75,0,0,2
7,91,6123,67,26,2,4,2,2,0.74444444,Q50_75,0,1,2
7,91,7677,84,33,2,4,2,2,0.93333333,Q75_100,0,1,2
7,91,2575,28,27,2,4,2,2,0.31111111,Q25_50,0,1,2
7,91,28,0,28,2,2,1,2,0.0,Q0_25,0,0,2
7,91,6584,72,32,2,4,2,2,0.8,Q75_100,0,1,2
7,91,5685,62,43,2,4,2,2,0.68888889,Q50_75,0,1,2
7,91,6103,67,6,2,4,2,1,0.74444444,Q50_75,0,0,1
7,91,6345,69,66,2,4,2,2,0.76666667,Q75_100,0,0,2
7,91,1577,17,30,2,4,2,2,0.18888889,Q0_25,0,0,2
7,91,4739,52,7,2,4,2,1,0.57777778,Q50_75,0,0,1
7,91,4901,53,78,2,4,2,2,0.58888889,Q50_75,0,0,2
7,91,6747,74,13,2,4,2,2,0.82222222,Q75_100,0,1,2
7,91,4061,44,57,2,4,2,2,0.48888889,Q25_50,0,1,2
7,91,2316,25,41,2,4,2,2,0.27777778,Q25_50,0,0,2
7,91,3447,37,80,2,4,2,2,0.41111111,Q25_50,0,0,2
7,91,3388,37,21,2,4,2,2,0.41111111,Q25_50,0,0,2
7,91,186,2,4,2,3,1,1,0.02222222,Q0_25,0,0,1
7,91,2933,32,21,2,4,2,2,0.35555556,Q25_50,0,1,2
7,91,5563,61,12,2,4,2,2,0.67777778,Q50_75,0,1,2
7,91,7927,87,10,2,4,2,2,0.96666667,Q75_100,0,0,2
7,91,7619,83,66,2,4,2,2,0.92222222,Q75_100,0,1,2
7,91,5622,61,71,2,4,2,2,0.67777778,Q50_75,0,1,2
7,91,5223,57,36,2,4,2,2,0.63333333,Q50_75,0,1,2
7,91,2549,28,1,2,4,2,1,0.31111111,Q25_50,0,0,1
7,91,8166,89,67,2,4,2,2,0.98888889,Q75_100,0,1,2
7,91,3871,42,49,2,4,2,2,0.46666667,Q25_50,0,0,2
7,91,4429,48,61,2,4,2,2,0.53333333,Q50_75,0,0,2
7,91,764,8,36,2,3,1,2,0.08888889,Q0_25,0,0,2
7,91,2681,29,42,2,4,2,2,0.32222222,Q25_50,0,1,2
7,91,7882,86,56,2,4,2,2,0.95555556,Q75_100,0,0,2
7,91,4260,46,74,2,4,2,2,0.51111111,Q50_75,0,1,2
7,91,5546,60,86,2,4,2,2,0.66666667,Q50_75,0,1,2
7,91,39,0,39,2,2,1,2,0.0,Q0_25,0,0,2
7,91,7473,82,11,2,4,2,2,0.91111111,Q75_100,0,1,2
7,91,7544,82,82,2,4,2,2,0.91111111,Q75_100,0,1,2
7,91,84,0,84,2,2,1,2,0.0,Q0_25,0,0,2
7,91,7028,77,21,2,4,2,2,0.85555556,Q75_100,0,1,2
7,91,7220,79,31,2,4,2,2,0.87777778,Q75_100,0,1,2
7,91,3000,32,88,2,4,2,2,0.35555556,Q25_50,0,1,2
7,91,237,2,55,2,3,1,2,0.02222222,Q0_25,0,0,2
7,91,6487,71,26,2,4,2,2,0.78888889,Q75_100,0,1,2
7,91,6500,71,39,2,4,2,2,0.78888889,Q75_100,0,0,2
7,91,77,0,77,2,2,1,2,0.0,Q0_25,0,0,2
7,91,7476,82,14,2,4,2,2,0.91111111,Q75_100,1,2,2
7,91,5303,58,25,2,4,2,2,0.64444444,Q50_75,0,1,2
7,91,7694,84,50,2,4,2,2,0.93333333,Q75_100,0,1,2
7,91,7885,86,59,2,4,2,2,0.95555556,Q75_100,0,0,2
7,91,4682,51,41,2,4,2,2,0.56666667,Q50_75,0,1,2
7,91,1890,20,70,2,4,2,2,0.22222222,Q0_25,0,1,2
7,91,4585,50,35,2,4,2,2,0.55555556,Q50_75,0,1,2
7,91,7409,81,38,2,4,2,2,0.9,Q75_100,0,1,2
7,91,6413,70,43,2,4,2,2,0.77777778,Q75_100,0,1,2
7,91,5833,64,9,2,4,2,1,0.71111111,Q50_75,0,0,1
7,91,3607,39,58,2,4,2,2,0.43333333,Q25_50,0,1,2
7,91,597,6,51,2,3,1,2,0.06666667,Q0_25,0,0,2
7,91,8269,90,79,2,4,2,2,1.0,Q75_100,0,1,2
7,91,904,9,85,2,3,1,2,0.1,Q0_25,0,0,2
7,91,6409,70,39,2,4,2,2,0.77777778,Q75_100,0,1,2
7,91,6908,75,83,2,4,2,2,0.83333333,Q75_100,0,1,2
7,91,7757,85,22,2,4,2,2,0.94444444,Q75_100,0,1,2
7,91,4709,51,68,2,4,2,2,0.56666667,Q50_75,0,1,2
7,91,4434,48,66,2,4,2,2,0.53333333,Q50_75,0,1,2
7,91,4707,51,66,2,4,2,2,0.56666667,Q50_75,0,1,2
7,91,3690,40,50,2,4,2,2,0.44444444,Q25_50,0,1,2
7,91,5628,61,77,2,4,2,2,0.67777778,Q50_75,0,1,2
7,91,2785,30,55,2,4,2,2,0.33333333,Q25_50,0,1,2
7,91,3367,37,0,2,4,2,1,0.41111111,Q25_50,0,0,1
7,91,5415,59,46,2,4,2,2,0.65555556,Q50_75,0,0,2
7,91,3215,35,30,2,4,2,2,0.38888889,Q25_50,0,0,2
7,91,7850,86,24,2,4,2,2,0.95555556,Q75_100,0,0,2
7,91,4244,46,58,2,4,2,2,0.51111111,Q50_75,0,1,2
7,91,3280,36,4,2,4,2,1,0.4,Q25_50,0,0,1
7,91,6393,70,23,2,4,2,2,0.77777778,Q75_100,0,1,2
7,91,6915,75,90,2,4,2,2,0.83333333,Q75_100,0,0,2
7,91,2081,22,79,2,4,2,2,0.24444444,Q0_25,0,1,2
7,91,2834,31,13,2,4,2,2,0.34444444,Q25_50,0,1,2
7,91,3734,41,3,2,4,2,1,0.45555556,Q25_50,0,0,1
7,91,2886,31,65,2,4,2,2,0.34444444,Q25_50,0,0,2
7,91,6402,70,32,2,4,2,2,0.77777778,Q75_100,0,1,2
7,91,4428,48,60,2,4,2,2,0.53333333,Q50_75,0,0,2
7,91,6945,76,29,2,4,2,2,0.84444444,Q75_100,0,1,2
7,91,1986,21,75,2,4,2,2,0.23333333,Q0_25,1,2,2
7,91,6527,71,66,2,4,2,2,0.78888889,Q75_100,0,1,2
7,91,5356,58,78,2,4,2,2,0.64444444,Q50_75,0,1,2
7,91,2564,28,16,2,4,2,2,0.31111111,Q25_50,0,1,2
7,91,534,5,79,2,3,1,2,0.05555556,Q0_25,0,1,2
7,91,2017,22,15,2,4,2,2,0.24444444,Q0_25,0,1,2
7,91,8021,88,13,2,4,2,2,0.97777778,Q75_100,0,0,2
7,91,168,1,77,2,3,1,2,0.01111111,Q0_25,0,0,2
7,91,1326,14,52,2,4,2,2,0.15555556,Q0_25,0,1,2
7,91,4819,52,87,2,4,2,2,0.57777778,Q50_75,0,0,2
7,91,5991,65,76,2,4,2,2,0.72222222,Q50_75,0,0,2
7,91,5831,64,7,2,4,2,1,0.71111111,Q50_75,0,0,1
7,91,1311,14,37,2,4,2,2,0.15555556,Q0_25,0,1,2
7,91,4273,46,87,2,4,2,2,0.51111111,Q50_75,0,1,2
7,91,2567,28,19,2,4,2,2,0.31111111,Q25_50,0,1,2
7,91,495,5,40,2,3,1,2,0.05555556,Q0_25,0,1,2
7,91,4826,53,3,2,4,2,1,0.58888889,Q50_75,1,1,1
7,91,4507,49,48,2,4,2,2,0.54444444,Q50_75,0,1,2
7,91,3860,42,38,2,4,2,2,0.46666667,Q25_50,0,0,2
7,91,4888,53,65,2,4,2,2,0.58888889,Q50_75,0,1,2
7,91,4764,52,32,2,4,2,2,0.57777778,Q50_75,0,1,2
7,91,6891,75,66,2,4,2,2,0.83333333,Q75_100,0,0,2
7,91,2932,32,20,2,4,2,2,0.35555556,Q25_50,0,1,2
7,91,2623,28,75,2,4,2,2,0.31111111,Q25_50,0,1,2
7,91,240,2,58,2,3,1,2,0.02222222,Q0_25,0,0,2
7,91,5683,62,41,2,4,2,2,0.68888889,Q50_75,0,1,2
7,91,4219,46,33,2,4,2,2,0.51111111,Q50_75,0,0,2
7,91,7682,84,38,2,4,2,2,0.93333333,Q75_100,0,0,2
7,91,3180,34,86,2,4,2,2,0.37777778,Q25_50,0,1,2
7,91,6870,75,45,2,4,2,2,0.83333333,Q75_100,0,0,2
7,91,7056,77,49,2,4,2,2,0.85555556,Q75_100,0,1,2
7,91,2291,25,16,2,4,2,2,0.27777778,Q25_50,0,0,2
7,91,1221,13,38,2,4,2,2,0.14444444,Q0_25,0,1,2
7,91,8018,88,10,2,4,2,2,0.97777778,Q75_100,0,1,2
7,91,964,10,54,2,3,2,2,0.11111111,Q0_25,0,0,2
7,91,692,7,55,2,3,1,2,0.07777778,Q0_25,0,0,2
7,91,1647,18,9,2,4,2,1,0.2,Q0_25,0,0,1
7,91,1995,21,84,2,4,2,2,0.23333333,Q0_25,0,1,2
7,91,2132,23,39,2,4,2,2,0.25555556,Q25_50,0,1,2
7,91,2650,29,11,2,4,2,2,0.32222222,Q25_50,0,1,2
7,91,7565,83,12,2,4,2,2,0.92222222,Q75_100,0,1,2
7,91,4604,50,54,2,4,2,2,0.55555556,Q50_75,0,1,2
7,91,6398,70,28,2,4,2,2,0.77777778,Q75_100,0,1,2
7,91,2871,31,50,2,4,2,2,0.34444444,Q25_50,0,1,2
7,91,2611,28,63,2,4,2,2,0.31111111,Q25_50,0,1,2
7,91,2851,31,30,2,4,2,2,0.34444444,Q25_50,0,1,2
7,91,1302,14,28,2,4,2,2,0.15555556,Q0_25,0,0,2
7,91,2903,31,82,2,4,2,2,0.34444444,Q25_50,0,1,2
7,91,6278,68,90,2,4,2,2,0.75555556,Q75_100,0,0,2
7,91,7126,78,28,2,4,2,2,0.86666667,Q75_100,0,1,2
7,91,7992,87,75,2,4,2,2,0.96666667,Q75_100,0,0,2
7,91,5533,60,73,2,4,2,2,0.66666667,Q50_75,0,1,2
7,91,3480,38,22,2,4,2,2,0.42222222,Q25_50,0,1,2
7,91,6578,72,26,2,4,2,2,0.8,Q75_100,0,1,2
7,91,8097,88,89,2,4,2,2,0.97777778,Q75_100,0,1,2
7,91,3202,35,17,2,4,2,2,0.38888889,Q25_50,0,1,2
7,91,3208,35,23,2,4,2,2,0.38888889,Q25_50,0,0,2
7,91,504,5,49,2,3,1,2,0.05555556,Q0_25,0,1,2
7,91,3983,43,70,2,4,2,2,0.47777778,Q25_50,0,1,2
7,91,7689,84,45,2,4,2,2,0.93333333,Q75_100,1,2,2
7,91,7596,83,43,2,4,2,2,0.92222222,Q75_100,0,1,2
7,91,4868,53,45,2,4,2,2,0.58888889,Q50_75,1,2,2
7,91,136,1,45,2,3,1,2,0.01111111,Q0_25,0,0,2
7,91,2229,24,45,2,4,2,2,0.26666667,Q25_50,0,1,2
7,91,389,4,25,2,3,1,2,0.04444444,Q0_25,0,0,2
7,91,5388,59,19,2,4,2,2,0.65555556,Q50_75,0,1,2
7,91,774,8,46,2,3,1,2,0.08888889,Q0_25,0,0,2
7,91,5256,57,69,2,4,2,2,0.63333333,Q50_75,0,1,2
7,91,4441,48,73,2,4,2,2,0.53333333,Q50_75,0,1,2
7,91,4927,54,13,2,4,2,2,0.6,Q50_75,0,0,2
7,91,4334,47,57,2,4,2,2,0.52222222,Q50_75,0,1,2
7,91,73,0,73,2,2,1,2,0.0,Q0_25,0,0,2
7,91,917,10,7,2,3,2,1,0.11111111,Q0_25,1,1,1
7,91,6488,71,27,2,4,2,2,0.78888889,Q75_100,0,1,2
7,91,1072,11,71,2,4,2,2,0.12222222,Q0_25,0,0,2
7,91,1170,12,78,2,4,2,2,0.13333333,Q0_25,0,1,2
7,91,5901,64,77,2,4,2,2,0.71111111,Q50_75,0,0,2
7,91,3655,40,15,2,4,2,2,0.44444444,Q25_50,1,2,2
7,91,185,2,3,2,3,1,1,0.02222222,Q0_25,0,0,1
7,91,6961,76,45,2,4,2,2,0.84444444,Q75_100,0,1,2
7,91,1646,18,8,2,4,2,1,0.2,Q0_25,0,0,1
7,91,6271,68,83,2,4,2,2,0.75555556,Q75_100,1,2,2
7,91,5202,57,15,2,4,2,2,0.63333333,Q50_75,0,1,2
7,91,1446,15,81,2,4,2,2,0.16666667,Q0_25,0,0,2
7,91,5950,65,35,2,4,2,2,0.72222222,Q50_75,1,2,2
7,91,2587,28,39,2,4,2,2,0.31111111,Q25_50,0,1,2
7,91,1407,15,42,2,4,2,2,0.16666667,Q0_25,0,0,2
7,91,6386,70,16,2,4,2,2,0.77777778,Q75_100,0,1,2
7,91,2869,31,48,2,4,2,2,0.34444444,Q25_50,0,1,2
7,91,5572,61,21,2,4,2,2,0.67777778,Q50_75,0,1,2
7,91,2960,32,48,2,4,2,2,0.35555556,Q25_50,0,0,2
7,91,7261,79,72,2,4,2,2,0.87777778,Q75_100,0,1,2
7,91,4077,44,73,2,4,2,2,0.48888889,Q25_50,0,0,2
7,91,5933,65,18,2,4,2,2,0.72222222,Q50_75,0,0,2
7,91,3641,40,1,2,4,2,1,0.44444444,Q25_50,0,0,1
7,91,3405,37,38,2,4,2,2,0.41111111,Q25_50,0,1,2
7,91,3101,34,7,2,4,2,1,0.37777778,Q25_50,0,0,1
7,91,2318,25,43,2,4,2,2,0.27777778,Q25_50,0,0,2
7,91,7222,79,33,2,4,2,2,0.87777778,Q75_100,1,2,2
7,91,772,8,44,2,3,1,2,0.08888889,Q0_25,0,0,2
7,91,6583,72,31,2,4,2,2,0.8,Q75_100,0,1,2
7,91,6180,67,83,2,4,2,2,0.74444444,Q50_75,0,1,2
7,91,7456,81,85,2,4,2,2,0.9,Q75_100,0,1,2
7,91,2390,26,24,2,4,2,2,0.28888889,Q25_50,0,1,2
7,91,2679,29,40,2,4,2,2,0.32222222,Q25_50,0,0,2
7,91,3055,33,52,2,4,2,2,0.36666667,Q25_50,0,0,2
7,91,2626,28,78,2,4,2,2,0.31111111,Q25_50,0,1,2
7,91,753,8,25,2,3,1,2,0.08888889,Q0_25,0,0,2
7,91,7577,83,24,2,4,2,2,0.92222222,Q75_100,1,2,2
7,91,2097,23,4,2,4,2,1,0.25555556,Q25_50,0,0,1
7,91,3765,41,34,2,4,2,2,0.45555556,Q25_50,0,1,2
7,91,3478,38,20,2,4,2,2,0.42222222,Q25_50,0,0,2
7,91,6658,73,15,2,4,2,2,0.81111111,Q75_100,1,2,2
7,91,6300,69,21,2,4,2,2,0.76666667,Q75_100,0,0,2
7,91,4119,45,24,2,4,2,2,0.5,Q50_75,0,0,2
7,91,2011,22,9,2,4,2,1,0.24444444,Q0_25,0,0,1
7,91,7181,78,83,2,4,2,2,0.86666667,Q75_100,0,1,2
7,91,1282,14,8,2,4,2,1,0.15555556,Q0_25,0,0,1
7,91,2495,27,38,2,4,2,2,0.3,Q25_50,0,0,2
7,91,4165,45,70,2,4,2,2,0.5,Q50_75,0,0,2
7,91,7317,80,37,2,4,2,2,0.88888889,Q75_100,0,1,2
7,91,2804,30,74,2,4,2,2,0.33333333,Q25_50,0,1,2
7,91,1466,16,10,2,4,2,2,0.17777778,Q0_25,0,1,2
7,91,5053,55,48,2,4,2,2,0.61111111,Q50_75,0,1,2
7,91,5970,65,55,2,4,2,2,0.72222222,Q50_75,0,1,2
7,91,856,9,37,2,3,1,2,0.1,Q0_25,0,0,2
7,91,7858,86,32,2,4,2,2,0.95555556,Q75_100,0,1,2
7,91,1331,14,57,2,4,2,2,0.15555556,Q0_25,0,0,2
7,91,8020,88,12,2,4,2,2,0.97777778,Q75_100,0,0,2
7,91,1854,20,34,2,4,2,2,0.22222222,Q0_25,0,1,2
7,91,1105,12,13,2,4,2,2,0.13333333,Q0_25,0,1,2
7,91,1840,20,20,2,4,2,2,0.22222222,Q0_25,0,1,2
7,91,4724,51,83,2,4,2,2,0.56666667,Q50_75,1,2,2
7,91,4630,50,80,2,4,2,2,0.55555556,Q50_75,0,0,2
7,91,5888,64,64,2,4,2,2,0.71111111,Q50_75,0,0,2
7,91,5300,58,22,2,4,2,2,0.64444444,Q50_75,0,0,2
7,91,4134,45,39,2,4,2,2,0.5,Q50_75,0,0,2
7,91,492,5,37,2,3,1,2,0.05555556,Q0_25,0,1,2
7,91,787,8,59,2,3,1,2,0.08888889,Q0_25,0,1,2
7,91,6509,71,48,2,4,2,2,0.78888889,Q75_100,0,1,2
7,91,5216,57,29,2,4,2,2,0.63333333,Q50_75,0,1,2
7,91,1723,18,85,2,4,2,2,0.2,Q0_25,0,0,2
7,91,975,10,65,2,3,2,2,0.11111111,Q0_25,0,1,2
7,91,6566,72,14,2,4,2,2,0.8,Q75_100,0,1,2
7,91,2150,23,57,2,4,2,2,0.25555556,Q25_50,0,0,2
7,91,6174,67,77,2,4,2,2,0.74444444,Q50_75,0,1,2
7,91,3992,43,79,2,4,2,2,0.47777778,Q25_50,0,0,2
7,91,4071,44,67,2,4,2,2,0.48888889,Q25_50,0,1,2
7,91,5422,59,53,2,4,2,2,0.65555556,Q50_75,1,2,2
7,91,7965,87,48,2,4,2,2,0.96666667,Q75_100,0,0,2
7,91,6811,74,77,2,4,2,2,0.82222222,Q75_100,0,1,2
7,91,5493,60,33,2,4,2,2,0.66666667,Q50_75,0,0,2
7,91,2262,24,78,2,4,2,2,0.26666667,Q25_50,0,1,2
7,91,7025,77,18,2,4,2,2,0.85555556,Q75_100,0,0,2
7,91,7895,86,69,2,4,2,2,0.95555556,Q75_100,0,0,2
7,91,2730,30,0,2,4,2,1,0.33333333,Q25_50,0,0,1
7,91,7493,82,31,2,4,2,2,0.91111111,Q75_100,0,0,2
7,91,2969,32,57,2,4,2,2,0.35555556,Q25_50,0,1,2
7,91,4912,53,89,2,4,2,2,0.58888889,Q50_75,0,0,2
7,91,1166,12,74,2,4,2,2,0.13333333,Q0_25,0,0,2
7,91,2576,28,28,2,4,2,2,0.31111111,Q25_50,0,1,2
7,91,7364,80,84,2,4,2,2,0.88888889,Q75_100,0,1,2
7,91,6842,75,17,2,4,2,2,0.83333333,Q75_100,0,1,2
7,91,3680,40,40,2,4,2,2,0.44444444,Q25_50,0,1,2
7,91,5018,55,13,2,4,2,2,0.61111111,Q50_75,0,1,2
7,91,694,7,57,2,3,1,2,0.07777778,Q0_25,0,0,2
7,91,2995,32,83,2,4,2,2,0.35555556,Q25_50,0,1,2
7,91,3977,43,64,2,4,2,2,0.47777778,Q25_50,0,0,2
7,91,6683,73,40,2,4,2,2,0.81111111,Q75_100,0,1,2
7,91,3127,34,33,2,4,2,2,0.37777778,Q25_50,0,1,2
7,91,3679,40,39,2,4,2,2,0.44444444,Q25_50,0,1,2
7,91,8051,88,43,2,4,2,2,0.97777778,Q75_100,0,1,2
7,91,7507,82,45,2,4,2,2,0.91111111,Q75_100,0,1,2
7,91,3562,39,13,2,4,2,2,0.43333333,Q25_50,0,1,2
7,91,581,6,35,2,3,1,2,0.06666667,Q0_25,0,0,2
7,91,1046,11,45,2,4,2,2,0.12222222,Q0_25,0,0,2
7,91,3609,39,60,2,4,2,2,0.43333333,Q25_50,0,0,2
7,91,7278,79,89,2,4,2,2,0.87777778,Q75_100,0,1,2
7,91,5728,62,86,2,4,2,2,0.68888889,Q50_75,0,0,2
7,91,3735,41,4,2,4,2,1,0.45555556,Q25_50,0,0,1
7,91,5238,57,51,2,4,2,2,0.63333333,Q50_75,0,0,2
7,91,3712,40,72,2,4,2,2,0.44444444,Q25_50,0,1,2
7,91,2654,29,15,2,4,2,2,0.32222222,Q25_50,0,1,2
7,91,4264,46,78,2,4,2,2,0.51111111,Q50_75,0,1,2
7,91,2308,25,33,2,4,2,2,0.27777778,Q25_50,0,1,2
7,91,6034,66,28,2,4,2,2,0.73333333,Q50_75,0,1,2
7,91,3074,33,71,2,4,2,2,0.36666667,Q25_50,0,0,2
7,91,7978,87,61,2,4,2,2,0.96666667,Q75_100,0,0,2
7,91,1629,17,82,2,4,2,2,0.18888889,Q0_25,0,0,2
7,91,2421,26,55,2,4,2,2,0.28888889,Q25_50,0,1,2
7,91,5241,57,54,2,4,2,2,0.63333333,Q50_75,1,2,2
7,91,4532,49,73,2,4,2,2,0.54444444,Q50_75,0,1,2
7,91,3859,42,37,2,4,2,2,0.46666667,Q25_50,0,1,2
7,91,2337,25,62,2,4,2,2,0.27777778,Q25_50,0,0,2
7,91,5799,63,66,2,4,2,2,0.7,Q50_75,0,1,2
7,91,6366,69,87,2,4,2,2,0.76666667,Q75_100,0,1,2
7,91,4228,46,42,2,4,2,2,0.51111111,Q50_75,0,0,2
7,91,5894,64,70,2,4,2,2,0.71111111,Q50_75,0,1,2
7,91,1848,20,28,2,4,2,2,0.22222222,Q0_25,0,1,2
7,91,1344,14,70,2,4,2,2,0.15555556,Q0_25,0,1,2
7,91,8152,89,53,2,4,2,2,0.98888889,Q75_100,0,1,2
7,91,3120,34,26,2,4,2,2,0.37777778,Q25_50,0,1,2
7,91,4297,47,20,2,4,2,2,0.52222222,Q50_75,0,1,2
7,91,4132,45,37,2,4,2,2,0.5,Q50_75,0,0,2
7,91,8153,89,54,2,4,2,2,0.98888889,Q75_100,0,0,2
7,91,2044,22,42,2,4,2,2,0.24444444,Q0_25,0,0,2
7,91,291,3,18,2,3,1,2,0.03333333,Q0_25,0,0,2
7,91,3290,36,14,2,4,2,2,0.4,Q25_50,0,0,2
7,91,7308,80,28,2,4,2,2,0.88888889,Q75_100,0,0,2
7,91,8044,88,36,2,4,2,2,0.97777778,Q75_100,0,1,2
7,91,4696,51,55,2,4,2,2,0.56666667,Q50_75,0,1,2
7,91,1759,19,30,2,4,2,2,0.21111111,Q0_25,0,0,2
7,91,1762,19,33,2,4,2,2,0.21111111,Q0_25,0,1,2
7,91,1005,11,4,2,4,2,1,0.12222222,Q0_25,0,0,1
7,91,628,6,82,2,3,1,2,0.06666667,Q0_25,0,1,2
7,91,5777,63,44,2,4,2,2,0.7,Q50_75,0,0,2
7,91,1866,20,46,2,4,2,2,0.22222222,Q0_25,0,1,2
7,91,2907,31,86,2,4,2,2,0.34444444,Q25_50,0,1,2
7,91,163,1,72,2,3,1,2,0.01111111,Q0_25,0,0,2
7,91,7966,87,49,2,4,2,2,0.96666667,Q75_100,0,0,2
7,91,238,2,56,2,3,1,2,0.02222222,Q0_25,0,0,2
7,91,4107,45,12,2,4,2,2,0.5,Q50_75,0,1,2
7,91,2378,26,12,2,4,2,2,0.28888889,Q25_50,0,0,2
7,91,3927,43,14,2,4,2,2,0.47777778,Q25_50,0,0,2
7,91,4258,46,72,2,4,2,2,0.51111111,Q50_75,0,0,2
7,91,8056,88,48,2,4,2,2,0.97777778,Q75_100,0,1,2
7,91,8151,89,52,2,4,2,2,0.98888889,Q75_100,0,1,2
7,91,3436,37,69,2,4,2,2,0.41111111,Q25_50,0,1,2
7,91,4010,44,6,2,4,2,1,0.48888889,Q25_50,0,0,1
7,91,2589,28,41,2,4,2,2,0.31111111,Q25_50,0,0,2
7,91,6170,67,73,2,4,2,2,0.74444444,Q50_75,0,1,2
7,91,2987,32,75,2,4,2,2,0.35555556,Q25_50,0,1,2
7,91,3418,37,51,2,4,2,2,0.41111111,Q25_50,0,1,2
7,91,5347,58,69,2,4,2,2,0.64444444,Q50_75,0,0,2
7,91,3948,43,35,2,4,2,2,0.47777778,Q25_50,0,1,2
7,91,7451,81,80,2,4,2,2,0.9,Q75_100,0,1,2
7,91,7698,84,54,2,4,2,2,0.93333333,Q75_100,0,1,2
7,91,7764,85,29,2,4,2,2,0.94444444,Q75_100,0,0,2
7,91,5484,60,24,2,4,2,2,0.66666667,Q50_75,1,2,2
7,91,1391,15,26,2,4,2,2,0.16666667,Q0_25,0,1,2
7,91,997,10,87,2,3,2,2,0.11111111,Q0_25,0,1,2
7,91,5341,58,63,2,4,2,2,0.64444444,Q50_75,0,0,2
7,91,1562,17,15,2,4,2,2,0.18888889,Q0_25,1,2,2
7,91,6005,65,90,2,4,2,2,0.72222222,Q50_75,0,0,2
7,91,8165,89,66,2,4,2,2,0.98888889,Q75_100,0,1,2
7,91,2382,26,16,2,4,2,2,0.28888889,Q25_50,0,1,2
7,91,7207,79,18,2,4,2,2,0.87777778,Q75_100,0,1,2
7,91,3028,33,25,2,4,2,2,0.36666667,Q25_50,1,2,2
7,91,6021,66,15,2,4,2,2,0.73333333,Q50_75,0,1,2
7,91,4602,50,52,2,4,2,2,0.55555556,Q50_75,0,1,2
7,91,2597,28,49,2,4,2,2,0.31111111,Q25_50,0,1,2
7,91,725,7,88,2,3,1,2,0.07777778,Q0_25,0,0,2
7,91,5299,58,21,2,4,2,2,0.64444444,Q50_75,0,0,2
7,91,3484,38,26,2,4,2,2,0.42222222,Q25_50,0,1,2
7,91,541,5,86,2,3,1,2,0.05555556,Q0_25,0,0,2
7,91,2976,32,64,2,4,2,2,0.35555556,Q25_50,0,0,2
7,91,5757,63,24,2,4,2,2,0.7,Q50_75,0,1,2
7,91,1406,15,41,2,4,2,2,0.16666667,Q0_25,0,0,2
7,91,1883,20,63,2,4,2,2,0.22222222,Q0_25,0,0,2
7,91,1275,14,1,2,4,2,1,0.15555556,Q0_25,0,0,1
7,91,7711,84,67,2,4,2,2,0.93333333,Q75_100,0,0,2
7,91,1716,18,78,2,4,2,2,0.2,Q0_25,0,1,2
7,91,4659,51,18,2,4,2,2,0.56666667,Q50_75,0,1,2
7,91,568,6,22,2,3,1,2,0.06666667,Q0_25,0,0,2
7,91,5932,65,17,2,4,2,2,0.72222222,Q50_75,0,1,2
7,91,6857,75,32,2,4,2,2,0.83333333,Q75_100,0,1,2
7,91,7930,87,13,2,4,2,2,0.96666667,Q75_100,0,0,2
7,91,4990,54,76,2,4,2,2,0.6,Q50_75,0,0,2
7,91,4339,47,62,2,4,2,2,0.52222222,Q50_75,0,0,2
7,91,7212,79,23,2,4,2,2,0.87777778,Q75_100,1,2,2
7,91,6728,73,85,2,4,2,2,0.81111111,Q75_100,0,0,2
7,91,3828,42,6,2,4,2,1,0.46666667,Q25_50,0,0,1
7,91,2817,30,87,2,4,2,2,0.33333333,Q25_50,0,0,2
7,91,2481,27,24,2,4,2,2,0.3,Q25_50,1,2,2
7,91,1362,14,88,2,4,2,2,0.15555556,Q0_25,0,1,2
7,91,4727,51,86,2,4,2,2,0.56666667,Q50_75,0,0,2
7,91,5663,62,21,2,4,2,2,0.68888889,Q50_75,0,1,2
7,91,2692,29,53,2,4,2,2,0.32222222,Q25_50,0,1,2
7,91,2961,32,49,2,4,2,2,0.35555556,Q25_50,0,0,2
7,91,7562,83,9,2,4,2,1,0.92222222,Q75_100,0,0,1
7,91,3747,41,16,2,4,2,2,0.45555556,Q25_50,0,1,2
7,91,846,9,27,2,3,1,2,0.1,Q0_25,0,0,2
7,91,3485,38,27,2,4,2,2,0.42222222,Q25_50,0,1,2
7,91,2031,22,29,2,4,2,2,0.24444444,Q0_25,0,1,2
7,91,4457,48,89,2,4,2,2,0.53333333,Q50_75,0,1,2
7,91,646,7,9,2,3,1,1,0.07777778,Q0_25,1,1,1
7,91,30,0,30,2,2,1,2,0.0,Q0_25,0,0,2
7,91,7616,83,63,2,4,2,2,0.92222222,Q75_100,0,1,2
7,91,409,4,45,2,3,1,2,0.04444444,Q0_25,0,0,2
7,91,2160,23,67,2,4,2,2,0.25555556,Q25_50,0,1,2
7,91,6418,70,48,2,4,2,2,0.77777778,Q75_100,0,0,2
7,91,5701,62,59,2,4,2,2,0.68888889,Q50_75,0,0,2
7,91,8192,90,2,2,4,2,1,1.0,Q75_100,0,0,1
7,91,1423,15,58,2,4,2,2,0.16666667,Q0_25,0,1,2
7,91,154,1,63,2,3,1,2,0.01111111,Q0_25,0,0,2
7,91,5498,60,38,2,4,2,2,0.66666667,Q50_75,0,0,2
7,91,8144,89,45,2,4,2,2,0.98888889,Q75_100,0,0,2
7,91,731,8,3,2,3,1,1,0.08888889,Q0_25,0,0,1
7,91,1894,20,74,2,4,2,2,0.22222222,Q0_25,0,1,2
7,91,4187,46,1,2,4,2,1,0.51111111,Q50_75,0,0,1
7,91,6333,69,54,2,4,2,2,0.76666667,Q75_100,0,0,2
7,91,7623,83,70,2,4,2,2,0.92222222,Q75_100,0,1,2
7,91,540,5,85,2,3,1,2,0.05555556,Q0_25,0,1,2
7,91,488,5,33,2,3,1,2,0.05555556,Q0_25,0,1,2
7,91,5330,58,52,2,4,2,2,0.64444444,Q50_75,0,0,2
7,91,4051,44,47,2,4,2,2,0.48888889,Q25_50,0,1,2
7,91,7485,82,23,2,4,2,2,0.91111111,Q75_100,0,1,2
7,91,775,8,47,2,3,1,2,0.08888889,Q0_25,0,0,2
7,91,7454,81,83,2,4,2,2,0.9,Q75_100,0,1,2
7,91,4556,50,6,2,4,2,1,0.55555556,Q50_75,0,0,1
7,91,1621,17,74,2,4,2,2,0.18888889,Q0_25,0,1,2
7,91,6784,74,50,2,4,2,2,0.82222222,Q75_100,0,1,2
7,91,7316,80,36,2,4,2,2,0.88888889,Q75_100,0,1,2
7,91,170,1,79,2,3,1,2,0.01111111,Q0_25,0,0,2
7,91,2562,28,14,2,4,2,2,0.31111111,Q25_50,0,1,2
7,91,3616,39,67,2,4,2,2,0.43333333,Q25_50,0,1,2
7,91,7742,85,7,2,4,2,1,0.94444444,Q75_100,0,0,1
7,91,406,4,42,2,3,1,2,0.04444444,Q0_25,0,0,2
7,91,5494,60,34,2,4,2,2,0.66666667,Q50_75,0,0,2
7,91,1156,12,64,2,4,2,2,0.13333333,Q0_25,0,1,2
7,91,5913,64,89,2,4,2,2,0.71111111,Q50_75,0,0,2
7,91,7478,82,16,2,4,2,2,0.91111111,Q75_100,0,1,2
7,91,5015,55,10,2,4,2,2,0.61111111,Q50_75,0,1,2
7,91,8280,90,90,2,4,2,2,1.0,Q75_100,0,0,2
7,91,251,2,69,2,3,1,2,0.02222222,Q0_25,0,1,2
7,91,4150,45,55,2,4,2,2,0.5,Q50_75,0,1,2
7,91,1808,19,79,2,4,2,2,0.21111111,Q0_25,0,1,2
7,91,7245,79,56,2,4,2,2,0.87777778,Q75_100,0,1,2
7,91,6933,76,17,2,4,2,2,0.84444444,Q75_100,0,0,2
7,91,302,3,29,2,3,1,2,0.03333333,Q0_25,0,0,2
7,91,5718,62,76,2,4,2,2,0.68888889,Q50_75,0,1,2
7,91,8143,89,44,2,4,2,2,0.98888889,Q75_100,0,0,2
7,91,7824,85,89,2,4,2,2,0.94444444,Q75_100,0,0,2
7,91,7939,87,22,2,4,2,2,0.96666667,Q75_100,0,1,2
7,91,5365,58,87,2,4,2,2,0.64444444,Q50_75,0,1,2
7,91,5425,59,56,2,4,2,2,0.65555556,Q50_75,0,1,2
7,91,2759,30,29,2,4,2,2,0.33333333,Q25_50,0,1,2
7,91,2394,26,28,2,4,2,2,0.28888889,Q25_50,0,1,2
7,91,2887,31,66,2,4,2,2,0.34444444,Q25_50,0,0,2
7,91,5264,57,77,2,4,2,2,0.63333333,Q50_75,0,1,2
7,91,6471,71,10,2,4,2,2,0.78888889,Q75_100,0,1,2
7,91,7745,85,10,2,4,2,2,0.94444444,Q75_100,0,1,2
7,91,7527,82,65,2,4,2,2,0.91111111,Q75_100,0,1,2
7,91,7797,85,62,2,4,2,2,0.94444444,Q75_100,0,1,2
7,91,6376,70,6,2,4,2,1,0.77777778,Q75_100,0,0,1
7,91,7514,82,52,2,4,2,2,0.91111111,Q75_100,0,1,2
7,91,4237,46,51,2,4,2,2,0.51111111,Q50_75,0,0,2
7,91,6731,73,88,2,4,2,2,0.81111111,Q75_100,0,1,2
7,91,2516,27,59,2,4,2,2,0.3,Q25_50,0,1,2
7,91,588,6,42,2,3,1,2,0.06666667,Q0_25,0,1,2
7,91,7879,86,53,2,4,2,2,0.95555556,Q75_100,0,1,2
7,91,2354,25,79,2,4,2,2,0.27777778,Q25_50,0,1,2
7,91,799,8,71,2,3,1,2,0.08888889,Q0_25,0,1,2
7,91,6888,75,63,2,4,2,2,0.83333333,Q75_100,0,0,2
7,91,5855,64,31,2,4,2,2,0.71111111,Q50_75,0,1,2
7,91,6141,67,44,2,4,2,2,0.74444444,Q50_75,0,0,2
7,91,3863,42,41,2,4,2,2,0.46666667,Q25_50,0,1,2
7,91,1645,18,7,2,4,2,1,0.2,Q0_25,0,0,1
7,91,3084,33,81,2,4,2,2,0.36666667,Q25_50,0,0,2
7,91,7116,78,18,2,4,2,2,0.86666667,Q75_100,0,1,2
7,91,4095,45,0,2,4,2,1,0.5,Q50_75,0,0,1
7,91,5661,62,19,2,4,2,2,0.68888889,Q50_75,0,0,2
7,91,2896,31,75,2,4,2,2,0.34444444,Q25_50,0,1,2
7,91,1903,20,83,2,4,2,2,0.22222222,Q0_25,0,1,2
7,91,4840,53,17,2,4,2,2,0.58888889,Q50_75,0,1,2
7,91,6469,71,8,2,4,2,1,0.78888889,Q75_100,0,0,1
7,91,4892,53,69,2,4,2,2,0.58888889,Q50_75,0,0,2
7,91,5721,62,79,2,4,2,2,0.68888889,Q50_75,0,1,2
7,91,3381,37,14,2,4,2,2,0.41111111,Q25_50,0,1,2
7,91,1485,16,29,2,4,2,2,0.17777778,Q0_25,0,1,2
7,91,4570,50,20,2,4,2,2,0.55555556,Q50_75,0,1,2
7,91,4891,53,68,2,4,2,2,0.58888889,Q50_75,0,0,2
7,91,1989,21,78,2,4,2,2,0.23333333,Q0_25,0,1,2
7,91,845,9,26,2,3,1,2,0.1,Q0_25,0,0,2
7,91,6399,70,29,2,4,2,2,0.77777778,Q75_100,0,1,2
7,91,427,4,63,2,3,1,2,0.04444444,Q0_25,0,0,2
7,91,6261,68,73,2,4,2,2,0.75555556,Q75_100,1,2,2
7,91,7913,86,87,2,4,2,2,0.95555556,Q75_100,0,0,2
7,91,261,2,79,2,3,1,2,0.02222222,Q0_25,0,0,2
7,91,5825,64,1,2,4,2,1,0.71111111,Q50_75,0,0,1
7,91,7172,78,74,2,4,2,2,0.86666667,Q75_100,0,1,2
7,91,6625,72,73,2,4,2,2,0.8,Q75_100,1,2,2
7,91,5405,59,36,2,4,2,2,0.65555556,Q50_75,0,1,2
7,91,2280,25,5,2,4,2,1,0.27777778,Q25_50,0,0,1
7,91,7595,83,42,2,4,2,2,0.92222222,Q75_100,0,1,2
7,91,83,0,83,2,2,1,2,0.0,Q0_25,0,0,2
7,91,3564,39,15,2,4,2,2,0.43333333,Q25_50,0,1,2
7,91,5037,55,32,2,4,2,2,0.61111111,Q50_75,0,0,2
7,91,1133,12,41,2,4,2,2,0.13333333,Q0_25,0,0,2
7,91,242,2,60,2,3,1,2,0.02222222,Q0_25,0,0,2
7,91,4398,48,30,2,4,2,2,0.53333333,Q50_75,0,0,2
7,91,6434,70,64,2,4,2,2,0.77777778,Q75_100,0,1,2
7,91,6053,66,47,2,4,2,2,0.73333333,Q50_75,0,1,2
7,91,630,6,84,2,3,1,2,0.06666667,Q0_25,0,0,2
7,91,4006,44,2,2,4,2,1,0.48888889,Q25_50,0,0,1
7,91,3482,38,24,2,4,2,2,0.42222222,Q25_50,0,1,2
7,91,6299,69,20,2,4,2,2,0.76666667,Q75_100,0,0,2
7,91,3924,43,11,2,4,2,2,0.47777778,Q25_50,0,0,2
7,91,6464,71,3,2,4,2,1,0.78888889,Q75_100,0,0,1
7,91,5474,60,14,2,4,2,2,0.66666667,Q50_75,1,2,2
7,91,4212,46,26,2,4,2,2,0.51111111,Q50_75,0,1,2
7,91,3845,42,23,2,4,2,2,0.46666667,Q25_50,0,1,2
7,91,2672,29,33,2,4,2,2,0.32222222,Q25_50,0,1,2
7,91,7101,78,3,2,4,2,1,0.86666667,Q75_100,0,0,1
7,91,1853,20,33,2,4,2,2,0.22222222,Q0_25,0,1,2
7,91,1538,16,82,2,4,2,2,0.17777778,Q0_25,0,0,2
7,91,3727,40,87,2,4,2,2,0.44444444,Q25_50,0,0,2
7,91,7228,79,39,2,4,2,2,0.87777778,Q75_100,0,0,2
7,91,711,7,74,2,3,1,2,0.07777778,Q0_25,0,1,2
7,91,7902,86,76,2,4,2,2,0.95555556,Q75_100,0,0,2
7,91,6140,67,43,2,4,2,2,0.74444444,Q50_75,0,0,2
7,91,2258,24,74,2,4,2,2,0.26666667,Q25_50,0,0,2
7,91,3087,33,84,2,4,2,2,0.36666667,Q25_50,0,0,2
7,91,3557,39,8,2,4,2,1,0.43333333,Q25_50,0,0,1
7,91,5693,62,51,2,4,2,2,0.68888889,Q50_75,0,1,2
7,91,1810,19,81,2,4,2,2,0.21111111,Q0_25,0,0,2
7,91,4029,44,25,2,4,2,2,0.48888889,Q25_50,1,2,2
7,91,651,7,14,2,3,1,2,0.07777778,Q0_25,0,1,2
7,91,7329,80,49,2,4,2,2,0.88888889,Q75_100,0,0,2
7,91,5713,62,71,2,4,2,2,0.68888889,Q50_75,0,1,2
7,91,8034,88,26,2,4,2,2,0.97777778,Q75_100,0,1,2
7,91,6711,73,68,2,4,2,2,0.81111111,Q75_100,0,0,2
7,91,1062,11,61,2,4,2,2,0.12222222,Q0_25,0,0,2
7,91,6543,71,82,2,4,2,2,0.78888889,Q75_100,0,1,2
7,91,7607,83,54,2,4,2,2,0.92222222,Q75_100,0,1,2
7,91,3529,38,71,2,4,2,2,0.42222222,Q25_50,0,0,2
7,91,2809,30,79,2,4,2,2,0.33333333,Q25_50,0,1,2
7,91,7209,79,20,2,4,2,2,0.87777778,Q75_100,0,0,2
7,91,608,6,62,2,3,1,2,0.06666667,Q0_25,0,0,2
7,91,3160,34,66,2,4,2,2,0.37777778,Q25_50,0,1,2
7,91,286,3,13,2,3,1,2,0.03333333,Q0_25,0,0,2
7,91,396,4,32,2,3,1,2,0.04444444,Q0_25,0,0,2
7,91,4920,54,6,2,4,2,1,0.6,Q50_75,0,0,1
7,91,2828,31,7,2,4,2,1,0.34444444,Q25_50,0,0,1
7,91,3685,40,45,2,4,2,2,0.44444444,Q25_50,1,2,2
7,91,7680,84,36,2,4,2,2,0.93333333,Q75_100,0,0,2
7,91,2070,22,68,2,4,2,2,0.24444444,Q0_25,0,1,2
7,91,3824,42,2,2,4,2,1,0.46666667,Q25_50,0,0,1
7,91,3751,41,20,2,4,2,2,0.45555556,Q25_50,0,1,2
7,91,2464,27,7,2,4,2,1,0.3,Q25_50,1,1,1
7,91,3716,40,76,2,4,2,2,0.44444444,Q25_50,0,1,2
7,91,72,0,72,2,2,1,2,0.0,Q0_25,0,0,2
7,91,277,3,4,2,3,1,1,0.03333333,Q0_25,0,0,1
7,91,2690,29,51,2,4,2,2,0.32222222,Q25_50,0,1,2
7,91,6359,69,80,2,4,2,2,0.76666667,Q75_100,0,0,2
7,91,3746,41,15,2,4,2,2,0.45555556,Q25_50,0,1,2
7,91,3323,36,47,2,4,2,2,0.4,Q25_50,0,0,2
7,91,3165,34,71,2,4,2,2,0.37777778,Q25_50,0,0,2
7,91,4246,46,60,2,4,2,2,0.51111111,Q50_75,0,0,2
7,91,8272,90,82,2,4,2,2,1.0,Q75_100,0,1,2
7,91,3717,40,77,2,4,2,2,0.44444444,Q25_50,0,1,2
7,91,6428,70,58,2,4,2,2,0.77777778,Q75_100,0,1,2
7,91,899,9,80,2,3,1,2,0.1,Q0_25,0,0,2
7,91,6048,66,42,2,4,2,2,0.73333333,Q50_75,0,0,2
7,91,6831,75,6,2,4,2,1,0.83333333,Q75_100,0,0,1
7,91,6142,67,45,2,4,2,2,0.74444444,Q50_75,0,0,2
7,91,3236,35,51,2,4,2,2,0.38888889,Q25_50,0,1,2
7,91,2155,23,62,2,4,2,2,0.25555556,Q25_50,0,1,2
7,91,3749,41,18,2,4,2,2,0.45555556,Q25_50,0,1,2
7,91,3667,40,27,2,4,2,2,0.44444444,Q25_50,0,1,2
7,91,3666,40,26,2,4,2,2,0.44444444,Q25_50,0,1,2
7,91,5127,56,31,2,4,2,2,0.62222222,Q50_75,0,0,2
7,91,6645,73,2,2,4,2,1,0.81111111,Q75_100,0,0,1
7,91,7165,78,67,2,4,2,2,0.86666667,Q75_100,0,1,2
7,91,1175,12,83,2,4,2,2,0.13333333,Q0_25,0,0,2
7,91,5516,60,56,2,4,2,2,0.66666667,Q50_75,0,1,2
7,91,8116,89,17,2,4,2,2,0.98888889,Q75_100,0,1,2
7,91,4001,43,88,2,4,2,2,0.47777778,Q25_50,0,1,2
7,91,3918,43,5,2,4,2,1,0.47777778,Q25_50,1,1,1
7,91,2424,26,58,2,4,2,2,0.28888889,Q25_50,0,1,2
7,91,3017,33,14,2,4,2,2,0.36666667,Q25_50,0,1,2
7,91,6825,75,0,2,4,2,1,0.83333333,Q75_100,0,0,1
7,91,2069,22,67,2,4,2,2,0.24444444,Q0_25,0,0,2
7,91,3923,43,10,2,4,2,2,0.47777778,Q25_50,0,1,2
7,91,352,3,79,2,3,1,2,0.03333333,Q0_25,0,1,2
7,91,5838,64,14,2,4,2,2,0.71111111,Q50_75,0,1,2
7,91,1271,13,88,2,4,2,2,0.14444444,Q0_25,0,1,2
7,91,1039,11,38,2,4,2,2,0.12222222,Q0_25,0,0,2
7,91,2466,27,9,2,4,2,1,0.3,Q25_50,0,0,1
7,91,1693,18,55,2,4,2,2,0.2,Q0_25,1,2,2
7,91,7833,86,7,2,4,2,1,0.95555556,Q75_100,1,1,1
7,91,7653,84,9,2,4,2,1,0.93333333,Q75_100,0,0,1
7,91,8004,87,87,2,4,2,2,0.96666667,Q75_100,1,2,2
7,91,6159,67,62,2,4,2,2,0.74444444,Q50_75,0,1,2
7,91,8027,88,19,2,4,2,2,0.97777778,Q75_100,0,0,2
7,91,7784,85,49,2,4,2,2,0.94444444,Q75_100,0,0,2
7,91,6363,69,84,2,4,2,2,0.76666667,Q75_100,0,1,2
7,91,3188,35,3,2,4,2,1,0.38888889,Q25_50,0,0,1
7,91,2557,28,9,2,4,2,1,0.31111111,Q25_50,0,0,1
7,91,4896,53,73,2,4,2,2,0.58888889,Q50_75,0,1,2
7,91,3763,41,32,2,4,2,2,0.45555556,Q25_50,0,1,2
7,91,7125,78,27,2,4,2,2,0.86666667,Q75_100,0,1,2
7,91,500,5,45,2,3,1,2,0.05555556,Q0_25,0,0,2
7,91,4549,49,90,2,4,2,2,0.54444444,Q50_75,0,0,2
7,91,7399,81,28,2,4,2,2,0.9,Q75_100,0,1,2
7,91,1494,16,38,2,4,2,2,0.17777778,Q0_25,0,0,2
7,91,97,1,6,2,2,1,1,0.01111111,Q0_25,0,0,1
7,91,2493,27,36,2,4,2,2,0.3,Q25_50,0,0,2
7,91,3767,41,36,2,4,2,2,0.45555556,Q25_50,0,1,2
7,91,4214,46,28,2,4,2,2,0.51111111,Q50_75,0,1,2
7,91,3928,43,15,2,4,2,2,0.47777778,Q25_50,0,1,2
7,91,2638,28,90,2,4,2,2,0.31111111,Q25_50,0,0,2
7,91,203,2,21,2,3,1,2,0.02222222,Q0_25,0,1,2
7,91,2130,23,37,2,4,2,2,0.25555556,Q25_50,0,1,2
7,91,5969,65,54,2,4,2,2,0.72222222,Q50_75,0,1,2
7,91,4308,47,31,2,4,2,2,0.52222222,Q50_75,0,1,2
7,91,2384,26,18,2,4,2,2,0.28888889,Q25_50,0,1,2
7,91,6231,68,43,2,4,2,2,0.75555556,Q75_100,0,1,2
7,91,512,5,57,2,3,1,2,0.05555556,Q0_25,0,0,2
7,91,976,10,66,2,3,2,2,0.11111111,Q0_25,0,0,2
7,91,3959,43,46,2,4,2,2,0.47777778,Q25_50,0,1,2
7,91,1734,19,5,2,4,2,1,0.21111111,Q0_25,0,0,1
7,91,7873,86,47,2,4,2,2,0.95555556,Q75_100,0,1,2
7,91,1043,11,42,2,4,2,2,0.12222222,Q0_25,0,0,2
7,91,1547,17,0,2,4,2,1,0.18888889,Q0_25,0,0,1
7,91,5824,64,0,2,4,2,1,0.71111111,Q50_75,0,0,1
7,91,67,0,67,2,2,1,2,0.0,Q0_25,0,0,2
7,91,6505,71,44,2,4,2,2,0.78888889,Q75_100,1,2,2
7,91,4762,52,30,2,4,2,2,0.57777778,Q50_75,0,1,2
7,91,4388,48,20,2,4,2,2,0.53333333,Q50_75,0,0,2
7,91,4468,49,9,2,4,2,1,0.54444444,Q50_75,0,0,1
7,91,4895,53,72,2,4,2,2,0.58888889,Q50_75,0,1,2
7,91,7651,84,7,2,4,2,1,0.93333333,Q75_100,0,0,1
7,91,1426,15,61,2,4,2,2,0.16666667,Q0_25,0,0,2
7,91,4667,51,26,2,4,2,2,0.56666667,Q50_75,0,1,2
7,91,7162,78,64,2,4,2,2,0.86666667,Q75_100,0,1,2
7,91,956,10,46,2,3,2,2,0.11111111,Q0_25,0,0,2
7,91,6998,76,82,2,4,2,2,0.84444444,Q75_100,0,0,2
7,91,3410,37,43,2,4,2,2,0.41111111,Q25_50,0,0,2
7,91,4820,52,88,2,4,2,2,0.57777778,Q50_75,0,0,2
7,91,1348,14,74,2,4,2,2,0.15555556,Q0_25,0,1,2
7,91,5864,64,40,2,4,2,2,0.71111111,Q50_75,0,1,2
7,91,3756,41,25,2,4,2,2,0.45555556,Q25_50,1,2,2
7,91,609,6,63,2,3,1,2,0.06666667,Q0_25,0,0,2
7,91,5271,57,84,2,4,2,2,0.63333333,Q50_75,1,2,2
7,91,901,9,82,2,3,1,2,0.1,Q0_25,0,0,2
7,91,6195,68,7,2,4,2,1,0.75555556,Q75_100,0,0,1
7,91,4957,54,43,2,4,2,2,0.6,Q50_75,0,0,2
7,91,5666,62,24,2,4,2,2,0.68888889,Q50_75,0,1,2
7,91,1451,15,86,2,4,2,2,0.16666667,Q0_25,0,1,2
7,91,2365,25,90,2,4,2,2,0.27777778,Q25_50,0,0,2
7,91,3528,38,70,2,4,2,2,0.42222222,Q25_50,0,0,2
7,91,6194,68,6,2,4,2,1,0.75555556,Q75_100,0,0,1
7,91,4293,47,16,2,4,2,2,0.52222222,Q50_75,0,1,2
7,91,629,6,83,2,3,1,2,0.06666667,Q0_25,0,0,2
7,91,4116,45,21,2,4,2,2,0.5,Q50_75,0,0,2
7,91,1131,12,39,2,4,2,2,0.13333333,Q0_25,0,0,2
7,91,8219,90,29,2,4,2,2,1.0,Q75_100,0,0,2
7,91,6015,66,9,2,4,2,1,0.73333333,Q50_75,0,0,1
7,91,7924,87,7,2,4,2,1,0.96666667,Q75_100,0,0,1
7,91,6316,69,37,2,4,2,2,0.76666667,Q75_100,0,1,2
7,91,1259,13,76,2,4,2,2,0.14444444,Q0_25,0,0,2
7,91,746,8,18,2,3,1,2,0.08888889,Q0_25,0,1,2
7,91,3078,33,75,2,4,2,2,0.36666667,Q25_50,0,1,2
7,91,3455,37,88,2,4,2,2,0.41111111,Q25_50,0,1,2
7,91,1579,17,32,2,4,2,2,0.18888889,Q0_25,0,0,2
7,91,5476,60,16,2,4,2,2,0.66666667,Q50_75,0,1,2
7,91,6552,72,0,2,4,2,1,0.8,Q75_100,0,0,1
7,91,3131,34,37,2,4,2,2,0.37777778,Q25_50,0,0,2
7,91,7445,81,74,2,4,2,2,0.9,Q75_100,1,2,2
7,91,5990,65,75,2,4,2,2,0.72222222,Q50_75,0,0,2
7,91,4976,54,62,2,4,2,2,0.6,Q50_75,0,0,2
7,91,254,2,72,2,3,1,2,0.02222222,Q0_25,0,0,2
7,91,944,10,34,2,3,2,2,0.11111111,Q0_25,0,0,2
7,91,6135,67,38,2,4,2,2,0.74444444,Q50_75,0,0,2
7,91,8076,88,68,2,4,2,2,0.97777778,Q75_100,0,1,2
7,91,3311,36,35,2,4,2,2,0.4,Q25_50,1,2,2
7,91,2400,26,34,2,4,2,2,0.28888889,Q25_50,0,1,2
7,91,3021,33,18,2,4,2,2,0.36666667,Q25_50,0,0,2
7,91,4672,51,31,2,4,2,2,0.56666667,Q50_75,0,1,2
7,91,1033,11,32,2,4,2,2,0.12222222,Q0_25,0,0,2
7,91,4458,48,90,2,4,2,2,0.53333333,Q50_75,0,0,2
7,91,7646,84,2,2,4,2,1,0.93333333,Q75_100,0,0,1
7,91,2487,27,30,2,4,2,2,0.3,Q25_50,0,0,2
7,91,3320,36,44,2,4,2,2,0.4,Q25_50,0,0,2
7,91,5994,65,79,2,4,2,2,0.72222222,Q50_75,0,0,2
7,91,3187,35,2,2,4,2,1,0.38888889,Q25_50,0,0,1
7,91,2060,22,58,2,4,2,2,0.24444444,Q0_25,0,1,2
7,91,2338,25,63,2,4,2,2,0.27777778,Q25_50,0,1,2
7,91,4865,53,42,2,4,2,2,0.58888889,Q50_75,0,1,2
7,91,4249,46,63,2,4,2,2,0.51111111,Q50_75,0,0,2
7,91,5545,60,85,2,4,2,2,0.66666667,Q50_75,0,1,2
7,91,1920,21,9,2,4,2,1,0.23333333,Q0_25,0,0,1
7,91,3967,43,54,2,4,2,2,0.47777778,Q25_50,0,1,2
7,91,3661,40,21,2,4,2,2,0.44444444,Q25_50,0,1,2
7,91,3737,41,6,2,4,2,1,0.45555556,Q25_50,0,0,1
7,91,7305,80,25,2,4,2,2,0.88888889,Q75_100,0,1,2
7,91,6680,73,37,2,4,2,2,0.81111111,Q75_100,0,1,2
7,91,3062,33,59,2,4,2,2,0.36666667,Q25_50,0,1,2
7,91,7117,78,19,2,4,2,2,0.86666667,Q75_100,0,1,2
7,91,3481,38,23,2,4,2,2,0.42222222,Q25_50,0,1,2
7,91,1649,18,11,2,4,2,2,0.2,Q0_25,0,0,2
7,91,8102,89,3,2,4,2,1,0.98888889,Q75_100,0,0,1
7,91,3004,33,1,2,4,2,1,0.36666667,Q25_50,0,0,1
7,91,4379,48,11,2,4,2,2,0.53333333,Q50_75,0,0,2
7,91,7281,80,1,2,4,2,1,0.88888889,Q75_100,0,0,1
7,91,2814,30,84,2,4,2,2,0.33333333,Q25_50,0,0,2
7,91,782,8,54,2,3,1,2,0.08888889,Q0_25,0,0,2
7,91,6724,73,81,2,4,2,2,0.81111111,Q75_100,0,0,2
7,91,198,2,16,2,3,1,2,0.02222222,Q0_25,0,1,2
7,91,5111,56,15,2,4,2,2,0.62222222,Q50_75,1,2,2
7,91,1652,18,14,2,4,2,2,0.2,Q0_25,0,1,2
7,91,678,7,41,2,3,1,2,0.07777778,Q0_25,0,0,2
7,91,8041,88,33,2,4,2,2,0.97777778,Q75_100,0,1,2
7,91,2747,30,17,2,4,2,2,0.33333333,Q25_50,0,1,2
7,91,3633,39,84,2,4,2,2,0.43333333,Q25_50,0,0,2
7,91,3341,36,65,2,4,2,2,0.4,Q25_50,0,1,2
7,91,1266,13,83,2,4,2,2,0.14444444,Q0_25,0,1,2
7,91,3731,41,0,2,4,2,1,0.45555556,Q25_50,0,0,1
7,91,5623,61,72,2,4,2,2,0.67777778,Q50_75,0,1,2
7,91,7319,80,39,2,4,2,2,0.88888889,Q75_100,0,1,2
7,91,6847,75,22,2,4,2,2,0.83333333,Q75_100,0,1,2
7,91,7958,87,41,2,4,2,2,0.96666667,Q75_100,0,1,2
7,91,5104,56,8,2,4,2,1,0.62222222,Q50_75,0,0,1
7,91,4589,50,39,2,4,2,2,0.55555556,Q50_75,0,1,2
7,91,4047,44,43,2,4,2,2,0.48888889,Q25_50,0,0,2
7,91,2936,32,24,2,4,2,2,0.35555556,Q25_50,0,1,2
7,91,1999,21,88,2,4,2,2,0.23333333,Q0_25,0,1,2
7,91,4333,47,56,2,4,2,2,0.52222222,Q50_75,0,0,2
7,91,1196,13,13,2,4,2,2,0.14444444,Q0_25,0,1,2
7,91,2908,31,87,2,4,2,2,0.34444444,Q25_50,0,1,2
7,91,7782,85,47,2,4,2,2,0.94444444,Q75_100,0,1,2
7,91,5937,65,22,2,4,2,2,0.72222222,Q50_75,0,1,2
7,91,418,4,54,2,3,1,2,0.04444444,Q0_25,0,1,2
7,91,4486,49,27,2,4,2,2,0.54444444,Q50_75,0,1,2
7,91,5495,60,35,2,4,2,2,0.66666667,Q50_75,0,0,2
7,91,1531,16,75,2,4,2,2,0.17777778,Q0_25,1,2,2
7,91,3608,39,59,2,4,2,2,0.43333333,Q25_50,0,1,2
7,91,5335,58,57,2,4,2,2,0.64444444,Q50_75,0,0,2
7,91,5899,64,75,2,4,2,2,0.71111111,Q50_75,1,2,2
7,91,6759,74,25,2,4,2,2,0.82222222,Q75_100,1,2,2
7,91,4069,44,65,2,4,2,2,0.48888889,Q25_50,0,1,2
7,91,5604,61,53,2,4,2,2,0.67777778,Q50_75,0,1,2
7,91,2781,30,51,2,4,2,2,0.33333333,Q25_50,0,1,2
7,91,412,4,48,2,3,1,2,0.04444444,Q0_25,0,0,2
7,91,1713,18,75,2,4,2,2,0.2,Q0_25,1,2,2
7,91,5952,65,37,2,4,2,2,0.72222222,Q50_75,0,1,2
7,91,2816,30,86,2,4,2,2,0.33333333,Q25_50,0,0,2
7,91,5597,61,46,2,4,2,2,0.67777778,Q50_75,0,1,2
7,91,6451,70,81,2,4,2,2,0.77777778,Q75_100,0,1,2
7,91,1540,16,84,2,4,2,2,0.17777778,Q0_25,0,1,2
7,91,5442,59,73,2,4,2,2,0.65555556,Q50_75,0,1,2
7,91,1974,21,63,2,4,2,2,0.23333333,Q0_25,0,0,2
7,91,4911,53,88,2,4,2,2,0.58888889,Q50_75,0,0,2
7,91,2983,32,71,2,4,2,2,0.35555556,Q25_50,0,1,2
7,91,7721,84,77,2,4,2,2,0.93333333,Q75_100,0,1,2
7,91,5218,57,31,2,4,2,2,0.63333333,Q50_75,0,0,2
7,91,5783,63,50,2,4,2,2,0.7,Q50_75,0,1,2
7,91,369,4,5,2,3,1,1,0.04444444,Q0_25,0,0,1
7,91,5352,58,74,2,4,2,2,0.64444444,Q50_75,1,2,2
7,91,1178,12,86,2,4,2,2,0.13333333,Q0_25,0,0,2
7,91,3998,43,85,2,4,2,2,0.47777778,Q25_50,1,2,2
7,91,6351,69,72,2,4,2,2,0.76666667,Q75_100,0,1,2
7,91,5902,64,78,2,4,2,2,0.71111111,Q50_75,0,0,2
7,91,6877,75,52,2,4,2,2,0.83333333,Q75_100,0,1,2
7,91,5179,56,83,2,4,2,2,0.62222222,Q50_75,0,0,2
7,91,6529,71,68,2,4,2,2,0.78888889,Q75_100,0,1,2
7,91,1730,19,1,2,4,2,1,0.21111111,Q0_25,0,0,1
7,91,3313,36,37,2,4,2,2,0.4,Q25_50,0,1,2
7,91,188,2,6,2,3,1,1,0.02222222,Q0_25,0,0,1
7,91,2571,28,23,2,4,2,2,0.31111111,Q25_50,0,1,2
7,91,5870,64,46,2,4,2,2,0.71111111,Q50_75,0,0,2
7,91,1597,17,50,2,4,2,2,0.18888889,Q0_25,0,0,2
7,91,6531,71,70,2,4,2,2,0.78888889,Q75_100,0,1,2
7,91,4688,51,47,2,4,2,2,0.56666667,Q50_75,0,1,2
7,91,1003,11,2,2,4,2,1,0.12222222,Q0_25,0,0,1
7,91,736,8,8,2,3,1,1,0.08888889,Q0_25,0,0,1
7,91,601,6,55,2,3,1,2,0.06666667,Q0_25,0,0,2
7,91,922,10,12,2,3,2,2,0.11111111,Q0_25,0,0,2
7,91,3261,35,76,2,4,2,2,0.38888889,Q25_50,0,1,2
7,91,6219,68,31,2,4,2,2,0.75555556,Q75_100,0,0,2
7,91,3375,37,8,2,4,2,1,0.41111111,Q25_50,0,0,1
7,91,7237,79,48,2,4,2,2,0.87777778,Q75_100,0,1,2
7,91,3449,37,82,2,4,2,2,0.41111111,Q25_50,0,0,2
7,91,5337,58,59,2,4,2,2,0.64444444,Q50_75,0,0,2
7,91,689,7,52,2,3,1,2,0.07777778,Q0_25,0,0,2
7,91,2527,27,70,2,4,2,2,0.3,Q25_50,0,0,2
7,91,1440,15,75,2,4,2,2,0.16666667,Q0_25,0,1,2
7,91,1756,19,27,2,4,2,2,0.21111111,Q0_25,0,1,2
7,91,5012,55,7,2,4,2,1,0.61111111,Q50_75,0,0,1
7,91,3691,40,51,2,4,2,2,0.44444444,Q25_50,0,1,2
7,91,3532,38,74,2,4,2,2,0.42222222,Q25_50,0,1,2
7,91,806,8,78,2,3,1,2,0.08888889,Q0_25,0,0,2
7,91,6250,68,62,2,4,2,2,0.75555556,Q75_100,0,1,2
7,91,12,0,12,2,2,1,2,0.0,Q0_25,0,0,2
7,91,5514,60,54,2,4,2,2,0.66666667,Q50_75,1,2,2
7,91,6806,74,72,2,4,2,2,0.82222222,Q75_100,0,1,2
7,91,6592,72,40,2,4,2,2,0.8,Q75_100,0,1,2
7,91,4084,44,80,2,4,2,2,0.48888889,Q25_50,0,0,2
7,91,5374,59,5,2,4,2,1,0.65555556,Q50_75,0,0,1
7,91,4106,45,11,2,4,2,2,0.5,Q50_75,0,1,2
7,91,1776,19,47,2,4,2,2,0.21111111,Q0_25,0,0,2
7,91,4984,54,70,2,4,2,2,0.6,Q50_75,0,1,2
7,91,7154,78,56,2,4,2,2,0.86666667,Q75_100,0,0,2
7,91,6320,69,41,2,4,2,2,0.76666667,Q75_100,0,0,2
7,91,3807,41,76,2,4,2,2,0.45555556,Q25_50,0,1,2
7,91,16,0,16,2,2,1,2,0.0,Q0_25,0,0,2
7,91,4288,47,11,2,4,2,2,0.52222222,Q50_75,0,1,2
7,91,4541,49,82,2,4,2,2,0.54444444,Q50_75,0,1,2
7,91,47,0,47,2,2,1,2,0.0,Q0_25,0,1,2
7,91,8101,89,2,2,4,2,1,0.98888889,Q75_100,0,0,1
7,91,1916,21,5,2,4,2,1,0.23333333,Q0_25,1,1,1
7,91,7425,81,54,2,4,2,2,0.9,Q75_100,0,1,2
7,91,2327,25,52,2,4,2,2,0.27777778,Q25_50,0,1,2
7,91,8026,88,18,2,4,2,2,0.97777778,Q75_100,0,0,2
7,91,6444,70,74,2,4,2,2,0.77777778,Q75_100,1,2,2
7,91,8061,88,53,2,4,2,2,0.97777778,Q75_100,0,1,2
7,91,5016,55,11,2,4,2,2,0.61111111,Q50_75,0,1,2
7,91,2968,32,56,2,4,2,2,0.35555556,Q25_50,0,1,2
7,91,3750,41,19,2,4,2,2,0.45555556,Q25_50,0,0,2
7,91,7738,85,3,2,4,2,1,0.94444444,Q75_100,1,1,1
7,91,5201,57,14,2,4,2,2,0.63333333,Q50_75,1,2,2
7,91,3568,39,19,2,4,2,2,0.43333333,Q25_50,0,1,2
7,91,3199,35,14,2,4,2,2,0.38888889,Q25_50,0,1,2
7,91,64,0,64,2,2,1,2,0.0,Q0_25,0,0,2
7,91,7112,78,14,2,4,2,2,0.86666667,Q75_100,0,1,2
7,91,6401,70,31,2,4,2,2,0.77777778,Q75_100,0,1,2
7,91,2254,24,70,2,4,2,2,0.26666667,Q25_50,0,0,2
7,91,3186,35,1,2,4,2,1,0.38888889,Q25_50,0,0,1
7,91,6771,74,37,2,4,2,2,0.82222222,Q75_100,0,1,2
7,91,2285,25,10,2,4,2,2,0.27777778,Q25_50,0,1,2
7,91,3934,43,21,2,4,2,2,0.47777778,Q25_50,0,1,2
7,91,5209,57,22,2,4,2,2,0.63333333,Q50_75,0,0,2
7,91,5044,55,39,2,4,2,2,0.61111111,Q50_75,0,1,2
7,91,7012,77,5,2,4,2,1,0.85555556,Q75_100,0,0,1
7,91,4974,54,60,2,4,2,2,0.6,Q50_75,0,0,2
7,91,6475,71,14,2,4,2,2,0.78888889,Q75_100,1,2,2
7,91,6532,71,71,2,4,2,2,0.78888889,Q75_100,0,1,2
7,91,1410,15,45,2,4,2,2,0.16666667,Q0_25,0,1,2
7,91,7458,81,87,2,4,2,2,0.9,Q75_100,0,1,2
7,91,121,1,30,2,3,1,2,0.01111111,Q0_25,0,0,2
7,91,7129,78,31,2,4,2,2,0.86666667,Q75_100,0,0,2
7,91,3415,37,48,2,4,2,2,0.41111111,Q25_50,0,0,2
7,91,3784,41,53,2,4,2,2,0.45555556,Q25_50,0,1,2
7,91,7296,80,16,2,4,2,2,0.88888889,Q75_100,0,0,2
7,91,908,9,89,2,3,1,2,0.1,Q0_25,1,2,2
7,91,4405,48,37,2,4,2,2,0.53333333,Q50_75,0,1,2
7,91,3263,35,78,2,4,2,2,0.38888889,Q25_50,0,1,2
7,91,4391,48,23,2,4,2,2,0.53333333,Q50_75,0,1,2
7,91,65,0,65,2,2,1,2,0.0,Q0_25,0,1,2
7,91,1409,15,44,2,4,2,2,0.16666667,Q0_25,0,0,2
7,91,7919,87,2,2,4,2,1,0.96666667,Q75_100,0,0,1
7,91,1287,14,13,2,4,2,2,0.15555556,Q0_25,0,1,2
7,91,3377,37,10,2,4,2,2,0.41111111,Q25_50,0,0,2
7,91,6262,68,74,2,4,2,2,0.75555556,Q75_100,0,1,2
7,91,2777,30,47,2,4,2,2,0.33333333,Q25_50,0,0,2
7,91,2899,31,78,2,4,2,2,0.34444444,Q25_50,0,1,2
7,91,6849,75,24,2,4,2,2,0.83333333,Q75_100,0,1,2
7,91,5938,65,23,2,4,2,2,0.72222222,Q50_75,0,1,2
7,91,2018,22,16,2,4,2,2,0.24444444,Q0_25,0,1,2
7,91,2025,22,23,2,4,2,2,0.24444444,Q0_25,1,2,2
7,91,2951,32,39,2,4,2,2,0.35555556,Q25_50,0,0,2
7,91,1889,20,69,2,4,2,2,0.22222222,Q0_25,0,0,2
7,91,4701,51,60,2,4,2,2,0.56666667,Q50_75,0,1,2
7,91,3144,34,50,2,4,2,2,0.37777778,Q25_50,0,1,2
7,91,2094,23,1,2,4,2,1,0.25555556,Q25_50,0,0,1
7,91,4306,47,29,2,4,2,2,0.52222222,Q50_75,0,0,2
7,91,4301,47,24,2,4,2,2,0.52222222,Q50_75,0,0,2
7,91,4789,52,57,2,4,2,2,0.57777778,Q50_75,0,1,2
7,91,6564,72,12,2,4,2,2,0.8,Q75_100,0,1,2
7,91,4783,52,51,2,4,2,2,0.57777778,Q50_75,0,1,2
7,91,1000,10,90,2,4,2,2,0.11111111,Q0_25,0,0,2
7,91,7740,85,5,2,4,2,1,0.94444444,Q75_100,0,0,1
7,91,1,0,1,2,1,1,1,0.0,Q0_25,0,0,1
7,91,2114,23,21,2,4,2,2,0.25555556,Q25_50,0,0,2
7,91,2223,24,39,2,4,2,2,0.26666667,Q25_50,0,1,2
7,91,6698,73,55,2,4,2,2,0.81111111,Q75_100,1,2,2
7,91,5771,63,38,2,4,2,2,0.7,Q50_75,0,1,2
7,91,6665,73,22,2,4,2,2,0.81111111,Q75_100,0,1,2
7,91,1225,13,42,2,4,2,2,0.14444444,Q0_25,0,0,2
7,91,5576,61,25,2,4,2,2,0.67777778,Q50_75,0,1,2
7,91,3988,43,75,2,4,2,2,0.47777778,Q25_50,1,2,2
7,91,1329,14,55,2,4,2,2,0.15555556,Q0_25,1,2,2
7,91,3010,33,7,2,4,2,1,0.36666667,Q25_50,0,0,1
7,91,1675,18,37,2,4,2,2,0.2,Q0_25,0,1,2
7,91,7138,78,40,2,4,2,2,0.86666667,Q75_100,0,0,2
7,91,1457,16,1,2,4,2,1,0.17777778,Q0_25,0,0,1
7,91,2186,24,2,2,4,2,1,0.26666667,Q25_50,0,0,1
7,91,717,7,80,2,3,1,2,0.07777778,Q0_25,0,0,2
7,91,5144,56,48,2,4,2,2,0.62222222,Q50_75,0,0,2
7,91,5265,57,78,2,4,2,2,0.63333333,Q50_75,0,1,2
7,91,2079,22,77,2,4,2,2,0.24444444,Q0_25,0,0,2
7,91,6932,76,16,2,4,2,2,0.84444444,Q75_100,0,0,2
7,91,718,7,81,2,3,1,2,0.07777778,Q0_25,0,1,2
7,91,7262,79,73,2,4,2,2,0.87777778,Q75_100,1,2,2
7,91,7769,85,34,2,4,2,2,0.94444444,Q75_100,0,1,2
7,91,5524,60,64,2,4,2,2,0.66666667,Q50_75,0,1,2
7,91,5403,59,34,2,4,2,2,0.65555556,Q50_75,1,2,2
7,91,1372,15,7,2,4,2,1,0.16666667,Q0_25,1,1,1
7,91,3837,42,15,2,4,2,2,0.46666667,Q25_50,0,1,2
7,91,6709,73,66,2,4,2,2,0.81111111,Q75_100,0,1,2
7,91,1094,12,2,2,4,2,1,0.13333333,Q0_25,0,0,1
7,91,885,9,66,2,3,1,2,0.1,Q0_25,0,0,2
7,91,5650,62,8,2,4,2,1,0.68888889,Q50_75,0,0,1
7,91,5847,64,23,2,4,2,2,0.71111111,Q50_75,0,1,2
7,91,1641,18,3,2,4,2,1,0.2,Q0_25,0,0,1
7,91,3541,38,83,2,4,2,2,0.42222222,Q25_50,0,1,2
7,91,6654,73,11,2,4,2,2,0.81111111,Q75_100,0,1,2
7,91,6081,66,75,2,4,2,2,0.73333333,Q50_75,1,2,2
7,91,7417,81,46,2,4,2,2,0.9,Q75_100,0,0,2
7,91,7303,80,23,2,4,2,2,0.88888889,Q75_100,0,0,2
7,91,8178,89,79,2,4,2,2,0.98888889,Q75_100,0,1,2
7,91,2902,31,81,2,4,2,2,0.34444444,Q25_50,0,1,2
7,91,5263,57,76,2,4,2,2,0.63333333,Q50_75,0,1,2
7,91,167,1,76,2,3,1,2,0.01111111,Q0_25,0,0,2
7,91,8237,90,47,2,4,2,2,1.0,Q75_100,0,1,2
7,91,6357,69,78,2,4,2,2,0.76666667,Q75_100,0,1,2
7,91,1792,19,63,2,4,2,2,0.21111111,Q0_25,0,1,2
7,91,465,5,10,2,3,1,2,0.05555556,Q0_25,0,1,2
7,91,6400,70,30,2,4,2,2,0.77777778,Q75_100,0,1,2
7,91,1317,14,43,2,4,2,2,0.15555556,Q0_25,0,0,2
7,91,4671,51,30,2,4,2,2,0.56666667,Q50_75,0,1,2
7,91,5832,64,8,2,4,2,1,0.71111111,Q50_75,0,0,1
7,91,5509,60,49,2,4,2,2,0.66666667,Q50_75,0,1,2
7,91,6560,72,8,2,4,2,1,0.8,Q75_100,0,0,1
7,91,1146,12,54,2,4,2,2,0.13333333,Q0_25,0,1,2
7,91,3699,40,59,2,4,2,2,0.44444444,Q25_50,0,1,2
7,91,98,1,7,2,2,1,1,0.01111111,Q0_25,0,0,1
7,91,4141,45,46,2,4,2,2,0.5,Q50_75,0,0,2
7,91,408,4,44,2,3,1,2,0.04444444,Q0_25,0,0,2
7,91,5750,63,17,2,4,2,2,0.7,Q50_75,0,0,2
7,91,2134,23,41,2,4,2,2,0.25555556,Q25_50,0,1,2
7,91,4816,52,84,2,4,2,2,0.57777778,Q50_75,0,1,2
7,91,2532,27,75,2,4,2,2,0.3,Q25_50,0,1,2
7,91,8106,89,7,2,4,2,1,0.98888889,Q75_100,0,0,1
7,91,4137,45,42,2,4,2,2,0.5,Q50_75,0,0,2
7,91,2802,30,72,2,4,2,2,0.33333333,Q25_50,0,1,2
7,91,3003,33,0,2,4,2,1,0.36666667,Q25_50,0,0,1
7,91,7495,82,33,2,4,2,2,0.91111111,Q75_100,0,0,2
7,91,3605,39,56,2,4,2,2,0.43333333,Q25_50,0,1,2
7,91,2881,31,60,2,4,2,2,0.34444444,Q25_50,0,0,2
7,91,3573,39,24,2,4,2,2,0.43333333,Q25_50,0,1,2
7,91,355,3,82,2,3,1,2,0.03333333,Q0_25,0,0,2
7,91,4894,53,71,2,4,2,2,0.58888889,Q50_75,0,1,2
7,91,2041,22,39,2,4,2,2,0.24444444,Q0_25,0,1,2
7,91,2637,28,89,2,4,2,2,0.31111111,Q25_50,0,0,2
7,91,6496,71,35,2,4,2,2,0.78888889,Q75_100,0,0,2
7,91,6367,69,88,2,4,2,2,0.76666667,Q75_100,0,1,2
7,91,8156,89,57,2,4,2,2,0.98888889,Q75_100,0,1,2
7,91,4199,46,13,2,4,2,2,0.51111111,Q50_75,0,1,2
7,91,310,3,37,2,3,1,2,0.03333333,Q0_25,1,2,2
7,91,7888,86,62,2,4,2,2,0.95555556,Q75_100,0,0,2
7,91,6519,71,58,2,4,2,2,0.78888889,Q75_100,0,1,2
7,91,169,1,78,2,3,1,2,0.01111111,Q0_25,0,0,2
7,91,6043,66,37,2,4,2,2,0.73333333,Q50_75,0,1,2
7,91,7560,83,7,2,4,2,1,0.92222222,Q75_100,0,0,1
7,91,7660,84,16,2,4,2,2,0.93333333,Q75_100,0,0,2
7,91,3771,41,40,2,4,2,2,0.45555556,Q25_50,0,0,2
7,91,3978,43,65,2,4,2,2,0.47777778,Q25_50,0,1,2
7,91,7004,76,88,2,4,2,2,0.84444444,Q75_100,0,1,2
7,91,6555,72,3,2,4,2,1,0.8,Q75_100,0,0,1
7,91,1640,18,2,2,4,2,1,0.2,Q0_25,0,0,1
7,91,4699,51,58,2,4,2,2,0.56666667,Q50_75,0,1,2
7,91,3211,35,26,2,4,2,2,0.38888889,Q25_50,0,0,2
7,91,2409,26,43,2,4,2,2,0.28888889,Q25_50,0,0,2
7,91,7922,87,5,2,4,2,1,0.96666667,Q75_100,0,0,1
7,91,2480,27,23,2,4,2,2,0.3,Q25_50,0,1,2
7,91,1941,21,30,2,4,2,2,0.23333333,Q0_25,0,1,2
7,91,7340,80,60,2,4,2,2,0.88888889,Q75_100,0,0,2
7,91,871,9,52,2,3,1,2,0.1,Q0_25,0,0,2
7,91,4157,45,62,2,4,2,2,0.5,Q50_75,0,1,2
7,91,6241,68,53,2,4,2,2,0.75555556,Q75_100,1,2,2
7,91,5786,63,53,2,4,2,2,0.7,Q50_75,0,1,2
7,91,663,7,26,2,3,1,2,0.07777778,Q0_25,0,0,2
7,91,610,6,64,2,3,1,2,0.06666667,Q0_25,0,1,2
7,91,5774,63,41,2,4,2,2,0.7,Q50_75,0,0,2
7,91,3872,42,50,2,4,2,2,0.46666667,Q25_50,0,1,2
7,91,6550,71,89,2,4,2,2,0.78888889,Q75_100,0,0,2
7,91,6463,71,2,2,4,2,1,0.78888889,Q75_100,0,0,1
7,91,3108,34,14,2,4,2,2,0.37777778,Q25_50,0,1,2
7,91,5190,57,3,2,4,2,1,0.63333333,Q50_75,0,0,1
7,91,6693,73,50,2,4,2,2,0.81111111,Q75_100,0,1,2
7,91,3838,42,16,2,4,2,2,0.46666667,Q25_50,0,1,2
7,91,2113,23,20,2,4,2,2,0.25555556,Q25_50,0,1,2
7,91,5013,55,8,2,4,2,1,0.61111111,Q50_75,0,0,1
7,91,5,0,5,2,1,1,1,0.0,Q0_25,0,0,1
7,91,7074,77,67,2,4,2,2,0.85555556,Q75_100,0,1,2
7,91,6049,66,43,2,4,2,2,0.73333333,Q50_75,0,0,2
7,91,3636,39,87,2,4,2,2,0.43333333,Q25_50,0,0,2
7,91,2309,25,34,2,4,2,2,0.27777778,Q25_50,0,1,2
7,91,7030,77,23,2,4,2,2,0.85555556,Q75_100,0,1,2
7,91,1677,18,39,2,4,2,2,0.2,Q0_25,0,1,2
7,91,4472,49,13,2,4,2,2,0.54444444,Q50_75,0,1,2
7,91,5644,62,2,2,4,2,1,0.68888889,Q50_75,0,0,1
7,91,4668,51,27,2,4,2,2,0.56666667,Q50_75,0,1,2
7,91,2545,27,88,2,4,2,2,0.3,Q25_50,0,1,2
7,91,3293,36,17,2,4,2,2,0.4,Q25_50,0,0,2
7,91,6490,71,29,2,4,2,2,0.78888889,Q75_100,0,1,2
7,91,7214,79,25,2,4,2,2,0.87777778,Q75_100,0,1,2
7,91,5643,62,1,2,4,2,1,0.68888889,Q50_75,0,0,1
7,91,1797,19,68,2,4,2,2,0.21111111,Q0_25,0,1,2
7,91,1172,12,80,2,4,2,2,0.13333333,Q0_25,0,0,2
7,91,8080,88,72,2,4,2,2,0.97777778,Q75_100,0,1,2
7,91,2839,31,18,2,4,2,2,0.34444444,Q25_50,0,1,2
7,91,1318,14,44,2,4,2,2,0.15555556,Q0_25,0,0,2
7,91,6176,67,79,2,4,2,2,0.74444444,Q50_75,0,1,2
7,91,6737,74,3,2,4,2,1,0.82222222,Q75_100,1,1,1
7,91,3200,35,15,2,4,2,2,0.38888889,Q25_50,1,2,2
7,91,257,2,75,2,3,1,2,0.02222222,Q0_25,0,0,2
7,91,5369,59,0,2,4,2,1,0.65555556,Q50_75,0,0,1
7,91,1321,14,47,2,4,2,2,0.15555556,Q0_25,0,0,2
7,91,1264,13,81,2,4,2,2,0.14444444,Q0_25,0,0,2
7,91,6200,68,12,2,4,2,2,0.75555556,Q75_100,0,1,2
7,91,5941,65,26,2,4,2,2,0.72222222,Q50_75,0,1,2
7,91,2922,32,10,2,4,2,2,0.35555556,Q25_50,0,0,2
7,91,3259,35,74,2,4,2,2,0.38888889,Q25_50,0,0,2
7,91,757,8,29,2,3,1,2,0.08888889,Q0_25,0,1,2
7,91,8193,90,3,2,4,2,1,1.0,Q75_100,0,0,1
7,91,6639,72,87,2,4,2,2,0.8,Q75_100,0,0,2
7,91,2954,32,42,2,4,2,2,0.35555556,Q25_50,0,0,2
7,91,1725,18,87,2,4,2,2,0.2,Q0_25,0,0,2
7,91,8250,90,60,2,4,2,2,1.0,Q75_100,0,1,2
7,91,5929,65,14,2,4,2,2,0.72222222,Q50_75,0,0,2
7,91,3304,36,28,2,4,2,2,0.4,Q25_50,0,0,2
7,91,2138,23,45,2,4,2,2,0.25555556,Q25_50,0,0,2
7,91,6060,66,54,2,4,2,2,0.73333333,Q50_75,0,1,2
7,91,5103,56,7,2,4,2,1,0.62222222,Q50_75,0,0,1
7,91,4452,48,84,2,4,2,2,0.53333333,Q50_75,0,1,2
7,91,3288,36,12,2,4,2,2,0.4,Q25_50,0,1,2
7,91,7692,84,48,2,4,2,2,0.93333333,Q75_100,0,0,2
7,91,288,3,15,2,3,1,2,0.03333333,Q0_25,0,1,2
7,91,5357,58,79,2,4,2,2,0.64444444,Q50_75,0,1,2
7,91,2315,25,40,2,4,2,2,0.27777778,Q25_50,0,0,2
7,91,3885,42,63,2,4,2,2,0.46666667,Q25_50,0,0,2
7,91,1976,21,65,2,4,2,2,0.23333333,Q0_25,0,1,2
7,91,1431,15,66,2,4,2,2,0.16666667,Q0_25,0,1,2
7,91,5882,64,58,2,4,2,2,0.71111111,Q50_75,0,0,2
7,91,7791,85,56,2,4,2,2,0.94444444,Q75_100,0,0,2
7,91,4935,54,21,2,4,2,2,0.6,Q50_75,0,1,2
7,91,928,10,18,2,3,2,2,0.11111111,Q0_25,0,1,2
7,91,7444,81,73,2,4,2,2,0.9,Q75_100,0,1,2
7,91,6850,75,25,2,4,2,2,0.83333333,Q75_100,0,1,2
7,91,3558,39,9,2,4,2,1,0.43333333,Q25_50,0,0,1
7,91,7032,77,25,2,4,2,2,0.85555556,Q75_100,0,1,2
7,91,4086,44,82,2,4,2,2,0.48888889,Q25_50,0,0,2
7,91,7716,84,72,2,4,2,2,0.93333333,Q75_100,0,1,2
7,91,6892,75,67,2,4,2,2,0.83333333,Q75_100,0,1,2
7,91,5027,55,22,2,4,2,2,0.61111111,Q50_75,0,1,2
7,91,518,5,63,2,3,1,2,0.05555556,Q0_25,0,1,2
7,91,10,0,10,2,2,1,2,0.0,Q0_25,0,0,2
7,91,5655,62,13,2,4,2,2,0.68888889,Q50_75,0,1,2
7,91,2199,24,15,2,4,2,2,0.26666667,Q25_50,1,2,2
7,91,1507,16,51,2,4,2,2,0.17777778,Q0_25,0,0,2
7,91,5830,64,6,2,4,2,1,0.71111111,Q50_75,0,0,1
7,91,1670,18,32,2,4,2,2,0.2,Q0_25,0,1,2
7,91,4546,49,87,2,4,2,2,0.54444444,Q50_75,0,1,2
7,91,824,9,5,2,3,1,1,0.1,Q0_25,0,0,1
7,91,4074,44,70,2,4,2,2,0.48888889,Q25_50,0,0,2
7,91,8161,89,62,2,4,2,2,0.98888889,Q75_100,0,1,2
7,91,7524,82,62,2,4,2,2,0.91111111,Q75_100,0,1,2
7,91,7276,79,87,2,4,2,2,0.87777778,Q75_100,0,1,2
7,91,5259,57,72,2,4,2,2,0.63333333,Q50_75,0,0,2
7,91,560,6,14,2,3,1,2,0.06666667,Q0_25,0,0,2
7,91,5181,56,85,2,4,2,2,0.62222222,Q50_75,1,2,2
7,91,1595,17,48,2,4,2,2,0.18888889,Q0_25,0,1,2
7,91,6986,76,70,2,4,2,2,0.84444444,Q75_100,0,1,2
7,91,7335,80,55,2,4,2,2,0.88888889,Q75_100,0,0,2
7,91,7720,84,76,2,4,2,2,0.93333333,Q75_100,0,1,2
7,91,6833,75,8,2,4,2,1,0.83333333,Q75_100,0,0,1
7,91,1034,11,33,2,4,2,2,0.12222222,Q0_25,0,0,2
7,91,2353,25,78,2,4,2,2,0.27777778,Q25_50,0,1,2
7,91,2890,31,69,2,4,2,2,0.34444444,Q25_50,0,0,2
7,91,4353,47,76,2,4,2,2,0.52222222,Q50_75,0,1,2
7,91,6795,74,61,2,4,2,2,0.82222222,Q75_100,0,1,2
7,91,7519,82,57,2,4,2,2,0.91111111,Q75_100,0,1,2
7,91,5066,55,61,2,4,2,2,0.61111111,Q50_75,0,0,2
7,91,6173,67,76,2,4,2,2,0.74444444,Q50_75,0,1,2
7,91,3968,43,55,2,4,2,2,0.47777778,Q25_50,1,2,2
7,91,5288,58,10,2,4,2,2,0.64444444,Q50_75,0,1,2
7,91,2543,27,86,2,4,2,2,0.3,Q25_50,0,1,2
7,91,5173,56,77,2,4,2,2,0.62222222,Q50_75,0,1,2
7,91,3030,33,27,2,4,2,2,0.36666667,Q25_50,1,2,2
7,91,1813,19,84,2,4,2,2,0.21111111,Q0_25,0,0,2
7,91,4066,44,62,2,4,2,2,0.48888889,Q25_50,0,0,2
7,91,2771,30,41,2,4,2,2,0.33333333,Q25_50,0,0,2
7,91,6988,76,72,2,4,2,2,0.84444444,Q75_100,0,1,2
7,91,1796,19,67,2,4,2,2,0.21111111,Q0_25,0,1,2
7,91,2449,26,83,2,4,2,2,0.28888889,Q25_50,0,0,2
7,91,6206,68,18,2,4,2,2,0.75555556,Q75_100,0,1,2
7,91,3700,40,60,2,4,2,2,0.44444444,Q25_50,0,1,2
7,91,2431,26,65,2,4,2,2,0.28888889,Q25_50,0,1,2
7,91,6845,75,20,2,4,2,2,0.83333333,Q75_100,0,1,2
7,91,4679,51,38,2,4,2,2,0.56666667,Q50_75,0,1,2
7,91,3244,35,59,2,4,2,2,0.38888889,Q25_50,0,1,2
7,91,5131,56,35,2,4,2,2,0.62222222,Q50_75,0,1,2
7,91,4034,44,30,2,4,2,2,0.48888889,Q25_50,0,0,2
7,91,7534,82,72,2,4,2,2,0.91111111,Q75_100,0,1,2
7,91,3344,36,68,2,4,2,2,0.4,Q25_50,0,0,2
7,91,1651,18,13,2,4,2,2,0.2,Q0_25,0,1,2
7,91,3579,39,30,2,4,2,2,0.43333333,Q25_50,0,0,2
7,91,4304,47,27,2,4,2,2,0.52222222,Q50_75,0,1,2
7,91,4510,49,51,2,4,2,2,0.54444444,Q50_75,0,1,2
7,91,743,8,15,2,3,1,2,0.08888889,Q0_25,0,0,2
7,91,7186,78,88,2,4,2,2,0.86666667,Q75_100,0,1,2
7,91,3874,42,52,2,4,2,2,0.46666667,Q25_50,0,1,2
7,91,5837,64,13,2,4,2,2,0.71111111,Q50_75,0,1,2
7,91,3511,38,53,2,4,2,2,0.42222222,Q25_50,0,1,2
7,91,8259,90,69,2,4,2,2,1.0,Q75_100,0,1,2
7,91,490,5,35,2,3,1,2,0.05555556,Q0_25,0,1,2
7,91,4164,45,69,2,4,2,2,0.5,Q50_75,0,1,2
7,91,5835,64,11,2,4,2,2,0.71111111,Q50_75,0,1,2
7,91,636,6,90,2,3,1,2,0.06666667,Q0_25,0,0,2
7,91,5654,62,12,2,4,2,2,0.68888889,Q50_75,0,1,2
7,91,6675,73,32,2,4,2,2,0.81111111,Q75_100,0,1,2
7,91,1067,11,66,2,4,2,2,0.12222222,Q0_25,0,0,2
7,91,472,5,17,2,3,1,2,0.05555556,Q0_25,0,0,2
7,91,4774,52,42,2,4,2,2,0.57777778,Q50_75,0,0,2
7,91,8134,89,35,2,4,2,2,0.98888889,Q75_100,1,2,2
7,91,763,8,35,2,3,1,2,0.08888889,Q0_25,0,0,2
7,91,5862,64,38,2,4,2,2,0.71111111,Q50_75,0,0,2
7,91,2088,22,86,2,4,2,2,0.24444444,Q0_25,0,0,2
7,91,3451,37,84,2,4,2,2,0.41111111,Q25_50,0,1,2
7,91,5592,61,41,2,4,2,2,0.67777778,Q50_75,0,1,2
7,91,1962,21,51,2,4,2,2,0.23333333,Q0_25,0,1,2
7,91,4784,52,52,2,4,2,2,0.57777778,Q50_75,0,1,2
7,91,6236,68,48,2,4,2,2,0.75555556,Q75_100,0,0,2
7,91,4285,47,8,2,4,2,1,0.52222222,Q50_75,0,0,1
7,91,4806,52,74,2,4,2,2,0.57777778,Q50_75,1,2,2
7,91,7806,85,71,2,4,2,2,0.94444444,Q75_100,0,1,2
7,91,5336,58,58,2,4,2,2,0.64444444,Q50_75,0,0,2
7,91,5292,58,14,2,4,2,2,0.64444444,Q50_75,1,2,2
7,91,6230,68,42,2,4,2,2,0.75555556,Q75_100,0,1,2
7,91,6405,70,35,2,4,2,2,0.77777778,Q75_100,0,1,2
7,91,1777,19,48,2,4,2,2,0.21111111,Q0_25,0,0,2
7,91,5165,56,69,2,4,2,2,0.62222222,Q50_75,0,1,2
7,91,429,4,65,2,3,1,2,0.04444444,Q0_25,0,0,2
7,91,2006,22,4,2,4,2,1,0.24444444,Q0_25,1,1,1
7,91,7006,76,90,2,4,2,2,0.84444444,Q75_100,0,0,2
7,91,6067,66,61,2,4,2,2,0.73333333,Q50_75,0,0,2
7,91,1676,18,38,2,4,2,2,0.2,Q0_25,0,1,2
7,91,2790,30,60,2,4,2,2,0.33333333,Q25_50,0,1,2
7,91,735,8,7,2,3,1,1,0.08888889,Q0_25,1,1,1
7,91,6042,66,36,2,4,2,2,0.73333333,Q50_75,0,1,2
7,91,5367,58,89,2,4,2,2,0.64444444,Q50_75,0,1,2
7,91,4192,46,6,2,4,2,1,0.51111111,Q50_75,0,0,1
7,91,4937,54,23,2,4,2,2,0.6,Q50_75,0,1,2
7,91,1622,17,75,2,4,2,2,0.18888889,Q0_25,0,1,2
7,91,3013,33,10,2,4,2,2,0.36666667,Q25_50,0,1,2
7,91,3135,34,41,2,4,2,2,0.37777778,Q25_50,0,0,2
7,91,4354,47,77,2,4,2,2,0.52222222,Q50_75,1,2,2
7,91,4693,51,52,2,4,2,2,0.56666667,Q50_75,0,1,2
7,91,6829,75,4,2,4,2,1,0.83333333,Q75_100,0,0,1
7,91,565,6,19,2,3,1,2,0.06666667,Q0_25,1,2,2
7,91,2946,32,34,2,4,2,2,0.35555556,Q25_50,0,0,2
7,91,5034,55,29,2,4,2,2,0.61111111,Q50_75,0,1,2
7,91,1019,11,18,2,4,2,2,0.12222222,Q0_25,0,1,2
7,91,4603,50,53,2,4,2,2,0.55555556,Q50_75,0,1,2
7,91,324,3,51,2,3,1,2,0.03333333,Q0_25,0,0,2
7,91,7606,83,53,2,4,2,2,0.92222222,Q75_100,0,1,2
7,91,1672,18,34,2,4,2,2,0.2,Q0_25,0,1,2
7,91,3864,42,42,2,4,2,2,0.46666667,Q25_50,0,1,2
7,91,1430,15,65,2,4,2,2,0.16666667,Q0_25,0,1,2
7,91,7917,87,0,2,4,2,1,0.96666667,Q75_100,0,0,1
7,91,3585,39,36,2,4,2,2,0.43333333,Q25_50,0,1,2
7,91,5921,65,6,2,4,2,1,0.72222222,Q50_75,0,0,1
7,91,1015,11,14,2,4,2,2,0.12222222,Q0_25,0,1,2
7,91,2731,30,1,2,4,2,1,0.33333333,Q25_50,0,0,1
7,91,2935,32,23,2,4,2,2,0.35555556,Q25_50,1,2,2
7,91,821,9,2,2,3,1,1,0.1,Q0_25,0,0,1
7,91,574,6,28,2,3,1,2,0.06666667,Q0_25,0,0,2
7,91,1239,13,56,2,4,2,2,0.14444444,Q0_25,0,1,2
7,91,7,0,7,2,1,1,1,0.0,Q0_25,0,0,1
7,91,3169,34,75,2,4,2,2,0.37777778,Q25_50,0,1,2
7,91,5371,59,2,2,4,2,1,0.65555556,Q50_75,0,0,1
7,91,6145,67,48,2,4,2,2,0.74444444,Q50_75,0,0,2
7,91,4521,49,62,2,4,2,2,0.54444444,Q50_75,0,1,2
7,91,4167,45,72,2,4,2,2,0.5,Q50_75,0,0,2
7,91,6641,72,89,2,4,2,2,0.8,Q75_100,0,1,2
7,91,4048,44,44,2,4,2,2,0.48888889,Q25_50,0,0,2
7,91,5603,61,52,2,4,2,2,0.67777778,Q50_75,0,1,2
7,91,6221,68,33,2,4,2,2,0.75555556,Q75_100,1,2,2
7,91,3554,39,5,2,4,2,1,0.43333333,Q25_50,0,0,1
7,91,419,4,55,2,3,1,2,0.04444444,Q0_25,0,1,2
7,91,3681,40,41,2,4,2,2,0.44444444,Q25_50,0,1,2
7,91,6624,72,72,2,4,2,2,0.8,Q75_100,0,1,2
7,91,3316,36,40,2,4,2,2,0.4,Q25_50,0,0,2
7,91,6126,67,29,2,4,2,2,0.74444444,Q50_75,0,1,2
7,91,6518,71,57,2,4,2,2,0.78888889,Q75_100,0,1,2
7,91,3386,37,19,2,4,2,2,0.41111111,Q25_50,0,1,2
7,91,5003,54,89,2,4,2,2,0.6,Q50_75,0,1,2
7,91,1481,16,25,2,4,2,2,0.17777778,Q0_25,1,2,2
7,91,3957,43,44,2,4,2,2,0.47777778,Q25_50,0,0,2
7,91,7553,83,0,2,4,2,1,0.92222222,Q75_100,0,0,1
7,91,3652,40,12,2,4,2,2,0.44444444,Q25_50,0,1,2
7,91,1475,16,19,2,4,2,2,0.17777778,Q0_25,0,1,2
7,91,6662,73,19,2,4,2,2,0.81111111,Q75_100,0,0,2
7,91,7422,81,51,2,4,2,2,0.9,Q75_100,0,1,2
7,91,8050,88,42,2,4,2,2,0.97777778,Q75_100,0,1,2
7,91,2071,22,69,2,4,2,2,0.24444444,Q0_25,0,1,2
7,91,7772,85,37,2,4,2,2,0.94444444,Q75_100,0,1,2
7,91,3145,34,51,2,4,2,2,0.37777778,Q25_50,0,1,2
7,91,4823,53,0,2,4,2,1,0.58888889,Q50_75,1,1,1
7,91,6105,67,8,2,4,2,1,0.74444444,Q50_75,0,0,1
7,91,487,5,32,2,3,1,2,0.05555556,Q0_25,0,1,2
7,91,1907,20,87,2,4,2,2,0.22222222,Q0_25,0,1,2
7,91,525,5,70,2,3,1,2,0.05555556,Q0_25,0,1,2
7,91,6072,66,66,2,4,2,2,0.73333333,Q50_75,0,1,2
7,91,2712,29,73,2,4,2,2,0.32222222,Q25_50,1,2,2
7,91,553,6,7,2,3,1,1,0.06666667,Q0_25,1,1,1
7,91,2129,23,36,2,4,2,2,0.25555556,Q25_50,0,0,2
7,91,4121,45,26,2,4,2,2,0.5,Q50_75,0,1,2
7,91,6234,68,46,2,4,2,2,0.75555556,Q75_100,0,0,2
7,91,7794,85,59,2,4,2,2,0.94444444,Q75_100,0,0,2
7,91,828,9,9,2,3,1,1,0.1,Q0_25,1,1,1
7,91,2662,29,23,2,4,2,2,0.32222222,Q25_50,0,1,2
7,91,5269,57,82,2,4,2,2,0.63333333,Q50_75,0,0,2
7,91,328,3,55,2,3,1,2,0.03333333,Q0_25,0,0,2
7,91,2203,24,19,2,4,2,2,0.26666667,Q25_50,0,1,2
7,91,4446,48,78,2,4,2,2,0.53333333,Q50_75,0,1,2
7,91,5058,55,53,2,4,2,2,0.61111111,Q50_75,0,0,2
7,91,5739,63,6,2,4,2,1,0.7,Q50_75,0,0,1
7,91,2778,30,48,2,4,2,2,0.33333333,Q25_50,0,0,2
7,91,5696,62,54,2,4,2,2,0.68888889,Q50_75,0,1,2
7,91,1769,19,40,2,4,2,2,0.21111111,Q0_25,0,0,2
7,91,3445,37,78,2,4,2,2,0.41111111,Q25_50,0,1,2
7,91,4978,54,64,2,4,2,2,0.6,Q50_75,0,0,2
7,91,5166,56,70,2,4,2,2,0.62222222,Q50_75,0,0,2
7,91,2519,27,62,2,4,2,2,0.3,Q25_50,0,0,2
7,91,32,0,32,2,2,1,2,0.0,Q0_25,0,0,2
7,91,4606,50,56,2,4,2,2,0.55555556,Q50_75,0,1,2
7,91,7061,77,54,2,4,2,2,0.85555556,Q75_100,0,1,2
7,91,1632,17,85,2,4,2,2,0.18888889,Q0_25,0,0,2
7,91,3770,41,39,2,4,2,2,0.45555556,Q25_50,0,0,2
7,91,2177,23,84,2,4,2,2,0.25555556,Q25_50,0,1,2
7,91,7368,80,88,2,4,2,2,0.88888889,Q75_100,0,1,2
7,91,1757,19,28,2,4,2,2,0.21111111,Q0_25,0,1,2
7,91,7743,85,8,2,4,2,1,0.94444444,Q75_100,0,0,1
7,91,3835,42,13,2,4,2,2,0.46666667,Q25_50,0,1,2
7,91,1939,21,28,2,4,2,2,0.23333333,Q0_25,0,1,2
7,91,1611,17,64,2,4,2,2,0.18888889,Q0_25,0,1,2
7,91,7906,86,80,2,4,2,2,0.95555556,Q75_100,0,1,2
7,91,7608,83,55,2,4,2,2,0.92222222,Q75_100,1,2,2
7,91,5559,61,8,2,4,2,1,0.67777778,Q50_75,0,0,1
7,91,7845,86,19,2,4,2,2,0.95555556,Q75_100,0,0,2
7,91,3947,43,34,2,4,2,2,0.47777778,Q25_50,0,0,2
7,91,4742,52,10,2,4,2,2,0.57777778,Q50_75,0,1,2
7,91,462,5,7,2,3,1,1,0.05555556,Q0_25,1,1,1
7,91,3509,38,51,2,4,2,2,0.42222222,Q25_50,0,0,2
7,91,5698,62,56,2,4,2,2,0.68888889,Q50_75,0,1,2
7,91,1305,14,31,2,4,2,2,0.15555556,Q0_25,0,1,2
7,91,2979,32,67,2,4,2,2,0.35555556,Q25_50,0,0,2
7,91,7545,82,83,2,4,2,2,0.91111111,Q75_100,0,1,2
7,91,1386,15,21,2,4,2,2,0.16666667,Q0_25,0,0,2
7,91,7518,82,56,2,4,2,2,0.91111111,Q75_100,0,1,2
7,91,5555,61,4,2,4,2,1,0.67777778,Q50_75,0,0,1
7,91,7007,77,0,2,4,2,1,0.85555556,Q75_100,0,0,1
7,91,1363,14,89,2,4,2,2,0.15555556,Q0_25,0,1,2
7,91,4572,50,22,2,4,2,2,0.55555556,Q50_75,0,1,2
7,91,4583,50,33,2,4,2,2,0.55555556,Q50_75,0,1,2
7,91,3297,36,21,2,4,2,2,0.4,Q25_50,0,1,2
7,91,5482,60,22,2,4,2,2,0.66666667,Q50_75,0,1,2
7,91,659,7,22,2,3,1,2,0.07777778,Q0_25,0,0,2
7,91,1981,21,70,2,4,2,2,0.23333333,Q0_25,0,1,2
7,91,4329,47,52,2,4,2,2,0.52222222,Q50_75,0,1,2
7,91,4782,52,50,2,4,2,2,0.57777778,Q50_75,0,1,2
7,91,2206,24,22,2,4,2,2,0.26666667,Q25_50,0,0,2
7,91,5413,59,44,2,4,2,2,0.65555556,Q50_75,0,1,2
7,91,1404,15,39,2,4,2,2,0.16666667,Q0_25,0,1,2
7,91,3117,34,23,2,4,2,2,0.37777778,Q25_50,0,0,2
7,91,5492,60,32,2,4,2,2,0.66666667,Q50_75,0,0,2
7,91,5887,64,63,2,4,2,2,0.71111111,Q50_75,0,0,2
7,91,854,9,35,2,3,1,2,0.1,Q0_25,0,0,2
7,91,6556,72,4,2,4,2,1,0.8,Q75_100,0,0,1
7,91,6390,70,20,2,4,2,2,0.77777778,Q75_100,0,1,2
7,91,2594,28,46,2,4,2,2,0.31111111,Q25_50,0,1,2
7,91,3444,37,77,2,4,2,2,0.41111111,Q25_50,1,2,2
7,91,1979,21,68,2,4,2,2,0.23333333,Q0_25,0,0,2
7,91,6575,72,23,2,4,2,2,0.8,Q75_100,0,1,2
7,91,994,10,84,2,3,2,2,0.11111111,Q0_25,0,0,2
7,91,2653,29,14,2,4,2,2,0.32222222,Q25_50,0,1,2
7,91,6819,74,85,2,4,2,2,0.82222222,Q75_100,0,1,2
7,91,7022,77,15,2,4,2,2,0.85555556,Q75_100,0,0,2
7,91,7876,86,50,2,4,2,2,0.95555556,Q75_100,0,1,2
7,91,3151,34,57,2,4,2,2,0.37777778,Q25_50,0,0,2
7,91,315,3,42,2,3,1,2,0.03333333,Q0_25,0,1,2
7,91,7196,79,7,2,4,2,1,0.87777778,Q75_100,0,0,1
7,91,4383,48,15,2,4,2,2,0.53333333,Q50_75,0,1,2
7,91,2437,26,71,2,4,2,2,0.28888889,Q25_50,0,0,2
7,91,4528,49,69,2,4,2,2,0.54444444,Q50_75,0,1,2
7,91,4404,48,36,2,4,2,2,0.53333333,Q50_75,0,1,2
7,91,3780,41,49,2,4,2,2,0.45555556,Q25_50,0,0,2
7,91,2055,22,53,2,4,2,2,0.24444444,Q0_25,0,0,2
7,91,2410,26,44,2,4,2,2,0.28888889,Q25_50,0,0,2
7,91,5617,61,66,2,4,2,2,0.67777778,Q50_75,0,1,2
7,91,3466,38,8,2,4,2,1,0.42222222,Q25_50,0,0,1
7,91,6799,74,65,2,4,2,2,0.82222222,Q75_100,1,2,2
7,91,4335,47,58,2,4,2,2,0.52222222,Q50_75,0,0,2
7,91,6146,67,49,2,4,2,2,0.74444444,Q50_75,0,0,2
7,91,7928,87,11,2,4,2,2,0.96666667,Q75_100,0,0,2
7,91,6992,76,76,2,4,2,2,0.84444444,Q75_100,0,1,2
7,91,1951,21,40,2,4,2,2,0.23333333,Q0_25,0,1,2
7,91,5444,59,75,2,4,2,2,0.65555556,Q50_75,0,1,2
7,91,3115,34,21,2,4,2,2,0.37777778,Q25_50,0,0,2
7,91,5358,58,80,2,4,2,2,0.64444444,Q50_75,0,0,2
7,91,582,6,36,2,3,1,2,0.06666667,Q0_25,0,0,2
7,91,1183,13,0,2,4,2,1,0.14444444,Q0_25,0,0,1
7,91,129,1,38,2,3,1,2,0.01111111,Q0_25,0,0,2
7,91,4065,44,61,2,4,2,2,0.48888889,Q25_50,0,0,2
7,91,2579,28,31,2,4,2,2,0.31111111,Q25_50,0,0,2
7,91,1695,18,57,2,4,2,2,0.2,Q0_25,0,1,2
7,91,889,9,70,2,3,1,2,0.1,Q0_25,0,1,2
7,91,3853,42,31,2,4,2,2,0.46666667,Q25_50,0,1,2
7,91,5071,55,66,2,4,2,2,0.61111111,Q50_75,0,1,2
7,91,6699,73,56,2,4,2,2,0.81111111,Q75_100,0,1,2
7,91,5878,64,54,2,4,2,2,0.71111111,Q50_75,0,1,2
7,91,3722,40,82,2,4,2,2,0.44444444,Q25_50,0,0,2
7,91,4731,51,90,2,4,2,2,0.56666667,Q50_75,0,0,2
7,91,3193,35,8,2,4,2,1,0.38888889,Q25_50,0,0,1
7,91,4453,48,85,2,4,2,2,0.53333333,Q50_75,0,1,2
7,91,5156,56,60,2,4,2,2,0.62222222,Q50_75,0,1,2
7,91,7568,83,15,2,4,2,2,0.92222222,Q75_100,1,2,2
7,91,2360,25,85,2,4,2,2,0.27777778,Q25_50,0,1,2
7,91,7729,84,85,2,4,2,2,0.93333333,Q75_100,0,1,2
7,91,7647,84,3,2,4,2,1,0.93333333,Q75_100,0,0,1
7,91,415,4,51,2,3,1,2,0.04444444,Q0_25,0,0,2
7,91,4514,49,55,2,4,2,2,0.54444444,Q50_75,0,1,2
7,91,6370,70,0,2,4,2,1,0.77777778,Q75_100,0,0,1
7,91,1882,20,62,2,4,2,2,0.22222222,Q0_25,0,0,2
7,91,3335,36,59,2,4,2,2,0.4,Q25_50,0,0,2
7,91,3555,39,6,2,4,2,1,0.43333333,Q25_50,0,0,1
7,91,767,8,39,2,3,1,2,0.08888889,Q0_25,0,0,2
7,91,4565,50,15,2,4,2,2,0.55555556,Q50_75,0,1,2
7,91,4695,51,54,2,4,2,2,0.56666667,Q50_75,0,1,2
7,91,2362,25,87,2,4,2,2,0.27777778,Q25_50,1,2,2
7,91,3803,41,72,2,4,2,2,0.45555556,Q25_50,0,1,2
7,91,883,9,64,2,3,1,2,0.1,Q0_25,0,0,2
7,91,7576,83,23,2,4,2,2,0.92222222,Q75_100,1,2,2
7,91,264,2,82,2,3,1,2,0.02222222,Q0_25,0,0,2
7,91,8023,88,15,2,4,2,2,0.97777778,Q75_100,0,0,2
7,91,4887,53,64,2,4,2,2,0.58888889,Q50_75,0,0,2
7,91,1312,14,38,2,4,2,2,0.15555556,Q0_25,0,1,2
7,91,1636,17,89,2,4,2,2,0.18888889,Q0_25,0,0,2
7,91,2076,22,74,2,4,2,2,0.24444444,Q0_25,0,1,2
7,91,912,10,2,2,3,2,1,0.11111111,Q0_25,0,0,1
7,91,3777,41,46,2,4,2,2,0.45555556,Q25_50,0,0,2
7,91,2510,27,53,2,4,2,2,0.3,Q25_50,1,2,2
7,91,2012,22,10,2,4,2,2,0.24444444,Q0_25,0,1,2
7,91,5287,58,9,2,4,2,1,0.64444444,Q50_75,0,0,1
7,91,5936,65,21,2,4,2,2,0.72222222,Q50_75,0,1,2
7,91,162,1,71,2,3,1,2,0.01111111,Q0_25,0,0,2
7,91,2180,23,87,2,4,2,2,0.25555556,Q25_50,1,2,2
7,91,2612,28,64,2,4,2,2,0.31111111,Q25_50,0,1,2
7,91,1705,18,67,2,4,2,2,0.2,Q0_25,0,1,2
7,91,6715,73,72,2,4,2,2,0.81111111,Q75_100,0,1,2
7,91,3533,38,75,2,4,2,2,0.42222222,Q25_50,0,1,2
7,91,6635,72,83,2,4,2,2,0.8,Q75_100,0,1,2
7,91,8015,88,7,2,4,2,1,0.97777778,Q75_100,0,0,1
7,91,1338,14,64,2,4,2,2,0.15555556,Q0_25,0,0,2
7,91,1051,11,50,2,4,2,2,0.12222222,Q0_25,0,0,2
7,91,5527,60,67,2,4,2,2,0.66666667,Q50_75,0,1,2
7,91,7167,78,69,2,4,2,2,0.86666667,Q75_100,0,1,2
7,91,2606,28,58,2,4,2,2,0.31111111,Q25_50,0,1,2
7,91,679,7,42,2,3,1,2,0.07777778,Q0_25,0,0,2
7,91,6459,70,89,2,4,2,2,0.77777778,Q75_100,0,1,2
7,91,1256,13,73,2,4,2,2,0.14444444,Q0_25,0,1,2
7,91,7037,77,30,2,4,2,2,0.85555556,Q75_100,0,0,2
7,91,2914,32,2,2,4,2,1,0.35555556,Q25_50,0,0,1
7,91,847,9,28,2,3,1,2,0.1,Q0_25,0,0,2
7,91,44,0,44,2,2,1,2,0.0,Q0_25,0,0,2
7,91,1815,19,86,2,4,2,2,0.21111111,Q0_25,0,0,2
7,91,4971,54,57,2,4,2,2,0.6,Q50_75,1,2,2
7,91,505,5,50,2,3,1,2,0.05555556,Q0_25,0,0,2
7,91,206,2,24,2,3,1,2,0.02222222,Q0_25,0,0,2
7,91,100,1,9,2,3,1,1,0.01111111,Q0_25,0,0,1
7,91,6228,68,40,2,4,2,2,0.75555556,Q75_100,0,0,2
7,91,5709,62,67,2,4,2,2,0.68888889,Q50_75,0,1,2
7,91,2796,30,66,2,4,2,2,0.33333333,Q25_50,0,1,2
7,91,8104,89,5,2,4,2,1,0.98888889,Q75_100,1,1,1
7,91,7407,81,36,2,4,2,2,0.9,Q75_100,0,1,2
7,91,266,2,84,2,3,1,2,0.02222222,Q0_25,0,0,2
7,91,4482,49,23,2,4,2,2,0.54444444,Q50_75,0,1,2
7,91,987,10,77,2,3,2,2,0.11111111,Q0_25,0,0,2
7,91,6971,76,55,2,4,2,2,0.84444444,Q75_100,1,2,2
7,91,4554,50,4,2,4,2,1,0.55555556,Q50_75,0,0,1
7,91,6782,74,48,2,4,2,2,0.82222222,Q75_100,0,0,2
7,91,1952,21,41,2,4,2,2,0.23333333,Q0_25,0,1,2
7,91,2182,23,89,2,4,2,2,0.25555556,Q25_50,0,1,2
7,91,4177,45,82,2,4,2,2,0.5,Q50_75,0,0,2
7,91,2426,26,60,2,4,2,2,0.28888889,Q25_50,0,0,2
7,91,3309,36,33,2,4,2,2,0.4,Q25_50,0,1,2
7,91,2263,24,79,2,4,2,2,0.26666667,Q25_50,0,1,2
7,91,5671,62,29,2,4,2,2,0.68888889,Q50_75,0,0,2
7,91,6406,70,36,2,4,2,2,0.77777778,Q75_100,0,1,2
7,91,4613,50,63,2,4,2,2,0.55555556,Q50_75,0,1,2
7,91,6682,73,39,2,4,2,2,0.81111111,Q75_100,0,0,2
7,91,2728,29,89,2,4,2,2,0.32222222,Q25_50,0,0,2
7,91,7599,83,46,2,4,2,2,0.92222222,Q75_100,0,1,2
7,91,4369,48,1,2,4,2,1,0.53333333,Q50_75,0,0,1
7,91,4639,50,89,2,4,2,2,0.55555556,Q50_75,0,0,2
7,91,2870,31,49,2,4,2,2,0.34444444,Q25_50,0,0,2
7,91,7460,81,89,2,4,2,2,0.9,Q75_100,0,0,2
7,91,5733,63,0,2,4,2,1,0.7,Q50_75,1,1,1
7,91,4171,45,76,2,4,2,2,0.5,Q50_75,0,1,2
7,91,2648,29,9,2,4,2,1,0.32222222,Q25_50,0,0,1
7,91,4574,50,24,2,4,2,2,0.55555556,Q50_75,0,1,2
7,91,1495,16,39,2,4,2,2,0.17777778,Q0_25,0,0,2
7,91,1201,13,18,2,4,2,2,0.14444444,Q0_25,0,1,2
7,91,7374,81,3,2,4,2,1,0.9,Q75_100,0,0,1
7,91,3268,35,83,2,4,2,2,0.38888889,Q25_50,0,0,2
7,91,2413,26,47,2,4,2,2,0.28888889,Q25_50,0,0,2
7,91,3611,39,62,2,4,2,2,0.43333333,Q25_50,0,1,2
7,91,3626,39,77,2,4,2,2,0.43333333,Q25_50,0,1,2
7,91,4961,54,47,2,4,2,2,0.6,Q50_75,0,0,2
7,91,3733,41,2,2,4,2,1,0.45555556,Q25_50,0,0,1
7,91,7854,86,28,2,4,2,2,0.95555556,Q75_100,0,0,2
7,91,5852,64,28,2,4,2,2,0.71111111,Q50_75,0,0,2
7,91,2456,26,90,2,4,2,2,0.28888889,Q25_50,0,0,2
7,91,7102,78,4,2,4,2,1,0.86666667,Q75_100,1,1,1
7,91,1665,18,27,2,4,2,2,0.2,Q0_25,0,1,2
7,91,1563,17,16,2,4,2,2,0.18888889,Q0_25,0,1,2
7,91,7069,77,62,2,4,2,2,0.85555556,Q75_100,0,0,2
7,91,165,1,74,2,3,1,2,0.01111111,Q0_25,0,0,2
7,91,5355,58,77,2,4,2,2,0.64444444,Q50_75,0,1,2
7,91,4719,51,78,2,4,2,2,0.56666667,Q50_75,0,1,2
7,91,8168,89,69,2,4,2,2,0.98888889,Q75_100,0,0,2
7,91,190,2,8,2,3,1,1,0.02222222,Q0_25,0,0,1
7,91,5707,62,65,2,4,2,2,0.68888889,Q50_75,0,1,2
7,91,3645,40,5,2,4,2,1,0.44444444,Q25_50,1,1,1
7,91,4094,44,90,2,4,2,2,0.48888889,Q25_50,0,0,2
7,91,2517,27,60,2,4,2,2,0.3,Q25_50,0,0,2
7,91,1060,11,59,2,4,2,2,0.12222222,Q0_25,0,1,2
7,91,2794,30,64,2,4,2,2,0.33333333,Q25_50,0,1,2
7,91,6899,75,74,2,4,2,2,0.83333333,Q75_100,0,1,2
7,91,522,5,67,2,3,1,2,0.05555556,Q0_25,0,0,2
7,91,3026,33,23,2,4,2,2,0.36666667,Q25_50,1,2,2
7,91,8276,90,86,2,4,2,2,1.0,Q75_100,0,1,2
7,91,6288,69,9,2,4,2,1,0.76666667,Q75_100,0,0,1
7,91,2411,26,45,2,4,2,2,0.28888889,Q25_50,0,0,2
7,91,1978,21,67,2,4,2,2,0.23333333,Q0_25,0,0,2
7,91,2087,22,85,2,4,2,2,0.24444444,Q0_25,0,0,2
7,91,4489,49,30,2,4,2,2,0.54444444,Q50_75,0,0,2
7,91,3744,41,13,2,4,2,2,0.45555556,Q25_50,0,1,2
7,91,6511,71,50,2,4,2,2,0.78888889,Q75_100,0,1,2
7,91,6778,74,44,2,4,2,2,0.82222222,Q75_100,0,0,2
7,91,3804,41,73,2,4,2,2,0.45555556,Q25_50,0,1,2
7,91,4847,53,24,2,4,2,2,0.58888889,Q50_75,0,1,2
7,91,6640,72,88,2,4,2,2,0.8,Q75_100,0,1,2
7,91,5890,64,66,2,4,2,2,0.71111111,Q50_75,0,0,2
7,91,5590,61,39,2,4,2,2,0.67777778,Q50_75,0,0,2
7,91,521,5,66,2,3,1,2,0.05555556,Q0_25,0,0,2
7,91,7410,81,39,2,4,2,2,0.9,Q75_100,0,0,2
7,91,2165,23,72,2,4,2,2,0.25555556,Q25_50,0,0,2
7,91,1021,11,20,2,4,2,2,0.12222222,Q0_25,0,1,2
7,91,621,6,75,2,3,1,2,0.06666667,Q0_25,0,1,2
7,91,3168,34,74,2,4,2,2,0.37777778,Q25_50,0,0,2
7,91,6967,76,51,2,4,2,2,0.84444444,Q75_100,0,1,2
7,91,248,2,66,2,3,1,2,0.02222222,Q0_25,0,0,2
7,91,1047,11,46,2,4,2,2,0.12222222,Q0_25,0,0,2
7,91,8130,89,31,2,4,2,2,0.98888889,Q75_100,0,1,2
7,91,5448,59,79,2,4,2,2,0.65555556,Q50_75,0,1,2
7,91,3093,33,90,2,4,2,2,0.36666667,Q25_50,0,0,2
7,91,925,10,15,2,3,2,2,0.11111111,Q0_25,0,0,2
7,91,3266,35,81,2,4,2,2,0.38888889,Q25_50,0,0,2
7,91,5646,62,4,2,4,2,1,0.68888889,Q50_75,1,1,1
7,91,6862,75,37,2,4,2,2,0.83333333,Q75_100,0,1,2
7,91,1561,17,14,2,4,2,2,0.18888889,Q0_25,0,1,2
7,91,2773,30,43,2,4,2,2,0.33333333,Q25_50,0,1,2
7,91,675,7,38,2,3,1,2,0.07777778,Q0_25,0,0,2
7,91,3915,43,2,2,4,2,1,0.47777778,Q25_50,0,0,1
7,91,7941,87,24,2,4,2,2,0.96666667,Q75_100,0,1,2
7,91,808,8,80,2,3,1,2,0.08888889,Q0_25,0,0,2
7,91,1529,16,73,2,4,2,2,0.17777778,Q0_25,0,0,2
7,91,2252,24,68,2,4,2,2,0.26666667,Q25_50,0,1,2
7,91,4162,45,67,2,4,2,2,0.5,Q50_75,1,2,2
7,91,3251,35,66,2,4,2,2,0.38888889,Q25_50,0,1,2
7,91,1726,18,88,2,4,2,2,0.2,Q0_25,0,0,2
7,91,6476,71,15,2,4,2,2,0.78888889,Q75_100,0,1,2
7,91,7792,85,57,2,4,2,2,0.94444444,Q75_100,0,1,2
7,91,6264,68,76,2,4,2,2,0.75555556,Q75_100,0,1,2
7,91,3001,32,89,2,4,2,2,0.35555556,Q25_50,0,1,2
7,91,1135,12,43,2,4,2,2,0.13333333,Q0_25,0,0,2
7,91,7801,85,66,2,4,2,2,0.94444444,Q75_100,0,0,2
7,91,1100,12,8,2,4,2,1,0.13333333,Q0_25,0,0,1
7,91,6972,76,56,2,4,2,2,0.84444444,Q75_100,0,1,2
7,91,6809,74,75,2,4,2,2,0.82222222,Q75_100,1,2,2
7,91,3226,35,41,2,4,2,2,0.38888889,Q25_50,0,0,2
7,91,7523,82,61,2,4,2,2,0.91111111,Q75_100,0,1,2
7,91,1374,15,9,2,4,2,1,0.16666667,Q0_25,0,0,1
7,91,2454,26,88,2,4,2,2,0.28888889,Q25_50,0,1,2
7,91,6941,76,25,2,4,2,2,0.84444444,Q75_100,1,2,2
7,91,4780,52,48,2,4,2,2,0.57777778,Q50_75,0,0,2
7,91,7749,85,14,2,4,2,2,0.94444444,Q75_100,0,1,2
7,91,4384,48,16,2,4,2,2,0.53333333,Q50_75,0,1,2
7,91,6389,70,19,2,4,2,2,0.77777778,Q75_100,0,1,2
7,91,1966,21,55,2,4,2,2,0.23333333,Q0_25,1,2,2
7,91,5542,60,82,2,4,2,2,0.66666667,Q50_75,0,1,2
7,91,5057,55,52,2,4,2,2,0.61111111,Q50_75,0,0,2
7,91,5378,59,9,2,4,2,1,0.65555556,Q50_75,0,0,1
7,91,2500,27,43,2,4,2,2,0.3,Q25_50,0,1,2
7,91,4635,50,85,2,4,2,2,0.55555556,Q50_75,0,0,2
7,91,146,1,55,2,3,1,2,0.01111111,Q0_25,0,0,2
7,91,6154,67,57,2,4,2,2,0.74444444,Q50_75,0,0,2
7,91,4926,54,12,2,4,2,2,0.6,Q50_75,0,0,2
7,91,5554,61,3,2,4,2,1,0.67777778,Q50_75,0,0,1
8,143,2143,14,141,3,4,2,3,0.09859155,Q0_25,0,1,3
8,143,8623,60,43,3,4,2,2,0.42253521,Q25_50,1,2,2
8,143,12643,88,59,3,5,2,2,0.61971831,Q50_75,0,0,2
8,143,18858,131,125,3,5,3,3,0.92253521,Q75_100,0,2,3
8,143,17326,121,23,3,5,3,2,0.85211268,Q75_100,1,2,2
8,143,14220,99,63,3,5,2,2,0.6971831,Q50_75,1,2,2
8,143,11273,78,119,3,5,2,3,0.54929577,Q50_75,0,2,3
8,143,2316,16,28,3,4,2,2,0.11267606,Q0_25,0,1,2
8,143,14981,104,109,3,5,3,3,0.73239437,Q50_75,0,2,3
8,143,6557,45,122,3,4,2,3,0.31690141,Q25_50,0,2,3
8,143,4730,33,11,3,4,2,2,0.23239437,Q0_25,0,1,2
8,143,14281,99,124,3,5,2,3,0.6971831,Q50_75,0,2,3
8,143,17857,124,125,3,5,3,3,0.87323944,Q75_100,0,2,3
8,143,6680,46,102,3,4,2,3,0.32394366,Q25_50,0,2,3
8,143,7170,50,20,3,4,2,2,0.35211268,Q25_50,0,1,2
8,143,6876,48,12,3,4,2,2,0.33802817,Q25_50,0,1,2
8,143,1711,11,138,3,4,2,3,0.07746479,Q0_25,0,2,3
8,143,13431,93,132,3,5,2,3,0.65492958,Q50_75,0,2,3
8,143,18063,126,45,3,5,3,2,0.88732394,Q75_100,0,1,2
8,143,5740,40,20,3,4,2,2,0.28169014,Q25_50,0,1,2
8,143,17218,120,58,3,5,3,2,0.84507042,Q75_100,0,0,2
8,143,13642,95,57,3,5,2,2,0.66901408,Q50_75,0,1,2
8,143,3932,27,71,3,4,2,2,0.19014085,Q0_25,0,0,2
8,143,4167,29,20,3,4,2,2,0.20422535,Q0_25,0,0,2
8,143,17631,123,42,3,5,3,2,0.86619718,Q75_100,0,1,2
8,143,1904,13,45,3,4,2,2,0.0915493,Q0_25,0,1,2
8,143,12161,85,6,3,5,2,1,0.59859155,Q50_75,0,0,1
8,143,2388,16,100,3,4,2,3,0.11267606,Q0_25,0,1,3
8,143,14436,100,136,3,5,3,3,0.70422535,Q50_75,0,2,3
8,143,20400,142,94,3,5,3,2,1.0,Q75_100,0,0,2
8,143,14947,104,75,3,5,3,2,0.73239437,Q50_75,0,1,2
8,143,15340,107,39,3,5,3,2,0.75352113,Q75_100,0,0,2
8,143,8822,61,99,3,4,2,2,0.42957746,Q25_50,0,0,2
8,143,2916,20,56,3,4,2,2,0.14084507,Q0_25,0,0,2
8,143,1112,7,111,3,4,1,3,0.04929577,Q0_25,0,2,3
8,143,18360,128,56,3,5,3,2,0.90140845,Q75_100,0,1,2
8,143,8839,61,116,3,4,2,3,0.42957746,Q25_50,0,2,3
8,143,339,2,53,3,3,1,2,0.01408451,Q0_25,0,0,2
8,143,8898,62,32,3,4,2,2,0.43661972,Q25_50,0,1,2
8,143,15498,108,54,3,5,3,2,0.76056338,Q75_100,0,1,2
8,143,18688,130,98,3,5,3,2,0.91549296,Q75_100,0,1,2
8,143,6813,47,92,3,4,2,2,0.33098592,Q25_50,0,1,2
8,143,2306,16,18,3,4,2,2,0.11267606,Q0_25,0,1,2
8,143,4162,29,15,3,4,2,2,0.20422535,Q0_25,0,1,2
8,143,11646,81,63,3,5,2,2,0.57042254,Q50_75,0,1,2
8,143,11508,80,68,3,5,2,2,0.56338028,Q50_75,0,1,2
8,143,6899,48,35,3,4,2,2,0.33802817,Q25_50,0,1,2
8,143,7387,51,94,3,4,2,2,0.35915493,Q25_50,0,1,2
8,143,13082,91,69,3,5,2,2,0.64084507,Q50_75,0,0,2
8,143,14977,104,105,3,5,3,3,0.73239437,Q50_75,0,1,3
8,143,1675,11,102,3,4,2,3,0.07746479,Q0_25,0,1,3
8,143,11799,82,73,3,5,2,2,0.57746479,Q50_75,0,1,2
8,143,12634,88,50,3,5,2,2,0.61971831,Q50_75,0,1,2
8,143,8728,61,5,3,4,2,1,0.42957746,Q25_50,0,0,1
8,143,9278,64,126,3,4,2,3,0.45070423,Q25_50,0,1,3
8,143,5381,37,90,3,4,2,2,0.26056338,Q25_50,0,1,2
8,143,7501,52,65,3,4,2,2,0.36619718,Q25_50,0,0,2
8,143,5239,36,91,3,4,2,2,0.25352113,Q25_50,0,0,2
8,143,13908,97,37,3,5,2,2,0.68309859,Q50_75,0,0,2
8,143,4007,28,3,3,4,2,1,0.1971831,Q0_25,1,1,1
8,143,13473,94,31,3,5,2,2,0.66197183,Q50_75,0,1,2
8,143,9375,65,80,3,4,2,2,0.45774648,Q25_50,0,1,2
8,143,15146,105,131,3,5,3,3,0.73943662,Q50_75,0,2,3
8,143,9981,69,114,3,4,2,3,0.48591549,Q25_50,0,2,3
8,143,960,6,102,3,3,1,3,0.04225352,Q0_25,0,1,3
8,143,18095,126,77,3,5,3,2,0.88732394,Q75_100,0,1,2
8,143,19653,137,62,3,5,3,2,0.96478873,Q75_100,0,1,2
8,143,18267,127,106,3,5,3,3,0.8943662,Q75_100,0,2,3
8,143,4257,29,110,3,4,2,3,0.20422535,Q0_25,0,2,3
8,143,14060,98,46,3,5,2,2,0.69014085,Q50_75,0,1,2
8,143,2985,20,125,3,4,2,3,0.14084507,Q0_25,0,2,3
8,143,232,1,89,3,3,1,2,0.00704225,Q0_25,0,0,2
8,143,7394,51,101,3,4,2,3,0.35915493,Q25_50,0,1,3
8,143,14375,100,75,3,5,3,2,0.70422535,Q50_75,0,1,2
8,143,8776,61,53,3,4,2,2,0.42957746,Q25_50,0,1,2
8,143,4225,29,78,3,4,2,2,0.20422535,Q0_25,0,1,2
8,143,10568,73,129,3,5,2,3,0.51408451,Q50_75,0,2,3
8,143,2262,15,117,3,4,2,3,0.1056338,Q0_25,0,1,3
8,143,14713,102,127,3,5,3,3,0.71830986,Q50_75,0,1,3
8,143,8765,61,42,3,4,2,2,0.42957746,Q25_50,0,1,2
8,143,9024,63,15,3,4,2,2,0.44366197,Q25_50,0,0,2
8,143,9086,63,77,3,4,2,2,0.44366197,Q25_50,0,1,2
8,143,1342,9,55,3,4,1,2,0.06338028,Q0_25,0,1,2
8,143,18521,129,74,3,5,3,2,0.9084507,Q75_100,0,1,2
8,143,15374,107,73,3,5,3,2,0.75352113,Q75_100,1,2,2
8,143,10450,73,11,3,5,2,2,0.51408451,Q50_75,0,1,2
8,143,10612,74,30,3,5,2,2,0.52112676,Q50_75,0,0,2
8,143,3293,23,4,3,4,2,1,0.16197183,Q0_25,0,0,1
8,143,14765,103,36,3,5,3,2,0.72535211,Q50_75,0,1,2
8,143,8516,59,79,3,4,2,2,0.41549296,Q25_50,0,0,2
8,143,12293,85,138,3,5,2,3,0.59859155,Q50_75,0,2,3
8,143,4960,34,98,3,4,2,2,0.23943662,Q0_25,0,1,2
8,143,7887,55,22,3,4,2,2,0.38732394,Q25_50,0,0,2
8,143,6979,48,115,3,4,2,3,0.33802817,Q25_50,0,2,3
8,143,8227,57,76,3,4,2,2,0.40140845,Q25_50,0,1,2
8,143,11809,82,83,3,5,2,2,0.57746479,Q50_75,1,2,2
8,143,13139,91,126,3,5,2,3,0.64084507,Q50_75,0,2,3
8,143,15021,105,6,3,5,3,1,0.73943662,Q50_75,0,0,1
8,143,1041,7,40,3,4,1,2,0.04929577,Q0_25,0,1,2
8,143,9544,66,106,3,4,2,3,0.46478873,Q25_50,0,1,3
8,143,761,5,46,3,3,1,2,0.03521127,Q0_25,0,0,2
8,143,9149,63,140,3,4,2,3,0.44366197,Q25_50,0,1,3
8,143,19544,136,96,3,5,3,2,0.95774648,Q75_100,0,0,2
8,143,17655,123,66,3,5,3,2,0.86619718,Q75_100,0,1,2
8,143,12057,84,45,3,5,2,2,0.5915493,Q50_75,0,1,2
8,143,16133,112,117,3,5,3,3,0.78873239,Q75_100,0,1,3
8,143,3592,25,17,3,4,2,2,0.17605634,Q0_25,0,1,2
8,143,2782,19,65,3,4,2,2,0.13380282,Q0_25,0,1,2
8,143,13132,91,119,3,5,2,3,0.64084507,Q50_75,0,2,3
8,143,6506,45,71,3,4,2,2,0.31690141,Q25_50,0,1,2
8,143,18655,130,65,3,5,3,2,0.91549296,Q75_100,0,1,2
8,143,13177,92,21,3,5,2,2,0.64788732,Q50_75,0,1,2
8,143,19996,139,119,3,5,3,3,0.97887324,Q75_100,0,1,3
8,143,11149,77,138,3,5,2,3,0.54225352,Q50_75,0,2,3
8,143,3356,23,67,3,4,2,2,0.16197183,Q0_25,0,1,2
8,143,10904,76,36,3,5,2,2,0.53521127,Q50_75,0,1,2
8,143,12123,84,111,3,5,2,3,0.5915493,Q50_75,0,1,3
8,143,4865,34,3,3,4,2,1,0.23943662,Q0_25,1,1,1
8,143,1958,13,99,3,4,2,2,0.0915493,Q0_25,0,1,2
8,143,1497,10,67,3,4,2,2,0.07042254,Q0_25,0,0,2
8,143,16407,114,105,3,5,3,3,0.8028169,Q75_100,0,1,3
8,143,4140,28,136,3,4,2,3,0.1971831,Q0_25,0,2,3
8,143,7545,52,109,3,4,2,3,0.36619718,Q25_50,0,1,3
8,143,11095,77,84,3,5,2,2,0.54225352,Q50_75,0,1,2
8,143,1870,13,11,3,4,2,2,0.0915493,Q0_25,0,1,2
8,143,8048,56,40,3,4,2,2,0.3943662,Q25_50,0,1,2
8,143,1002,7,1,3,4,1,1,0.04929577,Q0_25,0,0,1
8,143,20219,141,56,3,5,3,2,0.99295775,Q75_100,0,0,2
8,143,20314,142,8,3,5,3,1,1.0,Q75_100,0,0,1
8,143,11418,79,121,3,5,2,3,0.55633803,Q50_75,0,1,3
8,143,16868,117,137,3,5,3,3,0.82394366,Q75_100,0,1,3
8,143,3237,22,91,3,4,2,2,0.15492958,Q0_25,0,0,2
8,143,15529,108,85,3,5,3,2,0.76056338,Q75_100,0,1,2
8,143,12230,85,75,3,5,2,2,0.59859155,Q50_75,0,1,2
8,143,8541,59,104,3,4,2,3,0.41549296,Q25_50,0,1,3
8,143,19581,136,133,3,5,3,3,0.95774648,Q75_100,1,3,3
8,143,13123,91,110,3,5,2,3,0.64084507,Q50_75,0,1,3
8,143,14940,104,68,3,5,3,2,0.73239437,Q50_75,0,0,2
8,143,8168,57,17,3,4,2,2,0.40140845,Q25_50,0,1,2
8,143,14935,104,63,3,5,3,2,0.73239437,Q50_75,1,2,2
8,143,17453,122,7,3,5,3,1,0.85915493,Q75_100,0,0,1
8,143,15278,106,120,3,5,3,3,0.74647887,Q50_75,0,2,3
8,143,11735,82,9,3,5,2,1,0.57746479,Q50_75,0,0,1
8,143,10838,75,113,3,5,2,3,0.52816901,Q50_75,0,2,3
8,143,16810,117,79,3,5,3,2,0.82394366,Q75_100,0,0,2
8,143,11720,81,137,3,5,2,3,0.57042254,Q50_75,0,2,3
8,143,18266,127,105,3,5,3,3,0.8943662,Q75_100,0,2,3
8,143,18861,131,128,3,5,3,3,0.92253521,Q75_100,0,1,3
8,143,19800,138,66,3,5,3,2,0.97183099,Q75_100,0,0,2
8,143,11907,83,38,3,5,2,2,0.58450704,Q50_75,0,1,2
8,143,12635,88,51,3,5,2,2,0.61971831,Q50_75,0,1,2
8,143,15881,111,8,3,5,3,1,0.78169014,Q75_100,0,0,1
8,143,1690,11,117,3,4,2,3,0.07746479,Q0_25,0,2,3
8,143,13317,93,18,3,5,2,2,0.65492958,Q50_75,0,0,2
8,143,11406,79,109,3,5,2,3,0.55633803,Q50_75,0,1,3
8,143,14456,101,13,3,5,3,2,0.71126761,Q50_75,1,2,2
8,143,2712,18,138,3,4,2,3,0.12676056,Q0_25,0,2,3
8,143,9850,68,126,3,4,2,3,0.47887324,Q25_50,0,1,3
8,143,7134,49,127,3,4,2,3,0.34507042,Q25_50,0,2,3
8,143,10819,75,94,3,5,2,2,0.52816901,Q50_75,0,0,2
8,143,4881,34,19,3,4,2,2,0.23943662,Q0_25,0,0,2
8,143,10132,70,122,3,5,2,3,0.49295775,Q25_50,0,1,3
8,143,18771,131,38,3,5,3,2,0.92253521,Q75_100,0,0,2
8,143,6478,45,43,3,4,2,2,0.31690141,Q25_50,1,2,2
8,143,12292,85,137,3,5,2,3,0.59859155,Q50_75,0,2,3
8,143,9115,63,106,3,4,2,3,0.44366197,Q25_50,0,2,3
8,143,9816,68,92,3,4,2,2,0.47887324,Q25_50,0,1,2
8,143,13961,97,90,3,5,2,2,0.68309859,Q50_75,0,1,2
8,143,7779,54,57,3,4,2,2,0.38028169,Q25_50,0,1,2
8,143,14777,103,48,3,5,3,2,0.72535211,Q50_75,0,1,2
8,143,9809,68,85,3,4,2,2,0.47887324,Q25_50,0,1,2
8,143,15614,109,27,3,5,3,2,0.76760563,Q75_100,0,0,2
8,143,18620,130,30,3,5,3,2,0.91549296,Q75_100,0,0,2
8,143,14732,103,3,3,5,3,1,0.72535211,Q50_75,1,1,1
8,143,14000,97,129,3,5,2,3,0.68309859,Q50_75,0,2,3
8,143,12891,90,21,3,5,2,2,0.63380282,Q50_75,0,1,2
8,143,1396,9,109,3,4,1,3,0.06338028,Q0_25,0,1,3
8,143,4052,28,48,3,4,2,2,0.1971831,Q0_25,0,1,2
8,143,1826,12,110,3,4,2,3,0.08450704,Q0_25,0,1,3
8,143,17214,120,54,3,5,3,2,0.84507042,Q75_100,0,1,2
8,143,4306,30,16,3,4,2,2,0.21126761,Q0_25,0,1,2
8,143,3574,24,142,3,4,2,3,0.16901408,Q0_25,0,1,3
8,143,20107,140,87,3,5,3,2,0.98591549,Q75_100,0,0,2
8,143,11974,83,105,3,5,2,3,0.58450704,Q50_75,0,1,3
8,143,9568,66,130,3,4,2,3,0.46478873,Q25_50,0,2,3
8,143,15248,106,90,3,5,3,2,0.74647887,Q50_75,0,1,2
8,143,16208,113,49,3,5,3,2,0.79577465,Q75_100,0,1,2
8,143,1717,12,1,3,4,2,1,0.08450704,Q0_25,0,0,1
8,143,653,4,81,3,3,1,2,0.02816901,Q0_25,0,0,2
8,143,14092,98,78,3,5,2,2,0.69014085,Q50_75,0,1,2
8,143,12993,90,123,3,5,2,3,0.63380282,Q50_75,1,3,3
8,143,8286,57,135,3,4,2,3,0.40140845,Q25_50,0,2,3
8,143,9991,69,124,3,4,2,3,0.48591549,Q25_50,0,1,3
8,143,11272,78,118,3,5,2,3,0.54929577,Q50_75,0,2,3
8,143,10751,75,26,3,5,2,2,0.52816901,Q50_75,0,1,2
8,143,20322,142,16,3,5,3,2,1.0,Q75_100,0,1,2
8,143,19471,136,23,3,5,3,2,0.95774648,Q75_100,1,2,2
8,143,19380,135,75,3,5,3,2,0.95070423,Q75_100,0,0,2
8,143,6084,42,78,3,4,2,2,0.29577465,Q25_50,0,0,2
8,143,1507,10,77,3,4,2,2,0.07042254,Q0_25,0,1,2
8,143,6212,43,63,3,4,2,2,0.3028169,Q25_50,1,2,2
8,143,12755,89,28,3,5,2,2,0.62676056,Q50_75,0,1,2
8,143,13872,97,1,3,5,2,1,0.68309859,Q50_75,0,0,1
8,143,12064,84,52,3,5,2,2,0.5915493,Q50_75,0,0,2
8,143,11500,80,60,3,5,2,2,0.56338028,Q50_75,0,1,2
8,143,6950,48,86,3,4,2,2,0.33802817,Q25_50,0,1,2
8,143,5112,35,107,3,4,2,3,0.24647887,Q0_25,0,2,3
8,143,16021,112,5,3,5,3,1,0.78873239,Q75_100,0,0,1
8,143,1701,11,128,3,4,2,3,0.07746479,Q0_25,0,2,3
8,143,10853,75,128,3,5,2,3,0.52816901,Q50_75,0,2,3
8,143,9777,68,53,3,4,2,2,0.47887324,Q25_50,1,2,2
8,143,7485,52,49,3,4,2,2,0.36619718,Q25_50,0,1,2
8,143,16733,117,2,3,5,3,1,0.82394366,Q75_100,0,0,1
8,143,8043,56,35,3,4,2,2,0.3943662,Q25_50,0,1,2
8,143,16358,114,56,3,5,3,2,0.8028169,Q75_100,0,1,2
8,143,4628,32,52,3,4,2,2,0.22535211,Q0_25,0,0,2
8,143,19117,133,98,3,5,3,2,0.93661972,Q75_100,0,0,2
8,143,7294,51,1,3,4,2,1,0.35915493,Q25_50,0,0,1
8,143,3752,26,34,3,4,2,2,0.18309859,Q0_25,0,1,2
8,143,308,2,22,3,3,1,2,0.01408451,Q0_25,0,0,2
8,143,7639,53,60,3,4,2,2,0.37323944,Q25_50,0,0,2
8,143,20008,139,131,3,5,3,3,0.97887324,Q75_100,0,2,3
8,143,8834,61,111,3,4,2,3,0.42957746,Q25_50,0,2,3
8,143,18113,126,95,3,5,3,2,0.88732394,Q75_100,0,1,2
8,143,6943,48,79,3,4,2,2,0.33802817,Q25_50,0,1,2
8,143,10184,71,31,3,5,2,2,0.5,Q50_75,0,0,2
8,143,13410,93,111,3,5,2,3,0.65492958,Q50_75,0,2,3
8,143,1587,11,14,3,4,2,2,0.07746479,Q0_25,0,1,2
8,143,2385,16,97,3,4,2,2,0.11267606,Q0_25,0,1,2
8,143,2781,19,64,3,4,2,2,0.13380282,Q0_25,0,1,2
8,143,3009,21,6,3,4,2,1,0.14788732,Q0_25,0,0,1
8,143,17404,121,101,3,5,3,3,0.85211268,Q75_100,0,1,3
8,143,1114,7,113,3,4,1,3,0.04929577,Q0_25,1,3,3
8,143,2414,16,126,3,4,2,3,0.11267606,Q0_25,0,2,3
8,143,12928,90,58,3,5,2,2,0.63380282,Q50_75,0,1,2
8,143,4308,30,18,3,4,2,2,0.21126761,Q0_25,0,0,2
8,143,14355,100,55,3,5,3,2,0.70422535,Q50_75,0,1,2
8,143,13718,95,133,3,5,2,3,0.66901408,Q50_75,1,3,3
8,143,2235,15,90,3,4,2,2,0.1056338,Q0_25,0,0,2
8,143,2758,19,41,3,4,2,2,0.13380282,Q0_25,0,0,2
8,143,13527,94,85,3,5,2,2,0.66197183,Q50_75,0,1,2
8,143,8330,58,36,3,4,2,2,0.4084507,Q25_50,0,1,2
8,143,15331,107,30,3,5,3,2,0.75352113,Q75_100,0,0,2
8,143,4317,30,27,3,4,2,2,0.21126761,Q0_25,0,1,2
8,143,12527,87,86,3,5,2,2,0.61267606,Q50_75,0,1,2
8,143,11989,83,120,3,5,2,3,0.58450704,Q50_75,0,1,3
8,143,17904,125,29,3,5,3,2,0.88028169,Q75_100,0,0,2
8,143,18932,132,56,3,5,3,2,0.92957746,Q75_100,0,0,2
8,143,10603,74,21,3,5,2,2,0.52112676,Q50_75,0,1,2
8,143,19589,136,141,3,5,3,3,0.95774648,Q75_100,0,2,3
8,143,13535,94,93,3,5,2,2,0.66197183,Q50_75,1,2,2
8,143,11625,81,42,3,5,2,2,0.57042254,Q50_75,0,0,2
8,143,15490,108,46,3,5,3,2,0.76056338,Q75_100,0,1,2
8,143,19654,137,63,3,5,3,2,0.96478873,Q75_100,1,2,2
8,143,16470,115,25,3,5,3,2,0.80985915,Q75_100,0,1,2
8,143,17654,123,65,3,5,3,2,0.86619718,Q75_100,0,1,2
8,143,5052,35,47,3,4,2,2,0.24647887,Q0_25,0,1,2
8,143,16950,118,76,3,5,3,2,0.83098592,Q75_100,0,1,2
8,143,17099,119,82,3,5,3,2,0.83802817,Q75_100,0,1,2
8,143,14352,100,52,3,5,3,2,0.70422535,Q50_75,0,1,2
8,143,8010,56,2,3,4,2,1,0.3943662,Q25_50,0,0,1
8,143,755,5,40,3,3,1,2,0.03521127,Q0_25,0,0,2
8,143,19612,137,21,3,5,3,2,0.96478873,Q75_100,0,1,2
8,143,11367,79,70,3,5,2,2,0.55633803,Q50_75,0,0,2
8,143,4088,28,84,3,4,2,2,0.1971831,Q0_25,0,1,2
8,143,7199,50,49,3,4,2,2,0.35211268,Q25_50,0,1,2
8,143,14551,101,108,3,5,3,3,0.71126761,Q50_75,0,2,3
8,143,16173,113,14,3,5,3,2,0.79577465,Q75_100,0,1,2
8,143,5705,39,128,3,4,2,3,0.27464789,Q25_50,0,2,3
8,143,13437,93,138,3,5,2,3,0.65492958,Q50_75,0,2,3
8,143,12590,88,6,3,5,2,1,0.61971831,Q50_75,0,0,1
8,143,10201,71,48,3,5,2,2,0.5,Q50_75,0,1,2
8,143,16207,113,48,3,5,3,2,0.79577465,Q75_100,0,1,2
8,143,2354,16,66,3,4,2,2,0.11267606,Q0_25,0,1,2
8,143,11389,79,92,3,5,2,2,0.55633803,Q50_75,0,0,2
8,143,12390,86,92,3,5,2,2,0.6056338,Q50_75,0,1,2
8,143,20368,142,62,3,5,3,2,1.0,Q75_100,0,1,2
8,143,2966,20,106,3,4,2,3,0.14084507,Q0_25,0,2,3
8,143,14250,99,93,3,5,2,2,0.6971831,Q50_75,1,2,2
8,143,3170,22,24,3,4,2,2,0.15492958,Q0_25,0,1,2
8,143,14969,104,97,3,5,3,2,0.73239437,Q50_75,0,1,2
8,143,8488,59,51,3,4,2,2,0.41549296,Q25_50,0,1,2
8,143,8348,58,54,3,4,2,2,0.4084507,Q25_50,0,1,2
8,143,14849,103,120,3,5,3,3,0.72535211,Q50_75,0,1,3
8,143,266,1,123,3,3,1,3,0.00704225,Q0_25,0,1,3
8,143,10200,71,47,3,5,2,2,0.5,Q50_75,0,1,2
8,143,10099,70,89,3,5,2,2,0.49295775,Q25_50,0,1,2
8,143,9357,65,62,3,4,2,2,0.45774648,Q25_50,0,1,2
8,143,7764,54,42,3,4,2,2,0.38028169,Q25_50,0,0,2
8,143,10916,76,48,3,5,2,2,0.53521127,Q50_75,0,1,2
8,143,4585,32,9,3,4,2,1,0.22535211,Q0_25,0,0,1
8,143,612,4,40,3,3,1,2,0.02816901,Q0_25,0,0,2
8,143,14659,102,73,3,5,3,2,0.71830986,Q50_75,1,2,2
8,143,12251,85,96,3,5,2,2,0.59859155,Q50_75,0,1,2
8,143,10593,74,11,3,5,2,2,0.52112676,Q50_75,0,1,2
8,143,9714,67,133,3,4,2,3,0.47183099,Q25_50,1,3,3
8,143,12181,85,26,3,5,2,2,0.59859155,Q50_75,0,0,2
8,143,6292,44,0,3,4,2,1,0.30985915,Q25_50,0,0,1
8,143,13948,97,77,3,5,2,2,0.68309859,Q50_75,0,1,2
8,143,13888,97,17,3,5,2,2,0.68309859,Q50_75,0,1,2
8,143,11770,82,44,3,5,2,2,0.57746479,Q50_75,0,1,2
8,143,3491,24,59,3,4,2,2,0.16901408,Q0_25,0,0,2
8,143,7224,50,74,3,4,2,2,0.35211268,Q25_50,0,1,2
8,143,848,5,133,3,3,1,3,0.03521127,Q0_25,0,1,3
8,143,2700,18,126,3,4,2,3,0.12676056,Q0_25,0,2,3
8,143,13568,94,126,3,5,2,3,0.66197183,Q50_75,0,2,3
8,143,2170,15,25,3,4,2,2,0.1056338,Q0_25,0,1,2
8,143,8436,58,142,3,4,2,3,0.4084507,Q25_50,0,1,3
8,143,15692,109,105,3,5,3,3,0.76760563,Q75_100,0,1,3
8,143,8064,56,56,3,4,2,2,0.3943662,Q25_50,0,1,2
8,143,2123,14,121,3,4,2,3,0.09859155,Q0_25,0,1,3
8,143,4636,32,60,3,4,2,2,0.22535211,Q0_25,0,0,2
8,143,18915,132,39,3,5,3,2,0.92957746,Q75_100,0,0,2
8,143,16759,117,28,3,5,3,2,0.82394366,Q75_100,0,1,2
8,143,2703,18,129,3,4,2,3,0.12676056,Q0_25,0,2,3
8,143,17407,121,104,3,5,3,3,0.85211268,Q75_100,0,1,3
8,143,6135,42,129,3,4,2,3,0.29577465,Q25_50,0,1,3
8,143,18070,126,52,3,5,3,2,0.88732394,Q75_100,0,1,2
8,143,1172,8,28,3,4,1,2,0.05633803,Q0_25,0,0,2
8,143,5627,39,50,3,4,2,2,0.27464789,Q25_50,0,0,2
8,143,812,5,97,3,3,1,2,0.03521127,Q0_25,0,0,2
8,143,11427,79,130,3,5,2,3,0.55633803,Q50_75,0,1,3
8,143,14677,102,91,3,5,3,2,0.71830986,Q50_75,0,0,2
8,143,13100,91,87,3,5,2,2,0.64084507,Q50_75,0,1,2
8,143,15000,104,128,3,5,3,3,0.73239437,Q50_75,0,2,3
8,143,12020,84,8,3,5,2,1,0.5915493,Q50_75,0,0,1
8,143,1287,9,0,3,4,1,1,0.06338028,Q0_25,0,0,1
8,143,16330,114,28,3,5,3,2,0.8028169,Q75_100,0,1,2
8,143,340,2,54,3,3,1,2,0.01408451,Q0_25,0,0,2
8,143,836,5,121,3,3,1,3,0.03521127,Q0_25,0,1,3
8,143,8066,56,58,3,4,2,2,0.3943662,Q25_50,0,0,2
8,143,127,0,127,3,3,1,3,0.0,Q0_25,0,1,3
8,143,17704,123,115,3,5,3,3,0.86619718,Q75_100,0,1,3
8,143,16107,112,91,3,5,3,2,0.78873239,Q75_100,0,1,2
8,143,11930,83,61,3,5,2,2,0.58450704,Q50_75,0,1,2
8,143,12108,84,96,3,5,2,2,0.5915493,Q50_75,0,1,2
8,143,3050,21,47,3,4,2,2,0.14788732,Q0_25,0,1,2
8,143,6392,44,100,3,4,2,3,0.30985915,Q25_50,0,1,3
8,143,13488,94,46,3,5,2,2,0.66197183,Q50_75,0,1,2
8,143,10959,76,91,3,5,2,2,0.53521127,Q50_75,0,0,2
8,143,7992,55,127,3,4,2,3,0.38732394,Q25_50,0,1,3
8,143,15970,111,97,3,5,3,2,0.78169014,Q75_100,0,1,2
8,143,4498,31,65,3,4,2,2,0.21830986,Q0_25,0,1,2
8,143,13281,92,125,3,5,2,3,0.64788732,Q50_75,0,2,3
8,143,2163,15,18,3,4,2,2,0.1056338,Q0_25,0,1,2
8,143,13769,96,41,3,5,2,2,0.67605634,Q50_75,0,1,2
8,143,5405,37,114,3,4,2,3,0.26056338,Q25_50,0,2,3
8,143,11202,78,48,3,5,2,2,0.54929577,Q50_75,0,1,2
8,143,7311,51,18,3,4,2,2,0.35915493,Q25_50,0,0,2
8,143,10396,72,100,3,5,2,3,0.50704225,Q50_75,0,1,3
8,143,3370,23,81,3,4,2,2,0.16197183,Q0_25,0,1,2
8,143,12601,88,17,3,5,2,2,0.61971831,Q50_75,0,1,2
8,143,4011,28,7,3,4,2,1,0.1971831,Q0_25,0,0,1
8,143,18561,129,114,3,5,3,3,0.9084507,Q75_100,0,2,3
8,143,1598,11,25,3,4,2,2,0.07746479,Q0_25,0,1,2
8,143,7329,51,36,3,4,2,2,0.35915493,Q25_50,0,1,2
8,143,46,0,46,3,2,1,2,0.0,Q0_25,0,0,2
8,143,12991,90,121,3,5,2,3,0.63380282,Q50_75,0,2,3
8,143,19218,134,56,3,5,3,2,0.94366197,Q75_100,0,0,2
8,143,9054,63,45,3,4,2,2,0.44366197,Q25_50,0,1,2
8,143,11564,80,124,3,5,2,3,0.56338028,Q50_75,0,2,3
8,143,11331,79,34,3,5,2,2,0.55633803,Q50_75,0,0,2
8,143,543,3,114,3,3,1,3,0.02112676,Q0_25,0,2,3
8,143,3735,26,17,3,4,2,2,0.18309859,Q0_25,0,0,2
8,143,19039,133,20,3,5,3,2,0.93661972,Q75_100,0,1,2
8,143,12564,87,123,3,5,2,3,0.61267606,Q50_75,1,3,3
8,143,9215,64,63,3,4,2,2,0.45070423,Q25_50,1,2,2
8,143,14689,102,103,3,5,3,3,0.71830986,Q50_75,0,2,3
8,143,849,5,134,3,3,1,3,0.03521127,Q0_25,0,1,3
8,143,14761,103,32,3,5,3,2,0.72535211,Q50_75,0,1,2
8,143,12568,87,127,3,5,2,3,0.61267606,Q50_75,0,2,3
8,143,8047,56,39,3,4,2,2,0.3943662,Q25_50,0,0,2
8,143,13966,97,95,3,5,2,2,0.68309859,Q50_75,0,1,2
8,143,9403,65,108,3,4,2,3,0.45774648,Q25_50,0,1,3
8,143,10591,74,9,3,5,2,1,0.52112676,Q50_75,0,0,1
8,143,13029,91,16,3,5,2,2,0.64084507,Q50_75,0,1,2
8,143,2072,14,70,3,4,2,2,0.09859155,Q0_25,0,0,2
8,143,9955,69,88,3,4,2,2,0.48591549,Q25_50,0,1,2
8,143,19127,133,108,3,5,3,3,0.93661972,Q75_100,0,1,3
8,143,380,2,94,3,3,1,2,0.01408451,Q0_25,0,0,2
8,143,11467,80,27,3,5,2,2,0.56338028,Q50_75,0,1,2
8,143,7766,54,44,3,4,2,2,0.38028169,Q25_50,0,1,2
8,143,19546,136,98,3,5,3,2,0.95774648,Q75_100,0,0,2
8,143,19026,133,7,3,5,3,1,0.93661972,Q75_100,0,0,1
8,143,6981,48,117,3,4,2,3,0.33802817,Q25_50,0,2,3
8,143,3882,27,21,3,4,2,2,0.19014085,Q0_25,0,0,2
8,143,3178,22,32,3,4,2,2,0.15492958,Q0_25,0,1,2
8,143,4925,34,63,3,4,2,2,0.23943662,Q0_25,1,2,2
8,143,7845,54,123,3,4,2,3,0.38028169,Q25_50,1,3,3
8,143,10087,70,77,3,5,2,2,0.49295775,Q25_50,0,0,2
8,143,4303,30,13,3,4,2,2,0.21126761,Q0_25,1,2,2
8,143,4051,28,47,3,4,2,2,0.1971831,Q0_25,0,1,2
8,143,8878,62,12,3,4,2,2,0.43661972,Q25_50,0,1,2
8,143,15281,106,123,3,5,3,3,0.74647887,Q50_75,1,3,3
8,143,3881,27,20,3,4,2,2,0.19014085,Q0_25,0,0,2
8,143,15173,106,15,3,5,3,2,0.74647887,Q50_75,0,1,2
8,143,2484,17,53,3,4,2,2,0.11971831,Q0_25,1,2,2
8,143,18347,128,43,3,5,3,2,0.90140845,Q75_100,1,2,2
8,143,3474,24,42,3,4,2,2,0.16901408,Q0_25,0,0,2
8,143,8322,58,28,3,4,2,2,0.4084507,Q25_50,0,0,2
8,143,12697,88,113,3,5,2,3,0.61971831,Q50_75,1,3,3
8,143,3019,21,16,3,4,2,2,0.14788732,Q0_25,0,0,2
8,143,7349,51,56,3,4,2,2,0.35915493,Q25_50,0,1,2
8,143,15627,109,40,3,5,3,2,0.76760563,Q75_100,0,1,2
8,143,7533,52,97,3,4,2,2,0.36619718,Q25_50,0,0,2
8,143,11242,78,88,3,5,2,2,0.54929577,Q50_75,0,1,2
8,143,11127,77,116,3,5,2,3,0.54225352,Q50_75,0,2,3
8,143,9084,63,75,3,4,2,2,0.44366197,Q25_50,0,0,2
8,143,9285,64,133,3,4,2,3,0.45070423,Q25_50,1,3,3
8,143,11004,76,136,3,5,2,3,0.53521127,Q50_75,0,1,3
8,143,6020,42,14,3,4,2,2,0.29577465,Q25_50,0,1,2
8,143,11208,78,54,3,5,2,2,0.54929577,Q50_75,0,1,2
8,143,19293,134,131,3,5,3,3,0.94366197,Q75_100,0,2,3
8,143,9666,67,85,3,4,2,2,0.47183099,Q25_50,0,1,2
8,143,6852,47,131,3,4,2,3,0.33098592,Q25_50,0,2,3
8,143,4859,33,140,3,4,2,3,0.23239437,Q0_25,0,1,3
8,143,4899,34,37,3,4,2,2,0.23943662,Q0_25,0,1,2
8,143,19482,136,34,3,5,3,2,0.95774648,Q75_100,0,1,2
8,143,14650,102,64,3,5,3,2,0.71830986,Q50_75,0,1,2
8,143,17313,121,10,3,5,3,2,0.85211268,Q75_100,0,1,2
8,143,10128,70,118,3,5,2,3,0.49295775,Q25_50,0,1,3
8,143,16256,113,97,3,5,3,2,0.79577465,Q75_100,0,1,2
8,143,15815,110,85,3,5,3,2,0.77464789,Q75_100,0,1,2
8,143,9298,65,3,3,4,2,1,0.45774648,Q25_50,1,1,1
8,143,2024,14,22,3,4,2,2,0.09859155,Q0_25,0,1,2
8,143,3982,27,121,3,4,2,3,0.19014085,Q0_25,0,1,3
8,143,18595,130,5,3,5,3,1,0.91549296,Q75_100,0,0,1
8,143,1895,13,36,3,4,2,2,0.0915493,Q0_25,0,1,2
8,143,1226,8,82,3,4,1,2,0.05633803,Q0_25,0,0,2
8,143,4063,28,59,3,4,2,2,0.1971831,Q0_25,0,1,2
8,143,11248,78,94,3,5,2,2,0.54929577,Q50_75,0,1,2
8,143,12616,88,32,3,5,2,2,0.61971831,Q50_75,0,1,2
8,143,17577,122,131,3,5,3,3,0.85915493,Q75_100,0,2,3
8,143,17059,119,42,3,5,3,2,0.83802817,Q75_100,0,1,2
8,143,14107,98,93,3,5,2,2,0.69014085,Q50_75,1,2,2
8,143,4521,31,88,3,4,2,2,0.21830986,Q0_25,0,1,2
8,143,11060,77,49,3,5,2,2,0.54225352,Q50_75,0,1,2
8,143,83,0,83,3,2,1,2,0.0,Q0_25,0,0,2
8,143,17332,121,29,3,5,3,2,0.85211268,Q75_100,0,1,2
8,143,19051,133,32,3,5,3,2,0.93661972,Q75_100,0,1,2
8,143,14965,104,93,3,5,3,2,0.73239437,Q50_75,1,2,2
8,143,11866,82,140,3,5,2,3,0.57746479,Q50_75,0,1,3
8,143,18160,126,142,3,5,3,3,0.88732394,Q75_100,0,1,3
8,143,7343,51,50,3,4,2,2,0.35915493,Q25_50,0,1,2
8,143,7624,53,45,3,4,2,2,0.37323944,Q25_50,0,1,2
8,143,10641,74,59,3,5,2,2,0.52112676,Q50_75,0,1,2
8,143,11669,81,86,3,5,2,2,0.57042254,Q50_75,0,1,2
8,143,19153,133,134,3,5,3,3,0.93661972,Q75_100,0,1,3
8,143,2331,16,43,3,4,2,2,0.11267606,Q0_25,1,2,2
8,143,9942,69,75,3,4,2,2,0.48591549,Q25_50,0,1,2
8,143,4962,34,100,3,4,2,3,0.23943662,Q0_25,0,2,3
8,143,15590,109,3,3,5,3,1,0.76760563,Q75_100,1,1,1
8,143,12751,89,24,3,5,2,2,0.62676056,Q50_75,0,1,2
8,143,11445,80,5,3,5,2,1,0.56338028,Q50_75,0,0,1
8,143,474,3,45,3,3,1,2,0.02112676,Q0_25,0,1,2
8,143,1329,9,42,3,4,1,2,0.06338028,Q0_25,0,0,2
8,143,19781,138,47,3,5,3,2,0.97183099,Q75_100,0,1,2
8,143,2379,16,91,3,4,2,2,0.11267606,Q0_25,0,0,2
8,143,6481,45,46,3,4,2,2,0.31690141,Q25_50,0,1,2
8,143,7425,51,132,3,4,2,3,0.35915493,Q25_50,0,2,3
8,143,2332,16,44,3,4,2,2,0.11267606,Q0_25,0,1,2
8,143,13487,94,45,3,5,2,2,0.66197183,Q50_75,0,1,2
8,143,5351,37,60,3,4,2,2,0.26056338,Q25_50,0,1,2
8,143,9907,69,40,3,4,2,2,0.48591549,Q25_50,0,1,2
8,143,2536,17,105,3,4,2,3,0.11971831,Q0_25,0,2,3
8,143,5794,40,74,3,4,2,2,0.28169014,Q25_50,0,1,2
8,143,19611,137,20,3,5,3,2,0.96478873,Q75_100,0,1,2
8,143,7620,53,41,3,4,2,2,0.37323944,Q25_50,0,1,2
8,143,11401,79,104,3,5,2,3,0.55633803,Q50_75,0,1,3
8,143,8202,57,51,3,4,2,2,0.40140845,Q25_50,0,1,2
8,143,10192,71,39,3,5,2,2,0.5,Q50_75,0,1,2
8,143,5252,36,104,3,4,2,3,0.25352113,Q25_50,0,2,3
8,143,14100,98,86,3,5,2,2,0.69014085,Q50_75,0,1,2
8,143,19143,133,124,3,5,3,3,0.93661972,Q75_100,0,2,3
8,143,4181,29,34,3,4,2,2,0.20422535,Q0_25,0,1,2
8,143,9334,65,39,3,4,2,2,0.45774648,Q25_50,0,0,2
8,143,7769,54,47,3,4,2,2,0.38028169,Q25_50,0,1,2
8,143,18205,127,44,3,5,3,2,0.8943662,Q75_100,0,1,2
8,143,17232,120,72,3,5,3,2,0.84507042,Q75_100,0,1,2
8,143,19370,135,65,3,5,3,2,0.95070423,Q75_100,0,1,2
8,143,5117,35,112,3,4,2,3,0.24647887,Q0_25,0,2,3
8,143,11380,79,83,3,5,2,2,0.55633803,Q50_75,1,2,2
8,143,13912,97,41,3,5,2,2,0.68309859,Q50_75,0,1,2
8,143,12702,88,118,3,5,2,3,0.61971831,Q50_75,0,2,3
8,143,2813,19,96,3,4,2,2,0.13380282,Q0_25,0,1,2
8,143,14140,98,126,3,5,2,3,0.69014085,Q50_75,0,2,3
8,143,17432,121,129,3,5,3,3,0.85211268,Q75_100,0,1,3
8,143,4729,33,10,3,4,2,2,0.23239437,Q0_25,0,0,2
8,143,16049,112,33,3,5,3,2,0.78873239,Q75_100,1,2,2
8,143,15678,109,91,3,5,3,2,0.76760563,Q75_100,0,0,2
8,143,9428,65,133,3,4,2,3,0.45774648,Q25_50,1,3,3
8,143,14106,98,92,3,5,2,2,0.69014085,Q50_75,0,1,2
8,143,4284,29,137,3,4,2,3,0.20422535,Q0_25,0,2,3
8,143,15147,105,132,3,5,3,3,0.73943662,Q50_75,0,2,3
8,143,17391,121,88,3,5,3,2,0.85211268,Q75_100,0,0,2
8,143,18292,127,131,3,5,3,3,0.8943662,Q75_100,0,2,3
8,143,168,1,25,3,3,1,2,0.00704225,Q0_25,0,0,2
8,143,9092,63,83,3,4,2,2,0.44366197,Q25_50,1,2,2
8,143,8149,56,141,3,4,2,3,0.3943662,Q25_50,0,1,3
8,143,8526,59,89,3,4,2,2,0.41549296,Q25_50,0,1,2
8,143,18237,127,76,3,5,3,2,0.8943662,Q75_100,0,0,2
8,143,20293,141,130,3,5,3,3,0.99295775,Q75_100,0,2,3
8,143,18243,127,82,3,5,3,2,0.8943662,Q75_100,0,1,2
8,143,16425,114,123,3,5,3,3,0.8028169,Q75_100,1,3,3
8,143,10976,76,108,3,5,2,3,0.53521127,Q50_75,0,1,3
8,143,3918,27,57,3,4,2,2,0.19014085,Q0_25,0,0,2
8,143,7277,50,127,3,4,2,3,0.35211268,Q25_50,0,1,3
8,143,11084,77,73,3,5,2,2,0.54225352,Q50_75,0,1,2
8,143,20141,140,121,3,5,3,3,0.98591549,Q75_100,0,2,3
8,143,1793,12,77,3,4,2,2,0.08450704,Q0_25,0,1,2
8,143,19162,134,0,3,5,3,1,0.94366197,Q75_100,0,0,1
8,143,10287,71,134,3,5,2,3,0.5,Q50_75,0,1,3
8,143,9056,63,47,3,4,2,2,0.44366197,Q25_50,0,1,2
8,143,12806,89,79,3,5,2,2,0.62676056,Q50_75,0,1,2
8,143,5315,37,24,3,4,2,2,0.26056338,Q25_50,0,1,2
8,143,1232,8,88,3,4,1,2,0.05633803,Q0_25,0,1,2
8,143,3156,22,10,3,4,2,2,0.15492958,Q0_25,0,1,2
8,143,17502,122,56,3,5,3,2,0.85915493,Q75_100,0,0,2
8,143,19805,138,71,3,5,3,2,0.97183099,Q75_100,0,1,2
8,143,2400,16,112,3,4,2,3,0.11267606,Q0_25,0,2,3
8,143,19227,134,65,3,5,3,2,0.94366197,Q75_100,0,1,2
8,143,8919,62,53,3,4,2,2,0.43661972,Q25_50,0,1,2
8,143,13030,91,17,3,5,2,2,0.64084507,Q50_75,0,1,2
8,143,17554,122,108,3,5,3,3,0.85915493,Q75_100,0,1,3
8,143,16238,113,79,3,5,3,2,0.79577465,Q75_100,0,1,2
8,143,3422,23,133,3,4,2,3,0.16197183,Q0_25,1,3,3
8,143,2468,17,37,3,4,2,2,0.11971831,Q0_25,0,1,2
8,143,843,5,128,3,3,1,3,0.03521127,Q0_25,0,1,3
8,143,11197,78,43,3,5,2,2,0.54929577,Q50_75,0,1,2
8,143,10298,72,2,3,5,2,1,0.50704225,Q50_75,0,0,1
8,143,13156,92,0,3,5,2,1,0.64788732,Q50_75,0,0,1
8,143,1805,12,89,3,4,2,2,0.08450704,Q0_25,0,1,2
8,143,13014,91,1,3,5,2,1,0.64084507,Q50_75,0,0,1
8,143,3818,26,100,3,4,2,3,0.18309859,Q0_25,0,1,3
8,143,16135,112,119,3,5,3,3,0.78873239,Q75_100,0,1,3
8,143,19955,139,78,3,5,3,2,0.97887324,Q75_100,0,1,2
8,143,9837,68,113,3,4,2,3,0.47887324,Q25_50,1,3,3
8,143,9098,63,89,3,4,2,2,0.44366197,Q25_50,0,0,2
8,143,17767,124,35,3,5,3,2,0.87323944,Q75_100,0,1,2
8,143,6012,42,6,3,4,2,1,0.29577465,Q25_50,0,0,1
8,143,11183,78,29,3,5,2,2,0.54929577,Q50_75,0,1,2
8,143,5346,37,55,3,4,2,2,0.26056338,Q25_50,0,0,2
8,143,16105,112,89,3,5,3,2,0.78873239,Q75_100,0,1,2
8,143,5849,40,129,3,4,2,3,0.28169014,Q25_50,0,2,3
8,143,13048,91,35,3,5,2,2,0.64084507,Q50_75,0,1,2
8,143,13597,95,12,3,5,2,2,0.66901408,Q50_75,0,1,2
8,143,6421,44,129,3,4,2,3,0.30985915,Q25_50,0,1,3
8,143,5318,37,27,3,4,2,2,0.26056338,Q25_50,0,1,2
8,143,12732,89,5,3,5,2,1,0.62676056,Q50_75,0,0,1
8,143,16416,114,114,3,5,3,3,0.8028169,Q75_100,0,2,3
8,143,17233,120,73,3,5,3,2,0.84507042,Q75_100,1,2,2
8,143,16315,114,13,3,5,3,2,0.8028169,Q75_100,1,2,2
8,143,8029,56,21,3,4,2,2,0.3943662,Q25_50,0,1,2
8,143,17082,119,65,3,5,3,2,0.83802817,Q75_100,0,1,2
8,143,8879,62,13,3,4,2,2,0.43661972,Q25_50,1,2,2
8,143,17118,119,101,3,5,3,3,0.83802817,Q75_100,0,1,3
8,143,3192,22,46,3,4,2,2,0.15492958,Q0_25,0,1,2
8,143,765,5,50,3,3,1,2,0.03521127,Q0_25,0,0,2
8,143,6723,47,2,3,4,2,1,0.33098592,Q25_50,0,0,1
8,143,9863,68,139,3,4,2,3,0.47887324,Q25_50,0,2,3
8,143,9454,66,16,3,4,2,2,0.46478873,Q25_50,0,1,2
8,143,4289,29,142,3,4,2,3,0.20422535,Q0_25,0,1,3
8,143,8606,60,26,3,4,2,2,0.42253521,Q25_50,0,1,2
8,143,4680,32,104,3,4,2,3,0.22535211,Q0_25,0,2,3
8,143,5266,36,118,3,4,2,3,0.25352113,Q25_50,0,1,3
8,143,18316,128,12,3,5,3,2,0.90140845,Q75_100,0,1,2
8,143,4179,29,32,3,4,2,2,0.20422535,Q0_25,0,1,2
8,143,7096,49,89,3,4,2,2,0.34507042,Q25_50,0,0,2
8,143,15132,105,117,3,5,3,3,0.73943662,Q50_75,0,2,3
8,143,17427,121,124,3,5,3,3,0.85211268,Q75_100,0,2,3
8,143,6985,48,121,3,4,2,3,0.33802817,Q25_50,0,2,3
8,143,15143,105,128,3,5,3,3,0.73943662,Q50_75,0,2,3
8,143,5120,35,115,3,4,2,3,0.24647887,Q0_25,0,2,3
8,143,5985,41,122,3,4,2,3,0.28873239,Q25_50,0,2,3
8,143,17976,125,101,3,5,3,3,0.88028169,Q75_100,0,1,3
8,143,13303,93,4,3,5,2,1,0.65492958,Q50_75,0,0,1
8,143,18898,132,22,3,5,3,2,0.92957746,Q75_100,0,1,2
8,143,13483,94,41,3,5,2,2,0.66197183,Q50_75,0,1,2
8,143,17047,119,30,3,5,3,2,0.83802817,Q75_100,0,1,2
8,143,18884,132,8,3,5,3,1,0.92957746,Q75_100,0,0,1
8,143,3951,27,90,3,4,2,2,0.19014085,Q0_25,0,0,2
8,143,20170,141,7,3,5,3,1,0.99295775,Q75_100,0,0,1
8,143,16522,115,77,3,5,3,2,0.80985915,Q75_100,0,1,2
8,143,18224,127,63,3,5,3,2,0.8943662,Q75_100,1,2,2
8,143,9340,65,45,3,4,2,2,0.45774648,Q25_50,0,0,2
8,143,18109,126,91,3,5,3,2,0.88732394,Q75_100,0,1,2
8,143,18555,129,108,3,5,3,3,0.9084507,Q75_100,0,1,3
8,143,16331,114,29,3,5,3,2,0.8028169,Q75_100,0,1,2
8,143,18329,128,25,3,5,3,2,0.90140845,Q75_100,0,1,2
8,143,10404,72,108,3,5,2,3,0.50704225,Q50_75,0,1,3
8,143,5988,41,125,3,4,2,3,0.28873239,Q25_50,0,2,3
8,143,17268,120,108,3,5,3,3,0.84507042,Q75_100,0,2,3
8,143,13914,97,43,3,5,2,2,0.68309859,Q50_75,1,2,2
8,143,11643,81,60,3,5,2,2,0.57042254,Q50_75,0,0,2
8,143,14734,103,5,3,5,3,1,0.72535211,Q50_75,0,0,1
8,143,12578,87,137,3,5,2,3,0.61267606,Q50_75,0,2,3
8,143,1940,13,81,3,4,2,2,0.0915493,Q0_25,0,1,2
8,143,19336,135,31,3,5,3,2,0.95070423,Q75_100,0,0,2
8,143,7248,50,98,3,4,2,2,0.35211268,Q25_50,0,1,2
8,143,2523,17,92,3,4,2,2,0.11971831,Q0_25,0,1,2
8,143,9065,63,56,3,4,2,2,0.44366197,Q25_50,0,0,2
8,143,11043,77,32,3,5,2,2,0.54225352,Q50_75,0,0,2
8,143,12674,88,90,3,5,2,2,0.61971831,Q50_75,0,0,2
8,143,9978,69,111,3,4,2,3,0.48591549,Q25_50,0,2,3
8,143,14388,100,88,3,5,3,2,0.70422535,Q50_75,0,1,2
8,143,5496,38,62,3,4,2,2,0.26760563,Q25_50,0,1,2
8,143,3463,24,31,3,4,2,2,0.16901408,Q0_25,0,1,2
8,143,1674,11,101,3,4,2,3,0.07746479,Q0_25,0,1,3
8,143,16486,115,41,3,5,3,2,0.80985915,Q75_100,0,1,2
8,143,17217,120,57,3,5,3,2,0.84507042,Q75_100,0,0,2
8,143,18209,127,48,3,5,3,2,0.8943662,Q75_100,0,0,2
8,143,9940,69,73,3,4,2,2,0.48591549,Q25_50,1,2,2
8,143,18896,132,20,3,5,3,2,0.92957746,Q75_100,0,1,2
8,143,16193,113,34,3,5,3,2,0.79577465,Q75_100,0,1,2
8,143,11055,77,44,3,5,2,2,0.54225352,Q50_75,0,1,2
8,143,9127,63,118,3,4,2,3,0.44366197,Q25_50,0,2,3
8,143,19844,138,110,3,5,3,3,0.97183099,Q75_100,0,2,3
8,143,12581,87,140,3,5,2,3,0.61267606,Q50_75,0,1,3
8,143,15160,106,2,3,5,3,1,0.74647887,Q50_75,0,0,1
8,143,9758,68,34,3,4,2,2,0.47887324,Q25_50,0,1,2
8,143,15321,107,20,3,5,3,2,0.75352113,Q75_100,0,1,2
8,143,19441,135,136,3,5,3,3,0.95070423,Q75_100,0,1,3
8,143,19295,134,133,3,5,3,3,0.94366197,Q75_100,1,3,3
8,143,9928,69,61,3,4,2,2,0.48591549,Q25_50,0,1,2
8,143,3883,27,22,3,4,2,2,0.19014085,Q0_25,0,0,2
8,143,8583,60,3,3,4,2,1,0.42253521,Q25_50,1,1,1
8,143,10950,76,82,3,5,2,2,0.53521127,Q50_75,0,1,2
8,143,18225,127,64,3,5,3,2,0.8943662,Q75_100,0,1,2
8,143,6230,43,81,3,4,2,2,0.3028169,Q25_50,0,1,2
8,143,11245,78,91,3,5,2,2,0.54929577,Q50_75,0,0,2
8,143,929,6,71,3,3,1,2,0.04225352,Q0_25,0,0,2
8,143,17355,121,52,3,5,3,2,0.85211268,Q75_100,0,1,2
8,143,15758,110,28,3,5,3,2,0.77464789,Q75_100,0,0,2
8,143,20272,141,109,3,5,3,3,0.99295775,Q75_100,0,1,3
8,143,10300,72,4,3,5,2,1,0.50704225,Q50_75,0,0,1
8,143,1024,7,23,3,4,1,2,0.04929577,Q0_25,1,2,2
8,143,16368,114,66,3,5,3,2,0.8028169,Q75_100,0,1,2
8,143,16418,114,116,3,5,3,3,0.8028169,Q75_100,0,2,3
8,143,186,1,43,3,3,1,2,0.00704225,Q0_25,0,0,2
8,143,7755,54,33,3,4,2,2,0.38028169,Q25_50,1,2,2
8,143,17023,119,6,3,5,3,1,0.83802817,Q75_100,0,0,1
8,143,11384,79,87,3,5,2,2,0.55633803,Q50_75,0,1,2
8,143,1574,11,1,3,4,2,1,0.07746479,Q0_25,0,0,1
8,143,559,3,130,3,3,1,3,0.02112676,Q0_25,0,1,3
8,143,13673,95,88,3,5,2,2,0.66901408,Q50_75,0,1,2
8,143,13907,97,36,3,5,2,2,0.68309859,Q50_75,0,1,2
8,143,19292,134,130,3,5,3,3,0.94366197,Q75_100,0,2,3
8,143,19948,139,71,3,5,3,2,0.97887324,Q75_100,0,1,2
8,143,10056,70,46,3,5,2,2,0.49295775,Q25_50,0,1,2
8,143,7034,49,27,3,4,2,2,0.34507042,Q25_50,0,1,2
8,143,11850,82,124,3,5,2,3,0.57746479,Q50_75,0,2,3
8,143,18972,132,96,3,5,3,2,0.92957746,Q75_100,0,1,2
8,143,16846,117,115,3,5,3,3,0.82394366,Q75_100,0,2,3
8,143,10899,76,31,3,5,2,2,0.53521127,Q50_75,0,0,2
8,143,16145,112,129,3,5,3,3,0.78873239,Q75_100,0,1,3
8,143,15009,104,137,3,5,3,3,0.73239437,Q50_75,0,1,3
8,143,8896,62,30,3,4,2,2,0.43661972,Q25_50,0,0,2
8,143,19075,133,56,3,5,3,2,0.93661972,Q75_100,0,0,2
8,143,15679,109,92,3,5,3,2,0.76760563,Q75_100,0,0,2
8,143,19359,135,54,3,5,3,2,0.95070423,Q75_100,0,1,2
8,143,19473,136,25,3,5,3,2,0.95774648,Q75_100,0,1,2
8,143,16676,116,88,3,5,3,2,0.81690141,Q75_100,0,1,2
8,143,19375,135,70,3,5,3,2,0.95070423,Q75_100,0,0,2
8,143,9672,67,91,3,4,2,2,0.47183099,Q25_50,0,1,2
8,143,16376,114,74,3,5,3,2,0.8028169,Q75_100,0,0,2
8,143,8241,57,90,3,4,2,2,0.40140845,Q25_50,0,1,2
8,143,12182,85,27,3,5,2,2,0.59859155,Q50_75,0,0,2
8,143,4129,28,125,3,4,2,3,0.1971831,Q0_25,0,1,3
8,143,19448,136,0,3,5,3,1,0.95774648,Q75_100,0,0,1
8,143,13701,95,116,3,5,2,3,0.66901408,Q50_75,0,2,3
8,143,13800,96,72,3,5,2,2,0.67605634,Q50_75,0,1,2
8,143,7177,50,27,3,4,2,2,0.35211268,Q25_50,0,0,2
8,143,8397,58,103,3,4,2,3,0.4084507,Q25_50,0,2,3
8,143,892,6,34,3,3,1,2,0.04225352,Q0_25,0,0,2
8,143,16966,118,92,3,5,3,2,0.83098592,Q75_100,0,1,2
8,143,17353,121,50,3,5,3,2,0.85211268,Q75_100,0,1,2
8,143,7739,54,17,3,4,2,2,0.38028169,Q25_50,0,1,2
8,143,6053,42,47,3,4,2,2,0.29577465,Q25_50,0,1,2
8,143,4600,32,24,3,4,2,2,0.22535211,Q0_25,0,1,2
8,143,311,2,25,3,3,1,2,0.01408451,Q0_25,0,0,2
8,143,3265,22,119,3,4,2,3,0.15492958,Q0_25,0,1,3
8,143,2041,14,39,3,4,2,2,0.09859155,Q0_25,0,0,2
8,143,617,4,45,3,3,1,2,0.02816901,Q0_25,0,0,2
8,143,9243,64,91,3,4,2,2,0.45070423,Q25_50,0,1,2
8,143,813,5,98,3,3,1,2,0.03521127,Q0_25,0,0,2
8,143,10403,72,107,3,5,2,3,0.50704225,Q50_75,0,1,3
8,143,10392,72,96,3,5,2,2,0.50704225,Q50_75,0,1,2
8,143,4318,30,28,3,4,2,2,0.21126761,Q0_25,0,1,2
8,143,7412,51,119,3,4,2,3,0.35915493,Q25_50,0,1,3
8,143,1007,7,6,3,4,1,1,0.04929577,Q0_25,0,0,1
8,143,3739,26,21,3,4,2,2,0.18309859,Q0_25,0,1,2
8,143,7760,54,38,3,4,2,2,0.38028169,Q25_50,0,1,2
8,143,11227,78,73,3,5,2,2,0.54929577,Q50_75,0,1,2
8,143,18663,130,73,3,5,3,2,0.91549296,Q75_100,1,2,2
8,143,11001,76,133,3,5,2,3,0.53521127,Q50_75,0,2,3
8,143,63,0,63,3,2,1,2,0.0,Q0_25,0,0,2
8,143,16860,117,129,3,5,3,3,0.82394366,Q75_100,0,1,3
8,143,1570,10,140,3,4,2,3,0.07042254,Q0_25,0,1,3
8,143,15556,108,112,3,5,3,3,0.76056338,Q75_100,0,2,3
8,143,10086,70,76,3,5,2,2,0.49295775,Q25_50,0,0,2
8,143,3746,26,28,3,4,2,2,0.18309859,Q0_25,0,1,2
8,143,14378,100,78,3,5,3,2,0.70422535,Q50_75,0,1,2
8,143,1479,10,49,3,4,2,2,0.07042254,Q0_25,0,1,2
8,143,9764,68,40,3,4,2,2,0.47887324,Q25_50,0,0,2
8,143,8024,56,16,3,4,2,2,0.3943662,Q25_50,0,1,2
8,143,4841,33,122,3,4,2,3,0.23239437,Q0_25,0,2,3
8,143,17382,121,79,3,5,3,2,0.85211268,Q75_100,0,0,2
8,143,11976,83,107,3,5,2,3,0.58450704,Q50_75,0,1,3
8,143,10437,72,141,3,5,2,3,0.50704225,Q50_75,0,1,3
8,143,15454,108,10,3,5,3,2,0.76056338,Q75_100,0,1,2
8,143,18321,128,17,3,5,3,2,0.90140845,Q75_100,0,1,2
8,143,11253,78,99,3,5,2,2,0.54929577,Q50_75,0,1,2
8,143,17914,125,39,3,5,3,2,0.88028169,Q75_100,0,0,2
8,143,18295,127,134,3,5,3,3,0.8943662,Q75_100,0,2,3
8,143,19277,134,115,3,5,3,3,0.94366197,Q75_100,0,2,3
8,143,2266,15,121,3,4,2,3,0.1056338,Q0_25,0,1,3
8,143,4356,30,66,3,4,2,2,0.21126761,Q0_25,0,1,2
8,143,7429,51,136,3,4,2,3,0.35915493,Q25_50,0,2,3
8,143,3683,25,108,3,4,2,3,0.17605634,Q0_25,0,2,3
8,143,20230,141,67,3,5,3,2,0.99295775,Q75_100,0,0,2
8,143,3525,24,93,3,4,2,2,0.16901408,Q0_25,0,1,2
8,143,11083,77,72,3,5,2,2,0.54225352,Q50_75,0,0,2
8,143,14224,99,67,3,5,2,2,0.6971831,Q50_75,0,1,2
8,143,7348,51,55,3,4,2,2,0.35915493,Q25_50,0,1,2
8,143,4802,33,83,3,4,2,2,0.23239437,Q0_25,1,2,2
8,143,6815,47,94,3,4,2,2,0.33098592,Q25_50,0,1,2
8,143,11168,78,14,3,5,2,2,0.54929577,Q50_75,0,1,2
8,143,3957,27,96,3,4,2,2,0.19014085,Q0_25,0,1,2
8,143,18933,132,57,3,5,3,2,0.92957746,Q75_100,0,0,2
8,143,11953,83,84,3,5,2,2,0.58450704,Q50_75,0,1,2
8,143,4580,32,4,3,4,2,1,0.22535211,Q0_25,0,0,1
8,143,7097,49,90,3,4,2,2,0.34507042,Q25_50,0,1,2
8,143,12961,90,91,3,5,2,2,0.63380282,Q50_75,0,1,2
8,143,18040,126,22,3,5,3,2,0.88732394,Q75_100,0,1,2
8,143,1456,10,26,3,4,2,2,0.07042254,Q0_25,0,1,2
8,143,5915,41,52,3,4,2,2,0.28873239,Q25_50,0,0,2
8,143,1981,13,122,3,4,2,3,0.0915493,Q0_25,0,2,3
8,143,1133,7,132,3,4,1,3,0.04929577,Q0_25,0,2,3
8,143,3991,27,130,3,4,2,3,0.19014085,Q0_25,0,2,3
8,143,3289,23,0,3,4,2,1,0.16197183,Q0_25,0,0,1
8,143,18533,129,86,3,5,3,2,0.9084507,Q75_100,0,0,2
8,143,3301,23,12,3,4,2,2,0.16197183,Q0_25,0,1,2
8,143,12995,90,125,3,5,2,3,0.63380282,Q50_75,0,2,3
8,143,15795,110,65,3,5,3,2,0.77464789,Q75_100,0,1,2
8,143,9093,63,84,3,4,2,2,0.44366197,Q25_50,0,1,2
8,143,16293,113,134,3,5,3,3,0.79577465,Q75_100,0,2,3
8,143,11413,79,116,3,5,2,3,0.55633803,Q50_75,0,2,3
8,143,3809,26,91,3,4,2,2,0.18309859,Q0_25,0,0,2
8,143,8051,56,43,3,4,2,2,0.3943662,Q25_50,1,2,2
8,143,11477,80,37,3,5,2,2,0.56338028,Q50_75,0,1,2
8,143,11936,83,67,3,5,2,2,0.58450704,Q50_75,0,1,2
8,143,6529,45,94,3,4,2,2,0.31690141,Q25_50,0,1,2
8,143,14357,100,57,3,5,3,2,0.70422535,Q50_75,0,1,2
8,143,14868,103,139,3,5,3,3,0.72535211,Q50_75,0,2,3
8,143,5810,40,90,3,4,2,2,0.28169014,Q25_50,0,0,2
8,143,9582,67,1,3,4,2,1,0.47183099,Q25_50,0,0,1
8,143,16624,116,36,3,5,3,2,0.81690141,Q75_100,0,1,2
8,143,18737,131,4,3,5,3,1,0.92253521,Q75_100,0,0,1
8,143,6755,47,34,3,4,2,2,0.33098592,Q25_50,0,1,2
8,143,2454,17,23,3,4,2,2,0.11971831,Q0_25,1,2,2
8,143,9696,67,115,3,4,2,3,0.47183099,Q25_50,0,2,3
8,143,4256,29,109,3,4,2,3,0.20422535,Q0_25,0,1,3
8,143,9828,68,104,3,4,2,3,0.47887324,Q25_50,0,2,3
8,143,18030,126,12,3,5,3,2,0.88732394,Q75_100,0,1,2
8,143,12276,85,121,3,5,2,3,0.59859155,Q50_75,0,2,3
8,143,11931,83,62,3,5,2,2,0.58450704,Q50_75,0,1,2
8,143,20424,142,118,3,5,3,3,1.0,Q75_100,0,1,3
8,143,11185,78,31,3,5,2,2,0.54929577,Q50_75,0,0,2
8,143,16646,116,58,3,5,3,2,0.81690141,Q75_100,0,1,2
8,143,16385,114,83,3,5,3,2,0.8028169,Q75_100,1,2,2
8,143,4166,29,19,3,4,2,2,0.20422535,Q0_25,0,1,2
8,143,13921,97,50,3,5,2,2,0.68309859,Q50_75,0,1,2
8,143,4330,30,40,3,4,2,2,0.21126761,Q0_25,0,1,2
8,143,15653,109,66,3,5,3,2,0.76760563,Q75_100,0,1,2
8,143,18126,126,108,3,5,3,3,0.88732394,Q75_100,0,2,3
8,143,4022,28,18,3,4,2,2,0.1971831,Q0_25,0,0,2
8,143,14380,100,80,3,5,3,2,0.70422535,Q50_75,0,1,2
8,143,13005,90,135,3,5,2,3,0.63380282,Q50_75,0,1,3
8,143,12777,89,50,3,5,2,2,0.62676056,Q50_75,0,1,2
8,143,16565,115,120,3,5,3,3,0.80985915,Q75_100,0,2,3
8,143,8730,61,7,3,4,2,1,0.42957746,Q25_50,0,0,1
8,143,13214,92,58,3,5,2,2,0.64788732,Q50_75,0,0,2
8,143,19512,136,64,3,5,3,2,0.95774648,Q75_100,0,1,2
8,143,1445,10,15,3,4,2,2,0.07042254,Q0_25,0,0,2
8,143,4155,29,8,3,4,2,1,0.20422535,Q0_25,0,0,1
8,143,17206,120,46,3,5,3,2,0.84507042,Q75_100,0,1,2
8,143,17606,123,17,3,5,3,2,0.86619718,Q75_100,0,0,2
8,143,2573,17,142,3,4,2,3,0.11971831,Q0_25,0,1,3
8,143,1239,8,95,3,4,1,2,0.05633803,Q0_25,0,0,2
8,143,20024,140,4,3,5,3,1,0.98591549,Q75_100,0,0,1
8,143,20091,140,71,3,5,3,2,0.98591549,Q75_100,0,1,2
8,143,4886,34,24,3,4,2,2,0.23943662,Q0_25,0,1,2
8,143,12110,84,98,3,5,2,2,0.5915493,Q50_75,0,1,2
8,143,1247,8,103,3,4,1,3,0.05633803,Q0_25,0,2,3
8,143,465,3,36,3,3,1,2,0.02112676,Q0_25,0,0,2
8,143,3210,22,64,3,4,2,2,0.15492958,Q0_25,0,1,2
8,143,15380,107,79,3,5,3,2,0.75352113,Q75_100,0,0,2
8,143,5961,41,98,3,4,2,2,0.28873239,Q25_50,0,0,2
8,143,6381,44,89,3,4,2,2,0.30985915,Q25_50,0,0,2
8,143,17060,119,43,3,5,3,2,0.83802817,Q75_100,1,2,2
8,143,2440,17,9,3,4,2,1,0.11971831,Q0_25,0,0,1
8,143,10144,70,134,3,5,2,3,0.49295775,Q25_50,0,2,3
8,143,3402,23,113,3,4,2,3,0.16197183,Q0_25,1,3,3
8,143,3310,23,21,3,4,2,2,0.16197183,Q0_25,0,1,2
8,143,20443,142,137,3,5,3,3,1.0,Q75_100,0,2,3
8,143,9229,64,77,3,4,2,2,0.45070423,Q25_50,0,1,2
8,143,444,3,15,3,3,1,2,0.02112676,Q0_25,1,2,2
8,143,15037,105,22,3,5,3,2,0.73943662,Q50_75,0,1,2
8,143,7190,50,40,3,4,2,2,0.35211268,Q25_50,0,1,2
8,143,19970,139,93,3,5,3,2,0.97887324,Q75_100,1,2,2
8,143,19928,139,51,3,5,3,2,0.97887324,Q75_100,0,1,2
8,143,5061,35,56,3,4,2,2,0.24647887,Q0_25,0,1,2
8,143,406,2,120,3,3,1,3,0.01408451,Q0_25,0,1,3
8,143,13256,92,100,3,5,2,3,0.64788732,Q50_75,0,1,3
8,143,12712,88,128,3,5,2,3,0.61971831,Q50_75,0,2,3
8,143,13725,95,140,3,5,2,3,0.66901408,Q50_75,0,2,3
8,143,14906,104,34,3,5,3,2,0.73239437,Q50_75,0,1,2
8,143,6339,44,47,3,4,2,2,0.30985915,Q25_50,0,1,2
8,143,10537,73,98,3,5,2,2,0.51408451,Q50_75,0,1,2
8,143,13056,91,43,3,5,2,2,0.64084507,Q50_75,1,2,2
8,143,8313,58,19,3,4,2,2,0.4084507,Q25_50,0,0,2
8,143,9180,64,28,3,4,2,2,0.45070423,Q25_50,0,0,2
8,143,2275,15,130,3,4,2,3,0.1056338,Q0_25,0,2,3
8,143,971,6,113,3,3,1,3,0.04225352,Q0_25,0,2,3
8,143,15440,107,139,3,5,3,3,0.75352113,Q75_100,0,2,3
8,143,8782,61,59,3,4,2,2,0.42957746,Q25_50,0,0,2
8,143,13063,91,50,3,5,2,2,0.64084507,Q50_75,0,0,2
8,143,13196,92,40,3,5,2,2,0.64788732,Q50_75,0,1,2
8,143,13615,95,30,3,5,2,2,0.66901408,Q50_75,1,2,2
8,143,15760,110,30,3,5,3,2,0.77464789,Q75_100,0,1,2
8,143,8873,62,7,3,4,2,1,0.43661972,Q25_50,0,0,1
8,143,16018,112,2,3,5,3,1,0.78873239,Q75_100,0,0,1
8,143,4589,32,13,3,4,2,2,0.22535211,Q0_25,1,2,2
8,143,7840,54,118,3,4,2,3,0.38028169,Q25_50,0,1,3
8,143,17005,118,131,3,5,3,3,0.83098592,Q75_100,0,1,3
8,143,4946,34,84,3,4,2,2,0.23943662,Q0_25,0,1,2
8,143,17373,121,70,3,5,3,2,0.85211268,Q75_100,0,0,2
8,143,6519,45,84,3,4,2,2,0.31690141,Q25_50,0,1,2
8,143,8314,58,20,3,4,2,2,0.4084507,Q25_50,0,1,2
8,143,13414,93,115,3,5,2,3,0.65492958,Q50_75,0,2,3
8,143,7374,51,81,3,4,2,2,0.35915493,Q25_50,0,1,2
8,143,10557,73,118,3,5,2,3,0.51408451,Q50_75,0,2,3
8,143,7063,49,56,3,4,2,2,0.34507042,Q25_50,0,1,2
8,143,10116,70,106,3,5,2,3,0.49295775,Q25_50,0,1,3
8,143,19199,134,37,3,5,3,2,0.94366197,Q75_100,0,0,2
8,143,18313,128,9,3,5,3,1,0.90140845,Q75_100,0,0,1
8,143,6330,44,38,3,4,2,2,0.30985915,Q25_50,0,0,2
8,143,6890,48,26,3,4,2,2,0.33802817,Q25_50,0,1,2
8,143,11101,77,90,3,5,2,2,0.54225352,Q50_75,0,0,2
8,143,299,2,13,3,3,1,2,0.01408451,Q0_25,0,1,2
8,143,928,6,70,3,3,1,2,0.04225352,Q0_25,0,0,2
8,143,3891,27,30,3,4,2,2,0.19014085,Q0_25,0,0,2
8,143,4146,28,142,3,4,2,3,0.1971831,Q0_25,0,1,3
8,143,403,2,117,3,3,1,3,0.01408451,Q0_25,0,2,3
8,143,12239,85,84,3,5,2,2,0.59859155,Q50_75,0,0,2
8,143,10735,75,10,3,5,2,2,0.52816901,Q50_75,0,1,2
8,143,14342,100,42,3,5,3,2,0.70422535,Q50_75,0,1,2
8,143,1941,13,82,3,4,2,2,0.0915493,Q0_25,0,1,2
8,143,40,0,40,3,2,1,2,0.0,Q0_25,0,0,2
8,143,11302,79,5,3,5,2,1,0.55633803,Q50_75,0,0,1
8,143,4908,34,46,3,4,2,2,0.23943662,Q0_25,0,1,2
8,143,14891,104,19,3,5,3,2,0.73239437,Q50_75,0,0,2
8,143,815,5,100,3,3,1,3,0.03521127,Q0_25,0,1,3
8,143,501,3,72,3,3,1,2,0.02112676,Q0_25,0,0,2
8,143,13264,92,108,3,5,2,3,0.64788732,Q50_75,0,2,3
8,143,7477,52,41,3,4,2,2,0.36619718,Q25_50,0,1,2
8,143,8869,62,3,3,4,2,1,0.43661972,Q25_50,1,1,1
8,143,16317,114,15,3,5,3,2,0.8028169,Q75_100,0,0,2
8,143,18565,129,118,3,5,3,3,0.9084507,Q75_100,0,1,3
8,143,14299,99,142,3,5,2,3,0.6971831,Q50_75,0,2,3
8,143,4203,29,56,3,4,2,2,0.20422535,Q0_25,0,1,2
8,143,9807,68,83,3,4,2,2,0.47887324,Q25_50,1,2,2
8,143,123,0,123,3,3,1,3,0.0,Q0_25,0,1,3
8,143,19974,139,97,3,5,3,2,0.97887324,Q75_100,0,1,2
8,143,12878,90,8,3,5,2,1,0.63380282,Q50_75,0,0,1
8,143,4682,32,106,3,4,2,3,0.22535211,Q0_25,0,1,3
8,143,180,1,37,3,3,1,2,0.00704225,Q0_25,0,1,2
8,143,8284,57,133,3,4,2,3,0.40140845,Q25_50,1,3,3
8,143,19645,137,54,3,5,3,2,0.96478873,Q75_100,0,1,2
8,143,16638,116,50,3,5,3,2,0.81690141,Q75_100,0,1,2
8,143,682,4,110,3,3,1,3,0.02816901,Q0_25,0,2,3
8,143,11601,81,18,3,5,2,2,0.57042254,Q50_75,0,1,2
8,143,11765,82,39,3,5,2,2,0.57746479,Q50_75,0,1,2
8,143,18779,131,46,3,5,3,2,0.92253521,Q75_100,0,0,2
8,143,16429,114,127,3,5,3,3,0.8028169,Q75_100,0,2,3
8,143,13925,97,54,3,5,2,2,0.68309859,Q50_75,0,1,2
8,143,13162,92,6,3,5,2,1,0.64788732,Q50_75,0,0,1
8,143,18159,126,141,3,5,3,3,0.88732394,Q75_100,0,2,3
8,143,17390,121,87,3,5,3,2,0.85211268,Q75_100,0,0,2
8,143,823,5,108,3,3,1,3,0.03521127,Q0_25,0,1,3
8,143,3821,26,103,3,4,2,3,0.18309859,Q0_25,1,3,3
8,143,14755,103,26,3,5,3,2,0.72535211,Q50_75,0,1,2
8,143,2348,16,60,3,4,2,2,0.11267606,Q0_25,0,0,2
8,143,15457,108,13,3,5,3,2,0.76056338,Q75_100,1,2,2
8,143,4057,28,53,3,4,2,2,0.1971831,Q0_25,1,2,2
8,143,7792,54,70,3,4,2,2,0.38028169,Q25_50,0,0,2
8,143,13004,90,134,3,5,2,3,0.63380282,Q50_75,0,1,3
8,143,9781,68,57,3,4,2,2,0.47887324,Q25_50,0,1,2
8,143,14998,104,126,3,5,3,3,0.73239437,Q50_75,0,1,3
8,143,17808,124,76,3,5,3,2,0.87323944,Q75_100,0,1,2
8,143,9462,66,24,3,4,2,2,0.46478873,Q25_50,0,1,2
8,143,15826,110,96,3,5,3,2,0.77464789,Q75_100,0,1,2
8,143,17325,121,22,3,5,3,2,0.85211268,Q75_100,0,1,2
8,143,16328,114,26,3,5,3,2,0.8028169,Q75_100,0,1,2
8,143,11804,82,78,3,5,2,2,0.57746479,Q50_75,0,1,2
8,143,19169,134,7,3,5,3,1,0.94366197,Q75_100,0,0,1
8,143,8752,61,29,3,4,2,2,0.42957746,Q25_50,0,0,2
8,143,10238,71,85,3,5,2,2,0.5,Q50_75,0,1,2
8,143,15171,106,13,3,5,3,2,0.74647887,Q50_75,1,2,2
8,143,6086,42,80,3,4,2,2,0.29577465,Q25_50,0,0,2
8,143,9632,67,51,3,4,2,2,0.47183099,Q25_50,0,1,2
8,143,19422,135,117,3,5,3,3,0.95070423,Q75_100,0,1,3
8,143,11843,82,117,3,5,2,3,0.57746479,Q50_75,0,2,3
8,143,20148,140,128,3,5,3,3,0.98591549,Q75_100,0,1,3
8,143,18350,128,46,3,5,3,2,0.90140845,Q75_100,0,0,2
8,143,9037,63,28,3,4,2,2,0.44366197,Q25_50,0,0,2
8,143,4713,32,137,3,4,2,3,0.22535211,Q0_25,0,2,3
8,143,1202,8,58,3,4,1,2,0.05633803,Q0_25,0,1,2
8,143,17846,124,114,3,5,3,3,0.87323944,Q75_100,0,2,3
8,143,19498,136,50,3,5,3,2,0.95774648,Q75_100,0,1,2
8,143,2006,14,4,3,4,2,1,0.09859155,Q0_25,0,0,1
8,143,8723,61,0,3,4,2,1,0.42957746,Q25_50,0,0,1
8,143,14018,98,4,3,5,2,1,0.69014085,Q50_75,0,0,1
8,143,18590,130,0,3,5,3,1,0.91549296,Q75_100,0,0,1
8,143,20153,140,133,3,5,3,3,0.98591549,Q75_100,0,1,3
8,143,1254,8,110,3,4,1,3,0.05633803,Q0_25,0,2,3
8,143,3018,21,15,3,4,2,2,0.14788732,Q0_25,0,0,2
8,143,120,0,120,3,3,1,3,0.0,Q0_25,0,1,3
8,143,10769,75,44,3,5,2,2,0.52816901,Q50_75,0,1,2
8,143,9822,68,98,3,4,2,2,0.47887324,Q25_50,0,0,2
8,143,13871,97,0,3,5,2,1,0.68309859,Q50_75,0,0,1
8,143,2909,20,49,3,4,2,2,0.14084507,Q0_25,0,1,2
8,143,5159,36,11,3,4,2,2,0.25352113,Q25_50,0,1,2
8,143,17144,119,127,3,5,3,3,0.83802817,Q75_100,0,1,3
8,143,9947,69,80,3,4,2,2,0.48591549,Q25_50,0,1,2
8,143,4885,34,23,3,4,2,2,0.23943662,Q0_25,1,2,2
8,143,5953,41,90,3,4,2,2,0.28873239,Q25_50,0,0,2
8,143,2084,14,82,3,4,2,2,0.09859155,Q0_25,0,1,2
8,143,3470,24,38,3,4,2,2,0.16901408,Q0_25,0,1,2
8,143,1919,13,60,3,4,2,2,0.0915493,Q0_25,0,0,2
8,143,8162,57,11,3,4,2,2,0.40140845,Q25_50,0,1,2
8,143,17459,122,13,3,5,3,2,0.85915493,Q75_100,1,2,2
8,143,12497,87,56,3,5,2,2,0.61267606,Q50_75,0,1,2
8,143,10796,75,71,3,5,2,2,0.52816901,Q50_75,0,0,2
8,143,11237,78,83,3,5,2,2,0.54929577,Q50_75,1,2,2
8,143,7397,51,104,3,4,2,3,0.35915493,Q25_50,0,1,3
8,143,5170,36,22,3,4,2,2,0.25352113,Q25_50,0,1,2
8,143,15180,106,22,3,5,3,2,0.74647887,Q50_75,0,0,2
8,143,3235,22,89,3,4,2,2,0.15492958,Q0_25,0,1,2
8,143,9719,67,138,3,4,2,3,0.47183099,Q25_50,0,2,3
8,143,19305,135,0,3,5,3,1,0.95070423,Q75_100,0,0,1
8,143,19722,137,131,3,5,3,3,0.96478873,Q75_100,0,2,3
8,143,17460,122,14,3,5,3,2,0.85915493,Q75_100,0,0,2
8,143,7697,53,118,3,4,2,3,0.37323944,Q25_50,0,2,3
8,143,8496,59,59,3,4,2,2,0.41549296,Q25_50,0,0,2
8,143,16574,115,129,3,5,3,3,0.80985915,Q75_100,0,2,3
8,143,15721,109,134,3,5,3,3,0.76760563,Q75_100,0,2,3
8,143,7124,49,117,3,4,2,3,0.34507042,Q25_50,0,2,3
8,143,9033,63,24,3,4,2,2,0.44366197,Q25_50,0,1,2
8,143,10953,76,85,3,5,2,2,0.53521127,Q50_75,0,1,2
8,143,9027,63,18,3,4,2,2,0.44366197,Q25_50,0,0,2
8,143,5131,35,126,3,4,2,3,0.24647887,Q0_25,0,2,3
8,143,1545,10,115,3,4,2,3,0.07042254,Q0_25,0,2,3
8,143,16108,112,92,3,5,3,2,0.78873239,Q75_100,0,1,2
8,143,17061,119,44,3,5,3,2,0.83802817,Q75_100,0,1,2
8,143,6154,43,5,3,4,2,1,0.3028169,Q25_50,0,0,1
8,143,7608,53,29,3,4,2,2,0.37323944,Q25_50,0,1,2
8,143,10431,72,135,3,5,2,3,0.50704225,Q50_75,0,1,3
8,143,11313,79,16,3,5,2,2,0.55633803,Q50_75,0,1,2
8,143,9267,64,115,3,4,2,3,0.45070423,Q25_50,0,1,3
8,143,5990,41,127,3,4,2,3,0.28873239,Q25_50,0,2,3
8,143,17829,124,97,3,5,3,2,0.87323944,Q75_100,0,1,2
8,143,7172,50,22,3,4,2,2,0.35211268,Q25_50,0,1,2
8,143,2784,19,67,3,4,2,2,0.13380282,Q0_25,0,1,2
8,143,17071,119,54,3,5,3,2,0.83802817,Q75_100,0,0,2
8,143,95,0,95,3,2,1,2,0.0,Q0_25,0,0,2
8,143,10319,72,23,3,5,2,2,0.50704225,Q50_75,1,2,2
8,143,14515,101,72,3,5,3,2,0.71126761,Q50_75,0,1,2
8,143,16124,112,108,3,5,3,3,0.78873239,Q75_100,0,2,3
8,143,13367,93,68,3,5,2,2,0.65492958,Q50_75,0,1,2
8,143,16039,112,23,3,5,3,2,0.78873239,Q75_100,1,2,2
8,143,19094,133,75,3,5,3,2,0.93661972,Q75_100,0,1,2
8,143,16213,113,54,3,5,3,2,0.79577465,Q75_100,0,1,2
8,143,7152,50,2,3,4,2,1,0.35211268,Q25_50,0,0,1
8,143,1562,10,132,3,4,2,3,0.07042254,Q0_25,0,2,3
8,143,18515,129,68,3,5,3,2,0.9084507,Q75_100,0,0,2
8,143,6839,47,118,3,4,2,3,0.33098592,Q25_50,0,2,3
8,143,11848,82,122,3,5,2,3,0.57746479,Q50_75,0,1,3
8,143,5653,39,76,3,4,2,2,0.27464789,Q25_50,0,1,2
8,143,20241,141,78,3,5,3,2,0.99295775,Q75_100,0,0,2
8,143,2623,18,49,3,4,2,2,0.12676056,Q0_25,0,1,2
8,143,16857,117,126,3,5,3,3,0.82394366,Q75_100,0,2,3
8,143,7176,50,26,3,4,2,2,0.35211268,Q25_50,0,1,2
8,143,10268,71,115,3,5,2,3,0.5,Q50_75,0,1,3
8,143,2731,19,14,3,4,2,2,0.13380282,Q0_25,0,1,2
8,143,7067,49,60,3,4,2,2,0.34507042,Q25_50,0,1,2
8,143,14719,102,133,3,5,3,3,0.71830986,Q50_75,1,3,3
8,143,8561,59,124,3,4,2,3,0.41549296,Q25_50,0,2,3
8,143,8336,58,42,3,4,2,2,0.4084507,Q25_50,0,1,2
8,143,8401,58,107,3,4,2,3,0.4084507,Q25_50,0,1,3
8,143,606,4,34,3,3,1,2,0.02816901,Q0_25,0,0,2
8,143,3416,23,127,3,4,2,3,0.16197183,Q0_25,0,2,3
8,143,19364,135,59,3,5,3,2,0.95070423,Q75_100,0,1,2
8,143,4997,34,135,3,4,2,3,0.23943662,Q0_25,0,2,3
8,143,9541,66,103,3,4,2,3,0.46478873,Q25_50,0,2,3
8,143,5077,35,72,3,4,2,2,0.24647887,Q0_25,0,1,2
8,143,15235,106,77,3,5,3,2,0.74647887,Q50_75,0,1,2
8,143,5631,39,54,3,4,2,2,0.27464789,Q25_50,0,1,2
8,143,16684,116,96,3,5,3,2,0.81690141,Q75_100,0,1,2
8,143,10252,71,99,3,5,2,2,0.5,Q50_75,0,1,2
8,143,8838,61,115,3,4,2,3,0.42957746,Q25_50,0,2,3
8,143,4677,32,101,3,4,2,3,0.22535211,Q0_25,0,1,3
8,143,18693,130,103,3,5,3,3,0.91549296,Q75_100,0,2,3
8,143,13695,95,110,3,5,2,3,0.66901408,Q50_75,0,2,3
8,143,9359,65,64,3,4,2,2,0.45774648,Q25_50,0,0,2
8,143,7696,53,117,3,4,2,3,0.37323944,Q25_50,0,2,3
8,143,17625,123,36,3,5,3,2,0.86619718,Q75_100,0,1,2
8,143,11935,83,66,3,5,2,2,0.58450704,Q50_75,0,1,2
8,143,13290,92,134,3,5,2,3,0.64788732,Q50_75,0,2,3
8,143,15599,109,12,3,5,3,2,0.76760563,Q75_100,0,1,2
8,143,12773,89,46,3,5,2,2,0.62676056,Q50_75,0,1,2
8,143,15467,108,23,3,5,3,2,0.76056338,Q75_100,1,2,2
8,143,8901,62,35,3,4,2,2,0.43661972,Q25_50,0,0,2
8,143,11710,81,127,3,5,2,3,0.57042254,Q50_75,0,2,3
8,143,6009,42,3,3,4,2,1,0.29577465,Q25_50,1,1,1
8,143,4546,31,113,3,4,2,3,0.21830986,Q0_25,1,3,3
8,143,7418,51,125,3,4,2,3,0.35915493,Q25_50,0,2,3
8,143,20143,140,123,3,5,3,3,0.98591549,Q75_100,0,2,3
8,143,13547,94,105,3,5,2,3,0.66197183,Q50_75,0,2,3
8,143,5878,41,15,3,4,2,2,0.28873239,Q25_50,0,1,2
8,143,11022,77,11,3,5,2,2,0.54225352,Q50_75,0,1,2
8,143,5200,36,52,3,4,2,2,0.25352113,Q25_50,0,1,2
8,143,15404,107,103,3,5,3,3,0.75352113,Q75_100,0,2,3
8,143,388,2,102,3,3,1,3,0.01408451,Q0_25,0,1,3
8,143,17029,119,12,3,5,3,2,0.83802817,Q75_100,0,1,2
8,143,10716,74,134,3,5,2,3,0.52112676,Q50_75,0,2,3
8,143,10748,75,23,3,5,2,2,0.52816901,Q50_75,0,1,2
8,143,19861,138,127,3,5,3,3,0.97183099,Q75_100,0,1,3
8,143,17680,123,91,3,5,3,2,0.86619718,Q75_100,0,1,2
8,143,10447,73,8,3,5,2,1,0.51408451,Q50_75,0,0,1
8,143,3756,26,38,3,4,2,2,0.18309859,Q0_25,0,1,2
8,143,7938,55,73,3,4,2,2,0.38732394,Q25_50,1,2,2
8,143,1237,8,93,3,4,1,2,0.05633803,Q0_25,0,1,2
8,143,6201,43,52,3,4,2,2,0.3028169,Q25_50,0,1,2
8,143,3790,26,72,3,4,2,2,0.18309859,Q0_25,0,0,2
8,143,3324,23,35,3,4,2,2,0.16197183,Q0_25,0,1,2
8,143,5866,41,3,3,4,2,1,0.28873239,Q25_50,1,1,1
8,143,1208,8,64,3,4,1,2,0.05633803,Q0_25,0,0,2
8,143,10075,70,65,3,5,2,2,0.49295775,Q25_50,0,1,2
8,143,3391,23,102,3,4,2,3,0.16197183,Q0_25,0,1,3
8,143,20275,141,112,3,5,3,3,0.99295775,Q75_100,0,1,3
8,143,5306,37,15,3,4,2,2,0.26056338,Q25_50,0,1,2
8,143,13543,94,101,3,5,2,3,0.66197183,Q50_75,0,2,3
8,143,3505,24,73,3,4,2,2,0.16901408,Q0_25,1,2,2
8,143,3797,26,79,3,4,2,2,0.18309859,Q0_25,0,0,2
8,143,5189,36,41,3,4,2,2,0.25352113,Q25_50,0,1,2
8,143,18050,126,32,3,5,3,2,0.88732394,Q75_100,0,1,2
8,143,2617,18,43,3,4,2,2,0.12676056,Q0_25,0,1,2
8,143,7969,55,104,3,4,2,3,0.38732394,Q25_50,0,2,3
8,143,2657,18,83,3,4,2,2,0.12676056,Q0_25,1,2,2
8,143,15714,109,127,3,5,3,3,0.76760563,Q75_100,0,1,3
8,143,10747,75,22,3,5,2,2,0.52816901,Q50_75,0,0,2
8,143,4504,31,71,3,4,2,2,0.21830986,Q0_25,0,1,2
8,143,16040,112,24,3,5,3,2,0.78873239,Q75_100,0,1,2
8,143,16640,116,52,3,5,3,2,0.81690141,Q75_100,0,1,2
8,143,7332,51,39,3,4,2,2,0.35915493,Q25_50,0,0,2
8,143,2172,15,27,3,4,2,2,0.1056338,Q0_25,0,0,2
8,143,14877,104,5,3,5,3,1,0.73239437,Q50_75,0,0,1
8,143,18669,130,79,3,5,3,2,0.91549296,Q75_100,0,0,2
8,143,19104,133,85,3,5,3,2,0.93661972,Q75_100,0,0,2
8,143,11336,79,39,3,5,2,2,0.55633803,Q50_75,0,1,2
8,143,7180,50,30,3,4,2,2,0.35211268,Q25_50,0,1,2
8,143,2715,18,141,3,4,2,3,0.12676056,Q0_25,0,1,3
8,143,16625,116,37,3,5,3,2,0.81690141,Q75_100,0,1,2
8,143,7574,52,138,3,4,2,3,0.36619718,Q25_50,0,2,3
8,143,9423,65,128,3,4,2,3,0.45774648,Q25_50,0,1,3
8,143,16030,112,14,3,5,3,2,0.78873239,Q75_100,0,1,2
8,143,735,5,20,3,3,1,2,0.03521127,Q0_25,0,0,2
8,143,5103,35,98,3,4,2,2,0.24647887,Q0_25,0,0,2
8,143,7018,49,11,3,4,2,2,0.34507042,Q25_50,0,0,2
8,143,10721,74,139,3,5,2,3,0.52112676,Q50_75,0,2,3
8,143,16071,112,55,3,5,3,2,0.78873239,Q75_100,0,0,2
8,143,19597,137,6,3,5,3,1,0.96478873,Q75_100,0,0,1
8,143,14646,102,60,3,5,3,2,0.71830986,Q50_75,0,1,2
8,143,15488,108,44,3,5,3,2,0.76056338,Q75_100,0,1,2
8,143,19517,136,69,3,5,3,2,0.95774648,Q75_100,0,0,2
8,143,2001,13,142,3,4,2,3,0.0915493,Q0_25,0,1,3
8,143,6350,44,58,3,4,2,2,0.30985915,Q25_50,0,0,2
8,143,9344,65,49,3,4,2,2,0.45774648,Q25_50,0,0,2
8,143,14950,104,78,3,5,3,2,0.73239437,Q50_75,0,0,2
8,143,5051,35,46,3,4,2,2,0.24647887,Q0_25,0,1,2
8,143,6538,45,103,3,4,2,3,0.31690141,Q25_50,1,3,3
8,143,6477,45,42,3,4,2,2,0.31690141,Q25_50,0,1,2
8,143,1469,10,39,3,4,2,2,0.07042254,Q0_25,0,1,2
8,143,15397,107,96,3,5,3,2,0.75352113,Q75_100,0,1,2
8,143,20434,142,128,3,5,3,3,1.0,Q75_100,0,1,3
8,143,11954,83,85,3,5,2,2,0.58450704,Q50_75,0,1,2
8,143,9854,68,130,3,4,2,3,0.47887324,Q25_50,0,2,3
8,143,9521,66,83,3,4,2,2,0.46478873,Q25_50,1,2,2
8,143,9756,68,32,3,4,2,2,0.47887324,Q25_50,0,1,2
8,143,5764,40,44,3,4,2,2,0.28169014,Q25_50,0,1,2
8,143,5776,40,56,3,4,2,2,0.28169014,Q25_50,0,1,2
8,143,15187,106,29,3,5,3,2,0.74647887,Q50_75,0,1,2
8,143,17971,125,96,3,5,3,2,0.88028169,Q75_100,0,1,2
8,143,1770,12,54,3,4,2,2,0.08450704,Q0_25,0,1,2
8,143,10000,69,133,3,5,2,3,0.48591549,Q25_50,0,2,3
8,143,7148,49,141,3,4,2,3,0.34507042,Q25_50,0,1,3
8,143,18220,127,59,3,5,3,2,0.8943662,Q75_100,0,0,2
8,143,1365,9,78,3,4,1,2,0.06338028,Q0_25,0,1,2
8,143,5201,36,53,3,4,2,2,0.25352113,Q25_50,1,2,2
8,143,5701,39,124,3,4,2,3,0.27464789,Q25_50,0,2,3
8,143,11860,82,134,3,5,2,3,0.57746479,Q50_75,0,2,3
8,143,17034,119,17,3,5,3,2,0.83802817,Q75_100,0,0,2
8,143,3374,23,85,3,4,2,2,0.16197183,Q0_25,0,1,2
8,143,15274,106,116,3,5,3,3,0.74647887,Q50_75,0,1,3
8,143,11489,80,49,3,5,2,2,0.56338028,Q50_75,0,1,2
8,143,13676,95,91,3,5,2,2,0.66901408,Q50_75,0,0,2
8,143,12919,90,49,3,5,2,2,0.63380282,Q50_75,0,1,2
8,143,17847,124,115,3,5,3,3,0.87323944,Q75_100,0,2,3
8,143,3338,23,49,3,4,2,2,0.16197183,Q0_25,0,1,2
8,143,6722,47,1,3,4,2,1,0.33098592,Q25_50,0,0,1
8,143,13342,93,43,3,5,2,2,0.65492958,Q50_75,1,2,2
8,143,2486,17,55,3,4,2,2,0.11971831,Q0_25,0,1,2
8,143,16448,115,3,3,5,3,1,0.80985915,Q75_100,1,1,1
8,143,12664,88,80,3,5,2,2,0.61971831,Q50_75,0,0,2
8,143,9691,67,110,3,4,2,3,0.47183099,Q25_50,0,2,3
8,143,2391,16,103,3,4,2,3,0.11267606,Q0_25,0,2,3
8,143,5474,38,40,3,4,2,2,0.26760563,Q25_50,0,0,2
8,143,2444,17,13,3,4,2,2,0.11971831,Q0_25,1,2,2
8,143,15221,106,63,3,5,3,2,0.74647887,Q50_75,1,2,2
8,143,8546,59,109,3,4,2,3,0.41549296,Q25_50,0,1,3
8,143,8557,59,120,3,4,2,3,0.41549296,Q25_50,0,2,3
8,143,15734,110,4,3,5,3,1,0.77464789,Q75_100,0,0,1
8,143,16688,116,100,3,5,3,3,0.81690141,Q75_100,0,1,3
8,143,20382,142,76,3,5,3,2,1.0,Q75_100,0,1,2
8,143,5257,36,109,3,4,2,3,0.25352113,Q25_50,0,1,3
8,143,12720,88,136,3,5,2,3,0.61971831,Q50_75,0,2,3
8,143,11877,83,8,3,5,2,1,0.58450704,Q50_75,0,0,1
8,143,19615,137,24,3,5,3,2,0.96478873,Q75_100,0,1,2
8,143,13765,96,37,3,5,2,2,0.67605634,Q50_75,0,0,2
8,143,10418,72,122,3,5,2,3,0.50704225,Q50_75,0,1,3
8,143,12089,84,77,3,5,2,2,0.5915493,Q50_75,0,0,2
8,143,112,0,112,3,3,1,3,0.0,Q0_25,0,2,3
8,143,18609,130,19,3,5,3,2,0.91549296,Q75_100,0,0,2
8,143,2171,15,26,3,4,2,2,0.1056338,Q0_25,0,0,2
8,143,13532,94,90,3,5,2,2,0.66197183,Q50_75,0,1,2
8,143,13773,96,45,3,5,2,2,0.67605634,Q50_75,0,1,2
8,143,13953,97,82,3,5,2,2,0.68309859,Q50_75,0,1,2
8,143,13393,93,94,3,5,2,2,0.65492958,Q50_75,0,1,2
8,143,17265,120,105,3,5,3,3,0.84507042,Q75_100,0,2,3
8,143,10189,71,36,3,5,2,2,0.5,Q50_75,0,0,2
8,143,18407,128,103,3,5,3,3,0.90140845,Q75_100,0,2,3
8,143,17841,124,109,3,5,3,3,0.87323944,Q75_100,0,1,3
8,143,2559,17,128,3,4,2,3,0.11971831,Q0_25,0,2,3
8,143,5095,35,90,3,4,2,2,0.24647887,Q0_25,0,1,2
8,143,13047,91,34,3,5,2,2,0.64084507,Q50_75,0,1,2
8,143,14129,98,115,3,5,2,3,0.69014085,Q50_75,0,1,3
8,143,14651,102,65,3,5,3,2,0.71830986,Q50_75,0,1,2
8,143,2951,20,91,3,4,2,2,0.14084507,Q0_25,0,1,2
8,143,5127,35,122,3,4,2,3,0.24647887,Q0_25,0,1,3
8,143,8909,62,43,3,4,2,2,0.43661972,Q25_50,1,2,2
8,143,8492,59,55,3,4,2,2,0.41549296,Q25_50,0,1,2
8,143,19723,137,132,3,5,3,3,0.96478873,Q75_100,0,2,3
8,143,16816,117,85,3,5,3,2,0.82394366,Q75_100,0,1,2
8,143,9640,67,59,3,4,2,2,0.47183099,Q25_50,0,0,2
8,143,7131,49,124,3,4,2,3,0.34507042,Q25_50,0,2,3
8,143,7717,53,138,3,4,2,3,0.37323944,Q25_50,0,2,3
8,143,10417,72,121,3,5,2,3,0.50704225,Q50_75,0,1,3
8,143,15393,107,92,3,5,3,2,0.75352113,Q75_100,0,1,2
8,143,15677,109,90,3,5,3,2,0.76760563,Q75_100,0,0,2
8,143,13359,93,60,3,5,2,2,0.65492958,Q50_75,0,1,2
8,143,7596,53,17,3,4,2,2,0.37323944,Q25_50,0,1,2
8,143,15730,110,0,3,5,3,1,0.77464789,Q75_100,0,0,1
8,143,17722,123,133,3,5,3,3,0.86619718,Q75_100,1,3,3
8,143,4286,29,139,3,4,2,3,0.20422535,Q0_25,0,2,3
8,143,10706,74,124,3,5,2,3,0.52112676,Q50_75,0,2,3
8,143,1685,11,112,3,4,2,3,0.07746479,Q0_25,0,1,3
8,143,9230,64,78,3,4,2,2,0.45070423,Q25_50,0,0,2
8,143,13655,95,70,3,5,2,2,0.66901408,Q50_75,0,1,2
8,143,16557,115,112,3,5,3,3,0.80985915,Q75_100,0,2,3
8,143,4329,30,39,3,4,2,2,0.21126761,Q0_25,0,1,2
8,143,6617,46,39,3,4,2,2,0.32394366,Q25_50,0,1,2
8,143,1483,10,53,3,4,2,2,0.07042254,Q0_25,1,2,2
8,143,3779,26,61,3,4,2,2,0.18309859,Q0_25,0,0,2
8,143,2812,19,95,3,4,2,2,0.13380282,Q0_25,0,1,2
8,143,10799,75,74,3,5,2,2,0.52816901,Q50_75,0,0,2
8,143,1218,8,74,3,4,1,2,0.05633803,Q0_25,0,0,2
8,143,1811,12,95,3,4,2,2,0.08450704,Q0_25,0,1,2
8,143,18520,129,73,3,5,3,2,0.9084507,Q75_100,1,2,2
8,143,7851,54,129,3,4,2,3,0.38028169,Q25_50,0,1,3
8,143,8095,56,87,3,4,2,2,0.3943662,Q25_50,0,0,2
8,143,3539,24,107,3,4,2,3,0.16901408,Q0_25,0,2,3
8,143,11525,80,85,3,5,2,2,0.56338028,Q50_75,0,1,2
8,143,14041,98,27,3,5,2,2,0.69014085,Q50_75,0,1,2
8,143,20327,142,21,3,5,3,2,1.0,Q75_100,0,1,2
8,143,18384,128,80,3,5,3,2,0.90140845,Q75_100,0,1,2
8,143,802,5,87,3,3,1,2,0.03521127,Q0_25,0,1,2
8,143,16511,115,66,3,5,3,2,0.80985915,Q75_100,0,1,2
8,143,19273,134,111,3,5,3,3,0.94366197,Q75_100,0,2,3
8,143,169,1,26,3,3,1,2,0.00704225,Q0_25,0,0,2
8,143,10890,76,22,3,5,2,2,0.53521127,Q50_75,0,1,2
8,143,4611,32,35,3,4,2,2,0.22535211,Q0_25,0,1,2
8,143,4697,32,121,3,4,2,3,0.22535211,Q0_25,0,2,3
8,143,2517,17,86,3,4,2,2,0.11971831,Q0_25,0,1,2
8,143,15793,110,63,3,5,3,2,0.77464789,Q75_100,1,2,2
8,143,4198,29,51,3,4,2,2,0.20422535,Q0_25,0,0,2
8,143,1745,12,29,3,4,2,2,0.08450704,Q0_25,0,0,2
8,143,4248,29,101,3,4,2,3,0.20422535,Q0_25,0,1,3
8,143,2630,18,56,3,4,2,2,0.12676056,Q0_25,0,1,2
8,143,12250,85,95,3,5,2,2,0.59859155,Q50_75,0,1,2
8,143,3575,25,0,3,4,2,1,0.17605634,Q0_25,0,0,1
8,143,17702,123,113,3,5,3,3,0.86619718,Q75_100,1,3,3
8,143,18854,131,121,3,5,3,3,0.92253521,Q75_100,0,2,3
8,143,16838,117,107,3,5,3,3,0.82394366,Q75_100,0,2,3
8,143,11000,76,132,3,5,2,3,0.53521127,Q50_75,0,1,3
8,143,16114,112,98,3,5,3,2,0.78873239,Q75_100,0,1,2
8,143,8220,57,69,3,4,2,2,0.40140845,Q25_50,0,0,2
8,143,15746,110,16,3,5,3,2,0.77464789,Q75_100,0,1,2
8,143,12836,89,109,3,5,2,3,0.62676056,Q50_75,0,2,3
8,143,11835,82,109,3,5,2,3,0.57746479,Q50_75,0,2,3
8,143,17528,122,82,3,5,3,2,0.85915493,Q75_100,0,1,2
8,143,17278,120,118,3,5,3,3,0.84507042,Q75_100,0,2,3
8,143,8598,60,18,3,4,2,2,0.42253521,Q25_50,0,1,2
8,143,17533,122,87,3,5,3,2,0.85915493,Q75_100,0,0,2
8,143,6779,47,58,3,4,2,2,0.33098592,Q25_50,0,1,2
8,143,18074,126,56,3,5,3,2,0.88732394,Q75_100,0,1,2
8,143,3945,27,84,3,4,2,2,0.19014085,Q0_25,0,1,2
8,143,12079,84,67,3,5,2,2,0.5915493,Q50_75,0,1,2
8,143,1179,8,35,3,4,1,2,0.05633803,Q0_25,0,1,2
8,143,4587,32,11,3,4,2,2,0.22535211,Q0_25,0,1,2
8,143,2607,18,33,3,4,2,2,0.12676056,Q0_25,0,1,2
8,143,11239,78,85,3,5,2,2,0.54929577,Q50_75,0,0,2
8,143,3736,26,18,3,4,2,2,0.18309859,Q0_25,0,0,2
8,143,17585,122,139,3,5,3,3,0.85915493,Q75_100,0,2,3
8,143,18147,126,129,3,5,3,3,0.88732394,Q75_100,0,1,3
8,143,10547,73,108,3,5,2,3,0.51408451,Q50_75,0,2,3
8,143,5786,40,66,3,4,2,2,0.28169014,Q25_50,0,1,2
8,143,17000,118,126,3,5,3,3,0.83098592,Q75_100,0,2,3
8,143,20047,140,27,3,5,3,2,0.98591549,Q75_100,0,0,2
8,143,727,5,12,3,3,1,2,0.03521127,Q0_25,0,1,2
8,143,13526,94,84,3,5,2,2,0.66197183,Q50_75,0,1,2
8,143,1413,9,126,3,4,1,3,0.06338028,Q0_25,0,2,3
8,143,15843,110,113,3,5,3,3,0.77464789,Q75_100,1,3,3
8,143,11486,80,46,3,5,2,2,0.56338028,Q50_75,0,1,2
8,143,17374,121,71,3,5,3,2,0.85211268,Q75_100,0,0,2
8,143,9007,62,141,3,4,2,3,0.43661972,Q25_50,0,1,3
8,143,3828,26,110,3,4,2,3,0.18309859,Q0_25,0,1,3
8,143,18128,126,110,3,5,3,3,0.88732394,Q75_100,0,1,3
8,143,10351,72,55,3,5,2,2,0.50704225,Q50_75,0,1,2
8,143,7333,51,40,3,4,2,2,0.35915493,Q25_50,0,1,2
8,143,781,5,66,3,3,1,2,0.03521127,Q0_25,0,0,2
8,143,6507,45,72,3,4,2,2,0.31690141,Q25_50,0,1,2
8,143,14165,99,8,3,5,2,1,0.6971831,Q50_75,0,0,1
8,143,12963,90,93,3,5,2,2,0.63380282,Q50_75,1,2,2
8,143,13450,94,8,3,5,2,1,0.66197183,Q50_75,0,0,1
8,143,12775,89,48,3,5,2,2,0.62676056,Q50_75,0,0,2
8,143,995,6,137,3,3,1,3,0.04225352,Q0_25,0,2,3
8,143,1909,13,50,3,4,2,2,0.0915493,Q0_25,0,0,2
8,143,16041,112,25,3,5,3,2,0.78873239,Q75_100,0,1,2
8,143,10024,70,14,3,5,2,2,0.49295775,Q25_50,0,1,2
8,143,12741,89,14,3,5,2,2,0.62676056,Q50_75,0,1,2
8,143,11691,81,108,3,5,2,3,0.57042254,Q50_75,0,1,3
8,143,19732,137,141,3,5,3,3,0.96478873,Q75_100,0,1,3
8,143,5606,39,29,3,4,2,2,0.27464789,Q25_50,0,1,2
8,143,12406,86,108,3,5,2,3,0.6056338,Q50_75,0,1,3
8,143,290,2,4,3,3,1,1,0.01408451,Q0_25,0,0,1
8,143,8560,59,123,3,4,2,3,0.41549296,Q25_50,1,3,3
8,143,12402,86,104,3,5,2,3,0.6056338,Q50_75,0,1,3
8,143,18301,127,140,3,5,3,3,0.8943662,Q75_100,0,1,3
8,143,18238,127,77,3,5,3,2,0.8943662,Q75_100,0,0,2
8,143,15299,106,141,3,5,3,3,0.74647887,Q50_75,0,2,3
8,143,10366,72,70,3,5,2,2,0.50704225,Q50_75,0,0,2
8,143,16446,115,1,3,5,3,1,0.80985915,Q75_100,0,0,1
8,143,6763,47,42,3,4,2,2,0.33098592,Q25_50,0,0,2
8,143,3955,27,94,3,4,2,2,0.19014085,Q0_25,0,0,2
8,143,11879,83,10,3,5,2,2,0.58450704,Q50_75,0,0,2
8,143,9590,67,9,3,4,2,1,0.47183099,Q25_50,0,0,1
8,143,9524,66,86,3,4,2,2,0.46478873,Q25_50,0,1,2
8,143,7984,55,119,3,4,2,3,0.38732394,Q25_50,0,2,3
8,143,11884,83,15,3,5,2,2,0.58450704,Q50_75,0,1,2
8,143,15902,111,29,3,5,3,2,0.78169014,Q75_100,0,0,2
8,143,1602,11,29,3,4,2,2,0.07746479,Q0_25,0,1,2
8,143,1873,13,14,3,4,2,2,0.0915493,Q0_25,0,1,2
8,143,18196,127,35,3,5,3,2,0.8943662,Q75_100,0,1,2
8,143,7014,49,7,3,4,2,1,0.34507042,Q25_50,0,0,1
8,143,18403,128,99,3,5,3,2,0.90140845,Q75_100,0,0,2
8,143,19656,137,65,3,5,3,2,0.96478873,Q75_100,0,1,2
8,143,16464,115,19,3,5,3,2,0.80985915,Q75_100,0,0,2
8,143,12654,88,70,3,5,2,2,0.61971831,Q50_75,0,1,2
8,143,19639,137,48,3,5,3,2,0.96478873,Q75_100,0,1,2
8,143,2852,19,135,3,4,2,3,0.13380282,Q0_25,0,2,3
8,143,15135,105,120,3,5,3,3,0.73943662,Q50_75,0,2,3
8,143,5982,41,119,3,4,2,3,0.28873239,Q25_50,0,2,3
8,143,16631,116,43,3,5,3,2,0.81690141,Q75_100,1,2,2
8,143,8644,60,64,3,4,2,2,0.42253521,Q25_50,0,1,2
8,143,5441,38,7,3,4,2,1,0.26760563,Q25_50,0,0,1
8,143,8886,62,20,3,4,2,2,0.43661972,Q25_50,0,0,2
8,143,19167,134,5,3,5,3,1,0.94366197,Q75_100,0,0,1
8,143,9432,65,137,3,4,2,3,0.45774648,Q25_50,0,2,3
8,143,19259,134,97,3,5,3,2,0.94366197,Q75_100,0,1,2
8,143,3122,21,119,3,4,2,3,0.14788732,Q0_25,0,2,3
8,143,6336,44,44,3,4,2,2,0.30985915,Q25_50,0,1,2
8,143,9057,63,48,3,4,2,2,0.44366197,Q25_50,0,1,2
8,143,10191,71,38,3,5,2,2,0.5,Q50_75,0,1,2
8,143,16757,117,26,3,5,3,2,0.82394366,Q75_100,0,1,2
8,143,12021,84,9,3,5,2,1,0.5915493,Q50_75,0,0,1
8,143,4430,30,140,3,4,2,3,0.21126761,Q0_25,0,1,3
8,143,11186,78,32,3,5,2,2,0.54929577,Q50_75,0,0,2
8,143,13160,92,4,3,5,2,1,0.64788732,Q50_75,0,0,1
8,143,5245,36,97,3,4,2,2,0.25352113,Q25_50,0,1,2
8,143,2563,17,132,3,4,2,3,0.11971831,Q0_25,0,2,3
8,143,10066,70,56,3,5,2,2,0.49295775,Q25_50,0,0,2
8,143,9961,69,94,3,4,2,2,0.48591549,Q25_50,0,1,2
8,143,8710,60,130,3,4,2,3,0.42253521,Q25_50,0,2,3
8,143,1432,10,2,3,4,2,1,0.07042254,Q0_25,0,0,1
8,143,1166,8,22,3,4,1,2,0.05633803,Q0_25,0,0,2
8,143,2353,16,65,3,4,2,2,0.11267606,Q0_25,0,1,2
8,143,16009,111,136,3,5,3,3,0.78169014,Q75_100,0,1,3
8,143,18351,128,47,3,5,3,2,0.90140845,Q75_100,0,0,2
8,143,8718,60,138,3,4,2,3,0.42253521,Q25_50,0,2,3
8,143,16854,117,123,3,5,3,3,0.82394366,Q75_100,1,3,3
8,143,1840,12,124,3,4,2,3,0.08450704,Q0_25,0,2,3
8,143,1982,13,123,3,4,2,3,0.0915493,Q0_25,1,3,3
8,143,3813,26,95,3,4,2,2,0.18309859,Q0_25,0,1,2
8,143,446,3,17,3,3,1,2,0.02112676,Q0_25,1,2,2
8,143,1951,13,92,3,4,2,2,0.0915493,Q0_25,0,1,2
8,143,9930,69,63,3,4,2,2,0.48591549,Q25_50,1,2,2
8,143,1010,7,9,3,4,1,1,0.04929577,Q0_25,0,0,1
8,143,13055,91,42,3,5,2,2,0.64084507,Q50_75,0,1,2
8,143,5429,37,138,3,4,2,3,0.26056338,Q25_50,0,2,3
8,143,19182,134,20,3,5,3,2,0.94366197,Q75_100,0,0,2
8,143,6588,46,10,3,4,2,2,0.32394366,Q25_50,0,1,2
8,143,2125,14,123,3,4,2,3,0.09859155,Q0_25,0,2,3
8,143,408,2,122,3,3,1,3,0.01408451,Q0_25,0,1,3
8,143,15637,109,50,3,5,3,2,0.76760563,Q75_100,0,1,2
8,143,4441,31,8,3,4,2,1,0.21830986,Q0_25,0,0,1
8,143,16817,117,86,3,5,3,2,0.82394366,Q75_100,0,1,2
8,143,5460,38,26,3,4,2,2,0.26760563,Q25_50,0,0,2
8,143,14476,101,33,3,5,3,2,0.71126761,Q50_75,1,2,2
8,143,20343,142,37,3,5,3,2,1.0,Q75_100,0,1,2
8,143,19806,138,72,3,5,3,2,0.97183099,Q75_100,0,1,2
8,143,11113,77,102,3,5,2,3,0.54225352,Q50_75,0,1,3
8,143,9431,65,136,3,4,2,3,0.45774648,Q25_50,0,2,3
8,143,10725,75,0,3,5,2,1,0.52816901,Q50_75,0,0,1
8,143,10894,76,26,3,5,2,2,0.53521127,Q50_75,0,1,2
8,143,12151,84,139,3,5,2,3,0.5915493,Q50_75,0,2,3
8,143,3808,26,90,3,4,2,2,0.18309859,Q0_25,0,0,2
8,143,17978,125,103,3,5,3,3,0.88028169,Q75_100,1,3,3
8,143,12966,90,96,3,5,2,2,0.63380282,Q50_75,0,1,2
8,143,17007,118,133,3,5,3,3,0.83098592,Q75_100,0,2,3
8,143,9406,65,111,3,4,2,3,0.45774648,Q25_50,0,2,3
8,143,7328,51,35,3,4,2,2,0.35915493,Q25_50,0,1,2
8,143,13253,92,97,3,5,2,2,0.64788732,Q50_75,0,1,2
8,143,8763,61,40,3,4,2,2,0.42957746,Q25_50,0,0,2
8,143,15619,109,32,3,5,3,2,0.76760563,Q75_100,0,1,2
8,143,14948,104,76,3,5,3,2,0.73239437,Q50_75,0,1,2
8,143,9096,63,87,3,4,2,2,0.44366197,Q25_50,0,0,2
8,143,11673,81,90,3,5,2,2,0.57042254,Q50_75,0,0,2
8,143,10512,73,73,3,5,2,2,0.51408451,Q50_75,0,1,2
8,143,9155,64,3,3,4,2,1,0.45070423,Q25_50,1,1,1
8,143,12016,84,4,3,5,2,1,0.5915493,Q50_75,0,0,1
8,143,1076,7,75,3,4,1,2,0.04929577,Q0_25,0,1,2
8,143,19786,138,52,3,5,3,2,0.97183099,Q75_100,0,1,2
8,143,19049,133,30,3,5,3,2,0.93661972,Q75_100,0,1,2
8,143,9513,66,75,3,4,2,2,0.46478873,Q25_50,0,0,2
8,143,13300,93,1,3,5,2,1,0.65492958,Q50_75,0,0,1
8,143,9563,66,125,3,4,2,3,0.46478873,Q25_50,0,2,3
8,143,5538,38,104,3,4,2,3,0.26760563,Q25_50,0,2,3
8,143,5884,41,21,3,4,2,2,0.28873239,Q25_50,0,0,2
8,143,458,3,29,3,3,1,2,0.02112676,Q0_25,0,0,2
8,143,5162,36,14,3,4,2,2,0.25352113,Q25_50,0,1,2
8,143,10566,73,127,3,5,2,3,0.51408451,Q50_75,0,2,3
8,143,7997,55,132,3,4,2,3,0.38732394,Q25_50,0,2,3
8,143,8696,60,116,3,4,2,3,0.42253521,Q25_50,0,2,3
8,143,12892,90,22,3,5,2,2,0.63380282,Q50_75,0,1,2
8,143,19410,135,105,3,5,3,3,0.95070423,Q75_100,0,1,3
8,143,8446,59,9,3,4,2,1,0.41549296,Q25_50,0,0,1
8,143,2317,16,29,3,4,2,2,0.11267606,Q0_25,0,1,2
8,143,17190,120,30,3,5,3,2,0.84507042,Q75_100,0,1,2
8,143,16933,118,59,3,5,3,2,0.83098592,Q75_100,0,0,2
8,143,12823,89,96,3,5,2,2,0.62676056,Q50_75,0,1,2
8,143,13881,97,10,3,5,2,2,0.68309859,Q50_75,0,1,2
8,143,11516,80,76,3,5,2,2,0.56338028,Q50_75,0,1,2
8,143,6101,42,95,3,4,2,2,0.29577465,Q25_50,0,0,2
8,143,9483,66,45,3,4,2,2,0.46478873,Q25_50,0,1,2
8,143,19524,136,76,3,5,3,2,0.95774648,Q75_100,0,0,2
8,143,14304,100,4,3,5,3,1,0.70422535,Q50_75,0,0,1
8,143,12090,84,78,3,5,2,2,0.5915493,Q50_75,0,1,2
8,143,14835,103,106,3,5,3,3,0.72535211,Q50_75,0,2,3
8,143,17970,125,95,3,5,3,2,0.88028169,Q75_100,0,1,2
8,143,19178,134,16,3,5,3,2,0.94366197,Q75_100,0,0,2
8,143,2378,16,90,3,4,2,2,0.11267606,Q0_25,0,0,2
8,143,5138,35,133,3,4,2,3,0.24647887,Q0_25,1,3,3
8,143,13237,92,81,3,5,2,2,0.64788732,Q50_75,0,1,2
8,143,11447,80,7,3,5,2,1,0.56338028,Q50_75,0,0,1
8,143,5882,41,19,3,4,2,2,0.28873239,Q25_50,0,1,2
8,143,6202,43,53,3,4,2,2,0.3028169,Q25_50,1,2,2
8,143,13681,95,96,3,5,2,2,0.66901408,Q50_75,0,1,2
8,143,8159,57,8,3,4,2,1,0.40140845,Q25_50,0,0,1
8,143,5980,41,117,3,4,2,3,0.28873239,Q25_50,0,2,3
8,143,19651,137,60,3,5,3,2,0.96478873,Q75_100,0,1,2
8,143,2066,14,64,3,4,2,2,0.09859155,Q0_25,0,1,2
8,143,3676,25,101,3,4,2,3,0.17605634,Q0_25,0,1,3
8,143,20061,140,41,3,5,3,2,0.98591549,Q75_100,0,0,2
8,143,13041,91,28,3,5,2,2,0.64084507,Q50_75,0,1,2
8,143,17856,124,124,3,5,3,3,0.87323944,Q75_100,0,2,3
8,143,17623,123,34,3,5,3,2,0.86619718,Q75_100,0,1,2
8,143,7544,52,108,3,4,2,3,0.36619718,Q25_50,0,1,3
8,143,607,4,35,3,3,1,2,0.02816901,Q0_25,0,1,2
8,143,13856,96,128,3,5,2,3,0.67605634,Q50_75,0,2,3
8,143,3555,24,123,3,4,2,3,0.16901408,Q0_25,1,3,3
8,143,16801,117,70,3,5,3,2,0.82394366,Q75_100,0,1,2
8,143,3786,26,68,3,4,2,2,0.18309859,Q0_25,0,1,2
8,143,4645,32,69,3,4,2,2,0.22535211,Q0_25,0,1,2
8,143,17279,120,119,3,5,3,3,0.84507042,Q75_100,0,1,3
8,143,18641,130,51,3,5,3,2,0.91549296,Q75_100,0,1,2
8,143,13209,92,53,3,5,2,2,0.64788732,Q50_75,1,2,2
8,143,6622,46,44,3,4,2,2,0.32394366,Q25_50,0,1,2
8,143,806,5,91,3,3,1,2,0.03521127,Q0_25,0,0,2
8,143,15981,111,108,3,5,3,3,0.78169014,Q75_100,0,2,3
8,143,9263,64,111,3,4,2,3,0.45070423,Q25_50,0,1,3
8,143,15071,105,56,3,5,3,2,0.73943662,Q50_75,0,1,2
8,143,3490,24,58,3,4,2,2,0.16901408,Q0_25,0,1,2
8,143,6858,47,137,3,4,2,3,0.33098592,Q25_50,0,2,3
8,143,16474,115,29,3,5,3,2,0.80985915,Q75_100,0,1,2
8,143,16621,116,33,3,5,3,2,0.81690141,Q75_100,1,2,2
8,143,13419,93,120,3,5,2,3,0.65492958,Q50_75,0,1,3
8,143,5519,38,85,3,4,2,2,0.26760563,Q25_50,0,1,2
8,143,18592,130,2,3,5,3,1,0.91549296,Q75_100,0,0,1
8,143,18088,126,70,3,5,3,2,0.88732394,Q75_100,0,1,2
8,143,717,5,2,3,3,1,1,0.03521127,Q0_25,0,0,1
8,143,17734,124,2,3,5,3,1,0.87323944,Q75_100,0,0,1
8,143,11048,77,37,3,5,2,2,0.54225352,Q50_75,0,1,2
8,143,12828,89,101,3,5,2,3,0.62676056,Q50_75,0,1,3
8,143,7009,49,2,3,4,2,1,0.34507042,Q25_50,0,0,1
8,143,1156,8,12,3,4,1,2,0.05633803,Q0_25,0,1,2
8,143,4574,31,141,3,4,2,3,0.21830986,Q0_25,0,1,3
8,143,15791,110,61,3,5,3,2,0.77464789,Q75_100,0,1,2
8,143,3819,26,101,3,4,2,3,0.18309859,Q0_25,0,1,3
8,143,3250,22,104,3,4,2,3,0.15492958,Q0_25,0,2,3
8,143,14712,102,126,3,5,3,3,0.71830986,Q50_75,0,2,3
8,143,14135,98,121,3,5,2,3,0.69014085,Q50_75,0,2,3
8,143,15967,111,94,3,5,3,2,0.78169014,Q75_100,0,1,2
8,143,8018,56,10,3,4,2,2,0.3943662,Q25_50,0,0,2
8,143,18588,129,141,3,5,3,3,0.9084507,Q75_100,0,2,3
8,143,8042,56,34,3,4,2,2,0.3943662,Q25_50,0,1,2
8,143,5236,36,88,3,4,2,2,0.25352113,Q25_50,0,1,2
8,143,365,2,79,3,3,1,2,0.01408451,Q0_25,0,0,2
8,143,16584,115,139,3,5,3,3,0.80985915,Q75_100,0,2,3
8,143,5993,41,130,3,4,2,3,0.28873239,Q25_50,0,1,3
8,143,18828,131,95,3,5,3,2,0.92253521,Q75_100,0,1,2
8,143,5742,40,22,3,4,2,2,0.28169014,Q25_50,0,1,2
8,143,4420,30,130,3,4,2,3,0.21126761,Q0_25,0,2,3
8,143,8455,59,18,3,4,2,2,0.41549296,Q25_50,0,1,2
8,143,12534,87,93,3,5,2,2,0.61267606,Q50_75,1,2,2
8,143,11950,83,81,3,5,2,2,0.58450704,Q50_75,0,1,2
8,143,4807,33,88,3,4,2,2,0.23239437,Q0_25,0,1,2
8,143,2352,16,64,3,4,2,2,0.11267606,Q0_25,0,1,2
8,143,20276,141,113,3,5,3,3,0.99295775,Q75_100,0,2,3
8,143,4319,30,29,3,4,2,2,0.21126761,Q0_25,0,1,2
8,143,10606,74,24,3,5,2,2,0.52112676,Q50_75,0,1,2
8,143,9683,67,102,3,4,2,3,0.47183099,Q25_50,0,2,3
8,143,17947,125,72,3,5,3,2,0.88028169,Q75_100,0,1,2
8,143,18308,128,4,3,5,3,1,0.90140845,Q75_100,0,0,1
8,143,8484,59,47,3,4,2,2,0.41549296,Q25_50,0,1,2
8,143,20013,139,136,3,5,3,3,0.97887324,Q75_100,0,2,3
8,143,7825,54,103,3,4,2,3,0.38028169,Q25_50,1,3,3
8,143,2434,17,3,3,4,2,1,0.11971831,Q0_25,1,1,1
8,143,5478,38,44,3,4,2,2,0.26760563,Q25_50,0,1,2
8,143,8767,61,44,3,4,2,2,0.42957746,Q25_50,0,1,2
8,143,19925,139,48,3,5,3,2,0.97887324,Q75_100,0,0,2
8,143,10095,70,85,3,5,2,2,0.49295775,Q25_50,0,1,2
8,143,12524,87,83,3,5,2,2,0.61267606,Q50_75,1,2,2
8,143,13408,93,109,3,5,2,3,0.65492958,Q50_75,0,1,3
8,143,13388,93,89,3,5,2,2,0.65492958,Q50_75,0,1,2
8,143,15518,108,74,3,5,3,2,0.76056338,Q75_100,0,1,2
8,143,15028,105,13,3,5,3,2,0.73943662,Q50_75,1,2,2
8,143,5665,39,88,3,4,2,2,0.27464789,Q25_50,0,1,2
8,143,13889,97,18,3,5,2,2,0.68309859,Q50_75,0,1,2
8,143,19272,134,110,3,5,3,3,0.94366197,Q75_100,0,2,3
8,143,4079,28,75,3,4,2,2,0.1971831,Q0_25,0,1,2
8,143,6107,42,101,3,4,2,3,0.29577465,Q25_50,0,2,3
8,143,3272,22,126,3,4,2,3,0.15492958,Q0_25,0,2,3
8,143,15645,109,58,3,5,3,2,0.76760563,Q75_100,0,0,2
8,143,15273,106,115,3,5,3,3,0.74647887,Q50_75,0,1,3
8,143,15691,109,104,3,5,3,3,0.76760563,Q75_100,0,1,3
8,143,12183,85,28,3,5,2,2,0.59859155,Q50_75,0,1,2
8,143,1624,11,51,3,4,2,2,0.07746479,Q0_25,0,0,2
8,143,4414,30,124,3,4,2,3,0.21126761,Q0_25,0,2,3
8,143,3131,21,128,3,4,2,3,0.14788732,Q0_25,0,2,3
8,143,18927,132,51,3,5,3,2,0.92957746,Q75_100,0,1,2
8,143,8771,61,48,3,4,2,2,0.42957746,Q25_50,0,1,2
8,143,19080,133,61,3,5,3,2,0.93661972,Q75_100,0,1,2
8,143,13797,96,69,3,5,2,2,0.67605634,Q50_75,0,1,2
8,143,2124,14,122,3,4,2,3,0.09859155,Q0_25,0,1,3
8,143,16178,113,19,3,5,3,2,0.79577465,Q75_100,0,0,2
8,143,14170,99,13,3,5,2,2,0.6971831,Q50_75,1,2,2
8,143,866,6,8,3,3,1,1,0.04225352,Q0_25,0,0,1
8,143,12130,84,118,3,5,2,3,0.5915493,Q50_75,0,2,3
8,143,3146,22,0,3,4,2,1,0.15492958,Q0_25,0,0,1
8,143,8609,60,29,3,4,2,2,0.42253521,Q25_50,0,1,2
8,143,14792,103,63,3,5,3,2,0.72535211,Q50_75,1,2,2
8,143,5463,38,29,3,4,2,2,0.26760563,Q25_50,0,0,2
8,143,5166,36,18,3,4,2,2,0.25352113,Q25_50,0,1,2
8,143,5785,40,65,3,4,2,2,0.28169014,Q25_50,0,1,2
8,143,15526,108,82,3,5,3,2,0.76056338,Q75_100,0,1,2
8,143,14239,99,82,3,5,2,2,0.6971831,Q50_75,0,0,2
8,143,1392,9,105,3,4,1,3,0.06338028,Q0_25,0,1,3
8,143,16378,114,76,3,5,3,2,0.8028169,Q75_100,0,1,2
8,143,3655,25,80,3,4,2,2,0.17605634,Q0_25,0,0,2
8,143,19214,134,52,3,5,3,2,0.94366197,Q75_100,0,1,2
8,143,18485,129,38,3,5,3,2,0.9084507,Q75_100,0,1,2
8,143,1302,9,15,3,4,1,2,0.06338028,Q0_25,0,1,2
8,143,20048,140,28,3,5,3,2,0.98591549,Q75_100,0,0,2
8,143,13694,95,109,3,5,2,3,0.66901408,Q50_75,0,1,3
8,143,18883,132,7,3,5,3,1,0.92957746,Q75_100,0,0,1
8,143,10037,70,27,3,5,2,2,0.49295775,Q25_50,0,1,2
8,143,1053,7,52,3,4,1,2,0.04929577,Q0_25,0,1,2
8,143,10135,70,125,3,5,2,3,0.49295775,Q25_50,0,2,3
8,143,528,3,99,3,3,1,2,0.02112676,Q0_25,0,0,2
8,143,9175,64,23,3,4,2,2,0.45070423,Q25_50,1,2,2
8,143,16815,117,84,3,5,3,2,0.82394366,Q75_100,0,1,2
8,143,19479,136,31,3,5,3,2,0.95774648,Q75_100,0,1,2
8,143,8069,56,61,3,4,2,2,0.3943662,Q25_50,0,1,2
8,143,10058,70,48,3,5,2,2,0.49295775,Q25_50,0,1,2
8,143,3609,25,34,3,4,2,2,0.17605634,Q0_25,0,0,2
8,143,13145,91,132,3,5,2,3,0.64084507,Q50_75,0,2,3
8,143,4259,29,112,3,4,2,3,0.20422535,Q0_25,0,2,3
8,143,4164,29,17,3,4,2,2,0.20422535,Q0_25,0,1,2
8,143,7480,52,44,3,4,2,2,0.36619718,Q25_50,0,1,2
8,143,1506,10,76,3,4,2,2,0.07042254,Q0_25,0,1,2
8,143,10216,71,63,3,5,2,2,0.5,Q50_75,1,2,2
8,143,12943,90,73,3,5,2,2,0.63380282,Q50_75,1,2,2
8,143,17634,123,45,3,5,3,2,0.86619718,Q75_100,0,1,2
8,143,8337,58,43,3,4,2,2,0.4084507,Q25_50,1,2,2
8,143,14633,102,47,3,5,3,2,0.71830986,Q50_75,0,0,2
8,143,3767,26,49,3,4,2,2,0.18309859,Q0_25,0,1,2
8,143,13835,96,107,3,5,2,3,0.67605634,Q50_75,0,2,3
8,143,7629,53,50,3,4,2,2,0.37323944,Q25_50,0,0,2
8,143,16275,113,116,3,5,3,3,0.79577465,Q75_100,0,1,3
8,143,8137,56,129,3,4,2,3,0.3943662,Q25_50,0,1,3
8,143,15405,107,104,3,5,3,3,0.75352113,Q75_100,0,1,3
8,143,4194,29,47,3,4,2,2,0.20422535,Q0_25,0,1,2
8,143,11684,81,101,3,5,2,3,0.57042254,Q50_75,0,1,3
8,143,11740,82,14,3,5,2,2,0.57746479,Q50_75,0,1,2
8,143,15833,110,103,3,5,3,3,0.77464789,Q75_100,1,3,3
8,143,4074,28,70,3,4,2,2,0.1971831,Q0_25,0,0,2
8,143,2695,18,121,3,4,2,3,0.12676056,Q0_25,0,2,3
8,143,9212,64,60,3,4,2,2,0.45070423,Q25_50,0,1,2
8,143,1559,10,129,3,4,2,3,0.07042254,Q0_25,0,2,3
8,143,5316,37,25,3,4,2,2,0.26056338,Q25_50,0,1,2
8,143,19520,136,72,3,5,3,2,0.95774648,Q75_100,0,1,2
8,143,16662,116,74,3,5,3,2,0.81690141,Q75_100,0,1,2
8,143,5055,35,50,3,4,2,2,0.24647887,Q0_25,0,0,2
8,143,17537,122,91,3,5,3,2,0.85915493,Q75_100,0,1,2
8,143,4781,33,62,3,4,2,2,0.23239437,Q0_25,0,1,2
8,143,13552,94,110,3,5,2,3,0.66197183,Q50_75,0,1,3
8,143,1159,8,15,3,4,1,2,0.05633803,Q0_25,0,1,2
8,143,8323,58,29,3,4,2,2,0.4084507,Q25_50,0,0,2
8,143,17687,123,98,3,5,3,2,0.86619718,Q75_100,0,1,2
8,143,7496,52,60,3,4,2,2,0.36619718,Q25_50,0,1,2
8,143,2450,17,19,3,4,2,2,0.11971831,Q0_25,0,0,2
8,143,8501,59,64,3,4,2,2,0.41549296,Q25_50,0,0,2
8,143,18626,130,36,3,5,3,2,0.91549296,Q75_100,0,1,2
8,143,949,6,91,3,3,1,2,0.04225352,Q0_25,0,0,2
8,143,6161,43,12,3,4,2,2,0.3028169,Q25_50,0,1,2
8,143,3551,24,119,3,4,2,3,0.16901408,Q0_25,0,1,3
8,143,2706,18,132,3,4,2,3,0.12676056,Q0_25,0,1,3
8,143,16243,113,84,3,5,3,2,0.79577465,Q75_100,0,1,2
8,143,880,6,22,3,3,1,2,0.04225352,Q0_25,0,0,2
8,143,9848,68,124,3,4,2,3,0.47887324,Q25_50,0,2,3
8,143,9735,68,11,3,4,2,2,0.47887324,Q25_50,0,1,2
8,143,1269,8,125,3,4,1,3,0.05633803,Q0_25,0,1,3
8,143,18112,126,94,3,5,3,2,0.88732394,Q75_100,0,1,2
8,143,2767,19,50,3,4,2,2,0.13380282,Q0_25,0,0,2
8,143,4815,33,96,3,4,2,2,0.23239437,Q0_25,0,1,2
8,143,12749,89,22,3,5,2,2,0.62676056,Q50_75,0,1,2
8,143,4935,34,73,3,4,2,2,0.23943662,Q0_25,0,1,2
8,143,15840,110,110,3,5,3,3,0.77464789,Q75_100,0,2,3
8,143,4478,31,45,3,4,2,2,0.21830986,Q0_25,0,1,2
8,143,6550,45,115,3,4,2,3,0.31690141,Q25_50,0,2,3
8,143,9210,64,58,3,4,2,2,0.45070423,Q25_50,0,0,2
8,143,12676,88,92,3,5,2,2,0.61971831,Q50_75,0,0,2
8,143,10363,72,67,3,5,2,2,0.50704225,Q50_75,0,1,2
8,143,13302,93,3,3,5,2,1,0.65492958,Q50_75,1,1,1
8,143,13002,90,132,3,5,2,3,0.63380282,Q50_75,0,1,3
8,143,2859,19,142,3,4,2,3,0.13380282,Q0_25,0,1,3
8,143,18093,126,75,3,5,3,2,0.88732394,Q75_100,0,1,2
8,143,13051,91,38,3,5,2,2,0.64084507,Q50_75,0,1,2
8,143,20336,142,30,3,5,3,2,1.0,Q75_100,0,0,2
8,143,18486,129,39,3,5,3,2,0.9084507,Q75_100,0,0,2
8,143,11416,79,119,3,5,2,3,0.55633803,Q50_75,0,2,3
8,143,397,2,111,3,3,1,3,0.01408451,Q0_25,0,2,3
8,143,6449,45,14,3,4,2,2,0.31690141,Q25_50,0,1,2
8,143,10219,71,66,3,5,2,2,0.5,Q50_75,0,1,2
8,143,1467,10,37,3,4,2,2,0.07042254,Q0_25,0,1,2
8,143,15687,109,100,3,5,3,3,0.76760563,Q75_100,0,1,3
8,143,17677,123,88,3,5,3,2,0.86619718,Q75_100,0,1,2
8,143,3238,22,92,3,4,2,2,0.15492958,Q0_25,0,0,2
8,143,17081,119,64,3,5,3,2,0.83802817,Q75_100,0,1,2
8,143,4237,29,90,3,4,2,2,0.20422535,Q0_25,0,0,2
8,143,16936,118,62,3,5,3,2,0.83098592,Q75_100,0,1,2
8,143,5297,37,6,3,4,2,1,0.26056338,Q25_50,0,0,1
8,143,2435,17,4,3,4,2,1,0.11971831,Q0_25,0,0,1
8,143,556,3,127,3,3,1,3,0.02112676,Q0_25,0,2,3
8,143,5458,38,24,3,4,2,2,0.26760563,Q25_50,0,1,2
8,143,9124,63,115,3,4,2,3,0.44366197,Q25_50,0,2,3
8,143,1978,13,119,3,4,2,3,0.0915493,Q0_25,0,2,3
8,143,4149,29,2,3,4,2,1,0.20422535,Q0_25,0,0,1
8,143,4839,33,120,3,4,2,3,0.23239437,Q0_25,0,1,3
8,143,14644,102,58,3,5,3,2,0.71830986,Q50_75,0,0,2
8,143,4424,30,134,3,4,2,3,0.21126761,Q0_25,0,2,3
8,143,18434,128,130,3,5,3,3,0.90140845,Q75_100,0,2,3
8,143,12670,88,86,3,5,2,2,0.61971831,Q50_75,0,1,2
8,143,10262,71,109,3,5,2,3,0.5,Q50_75,0,2,3
8,143,12399,86,101,3,5,2,3,0.6056338,Q50_75,0,1,3
8,143,4452,31,19,3,4,2,2,0.21830986,Q0_25,0,0,2
8,143,12515,87,74,3,5,2,2,0.61267606,Q50_75,0,1,2
8,143,16390,114,88,3,5,3,2,0.8028169,Q75_100,0,0,2
8,143,7417,51,124,3,4,2,3,0.35915493,Q25_50,0,2,3
8,143,573,4,1,3,3,1,1,0.02816901,Q0_25,0,0,1
8,143,17523,122,77,3,5,3,2,0.85915493,Q75_100,0,0,2
8,143,941,6,83,3,3,1,2,0.04225352,Q0_25,0,0,2
8,143,8840,61,117,3,4,2,3,0.42957746,Q25_50,0,1,3
8,143,2368,16,80,3,4,2,2,0.11267606,Q0_25,0,1,2
8,143,11914,83,45,3,5,2,2,0.58450704,Q50_75,0,1,2
8,143,3140,21,137,3,4,2,3,0.14788732,Q0_25,0,2,3
8,143,7956,55,91,3,4,2,2,0.38732394,Q25_50,0,0,2
8,143,13099,91,86,3,5,2,2,0.64084507,Q50_75,0,1,2
8,143,8176,57,25,3,4,2,2,0.40140845,Q25_50,0,1,2
8,143,4787,33,68,3,4,2,2,0.23239437,Q0_25,0,1,2
8,143,8013,56,5,3,4,2,1,0.3943662,Q25_50,0,0,1
8,143,194,1,51,3,3,1,2,0.00704225,Q0_25,0,0,2
8,143,7923,55,58,3,4,2,2,0.38732394,Q25_50,0,0,2
8,143,16780,117,49,3,5,3,2,0.82394366,Q75_100,0,0,2
8,143,12280,85,125,3,5,2,3,0.59859155,Q50_75,0,2,3
8,143,19381,135,76,3,5,3,2,0.95070423,Q75_100,0,0,2
8,143,2824,19,107,3,4,2,3,0.13380282,Q0_25,0,2,3
8,143,6205,43,56,3,4,2,2,0.3028169,Q25_50,0,1,2
8,143,14696,102,110,3,5,3,3,0.71830986,Q50_75,0,2,3
8,143,4913,34,51,3,4,2,2,0.23943662,Q0_25,0,0,2
8,143,14373,100,73,3,5,3,2,0.70422535,Q50_75,1,2,2
8,143,5294,37,3,3,4,2,1,0.26056338,Q25_50,1,1,1
8,143,265,1,122,3,3,1,3,0.00704225,Q0_25,0,1,3
8,143,16095,112,79,3,5,3,2,0.78873239,Q75_100,0,1,2
8,143,15306,107,5,3,5,3,1,0.75352113,Q75_100,0,0,1
8,143,12632,88,48,3,5,2,2,0.61971831,Q50_75,0,0,2
8,143,1704,11,131,3,4,2,3,0.07746479,Q0_25,0,1,3
8,143,16776,117,45,3,5,3,2,0.82394366,Q75_100,0,1,2
8,143,19755,138,21,3,5,3,2,0.97183099,Q75_100,0,1,2
8,143,3286,22,140,3,4,2,3,0.15492958,Q0_25,0,1,3
8,143,7301,51,8,3,4,2,1,0.35915493,Q25_50,0,0,1
8,143,4405,30,115,3,4,2,3,0.21126761,Q0_25,0,2,3
8,143,17343,121,40,3,5,3,2,0.85211268,Q75_100,0,1,2
8,143,8642,60,62,3,4,2,2,0.42253521,Q25_50,0,1,2
8,143,11829,82,103,3,5,2,3,0.57746479,Q50_75,0,2,3
8,143,1115,7,114,3,4,1,3,0.04929577,Q0_25,0,2,3
8,143,1758,12,42,3,4,2,2,0.08450704,Q0_25,0,0,2
8,143,7709,53,130,3,4,2,3,0.37323944,Q25_50,0,1,3
8,143,16379,114,77,3,5,3,2,0.8028169,Q75_100,0,0,2
8,143,16225,113,66,3,5,3,2,0.79577465,Q75_100,0,1,2
8,143,16797,117,66,3,5,3,2,0.82394366,Q75_100,0,1,2
8,143,2612,18,38,3,4,2,2,0.12676056,Q0_25,0,1,2
8,143,13235,92,79,3,5,2,2,0.64788732,Q50_75,0,1,2
8,143,8914,62,48,3,4,2,2,0.43661972,Q25_50,0,1,2
8,143,13986,97,115,3,5,2,3,0.68309859,Q50_75,0,2,3
8,143,9742,68,18,3,4,2,2,0.47887324,Q25_50,0,0,2
8,143,5747,40,27,3,4,2,2,0.28169014,Q25_50,0,1,2
8,143,9870,69,3,3,4,2,1,0.48591549,Q25_50,1,1,1
8,143,11279,78,125,3,5,2,3,0.54929577,Q50_75,0,2,3
8,143,1363,9,76,3,4,1,2,0.06338028,Q0_25,0,1,2
8,143,8153,57,2,3,4,2,1,0.40140845,Q25_50,0,0,1
8,143,11247,78,93,3,5,2,2,0.54929577,Q50_75,1,2,2
8,143,16672,116,84,3,5,3,2,0.81690141,Q75_100,0,1,2
8,143,9216,64,64,3,4,2,2,0.45070423,Q25_50,0,1,2
8,143,3559,24,127,3,4,2,3,0.16901408,Q0_25,0,2,3
8,143,10255,71,102,3,5,2,3,0.5,Q50_75,0,1,3
8,143,2497,17,66,3,4,2,2,0.11971831,Q0_25,0,1,2
8,143,18823,131,90,3,5,3,2,0.92253521,Q75_100,0,1,2
8,143,18762,131,29,3,5,3,2,0.92253521,Q75_100,0,0,2
8,143,6352,44,60,3,4,2,2,0.30985915,Q25_50,0,1,2
8,143,11116,77,105,3,5,2,3,0.54225352,Q50_75,0,1,3
8,143,9241,64,89,3,4,2,2,0.45070423,Q25_50,0,0,2
8,143,6065,42,59,3,4,2,2,0.29577465,Q25_50,0,0,2
8,143,15540,108,96,3,5,3,2,0.76056338,Q75_100,0,1,2
8,143,8161,57,10,3,4,2,2,0.40140845,Q25_50,0,1,2
8,143,18148,126,130,3,5,3,3,0.88732394,Q75_100,0,2,3
8,143,5342,37,51,3,4,2,2,0.26056338,Q25_50,0,1,2
8,143,15417,107,116,3,5,3,3,0.75352113,Q75_100,0,2,3
8,143,10029,70,19,3,5,2,2,0.49295775,Q25_50,0,1,2
8,143,610,4,38,3,3,1,2,0.02816901,Q0_25,0,0,2
8,143,8544,59,107,3,4,2,3,0.41549296,Q25_50,0,1,3
8,143,7439,52,3,3,4,2,1,0.36619718,Q25_50,1,1,1
8,143,11009,76,141,3,5,2,3,0.53521127,Q50_75,0,1,3
8,143,18263,127,102,3,5,3,3,0.8943662,Q75_100,0,2,3
8,143,7689,53,110,3,4,2,3,0.37323944,Q25_50,0,2,3
8,143,6651,46,73,3,4,2,2,0.32394366,Q25_50,1,2,2
8,143,8520,59,83,3,4,2,2,0.41549296,Q25_50,1,2,2
8,143,1692,11,119,3,4,2,3,0.07746479,Q0_25,0,1,3
8,143,2279,15,134,3,4,2,3,0.1056338,Q0_25,0,2,3
8,143,7690,53,111,3,4,2,3,0.37323944,Q25_50,0,2,3
8,143,4458,31,25,3,4,2,2,0.21830986,Q0_25,0,1,2
8,143,6831,47,110,3,4,2,3,0.33098592,Q25_50,0,2,3
8,143,2321,16,33,3,4,2,2,0.11267606,Q0_25,1,2,2
8,143,19606,137,15,3,5,3,2,0.96478873,Q75_100,0,0,2
8,143,17552,122,106,3,5,3,3,0.85915493,Q75_100,0,2,3
8,143,7144,49,137,3,4,2,3,0.34507042,Q25_50,0,2,3
8,143,8032,56,24,3,4,2,2,0.3943662,Q25_50,0,1,2
8,143,14054,98,40,3,5,2,2,0.69014085,Q50_75,0,1,2
8,143,5796,40,76,3,4,2,2,0.28169014,Q25_50,0,1,2
8,143,5834,40,114,3,4,2,3,0.28169014,Q25_50,0,2,3
8,143,13844,96,116,3,5,2,3,0.67605634,Q50_75,0,2,3
8,143,3127,21,124,3,4,2,3,0.14788732,Q0_25,0,1,3
8,143,12409,86,111,3,5,2,3,0.6056338,Q50_75,0,2,3
8,143,6036,42,30,3,4,2,2,0.29577465,Q25_50,0,0,2
8,143,6491,45,56,3,4,2,2,0.31690141,Q25_50,0,1,2
8,143,15329,107,28,3,5,3,2,0.75352113,Q75_100,0,1,2
8,143,11407,79,110,3,5,2,3,0.55633803,Q50_75,0,2,3
8,143,16779,117,48,3,5,3,2,0.82394366,Q75_100,0,0,2
8,143,17495,122,49,3,5,3,2,0.85915493,Q75_100,0,1,2
8,143,9794,68,70,3,4,2,2,0.47887324,Q25_50,0,1,2
8,143,20304,141,141,3,5,3,3,0.99295775,Q75_100,0,1,3
8,143,10136,70,126,3,5,2,3,0.49295775,Q25_50,0,2,3
8,143,15335,107,34,3,5,3,2,0.75352113,Q75_100,0,1,2
8,143,18993,132,117,3,5,3,3,0.92957746,Q75_100,0,1,3
8,143,17225,120,65,3,5,3,2,0.84507042,Q75_100,0,1,2
8,143,18857,131,124,3,5,3,3,0.92253521,Q75_100,0,2,3
8,143,2554,17,123,3,4,2,3,0.11971831,Q0_25,1,3,3
8,143,20281,141,118,3,5,3,3,0.99295775,Q75_100,0,1,3
8,143,17747,124,15,3,5,3,2,0.87323944,Q75_100,0,1,2
8,143,867,6,9,3,3,1,1,0.04225352,Q0_25,0,0,1
8,143,10031,70,21,3,5,2,2,0.49295775,Q25_50,0,0,2
8,143,3228,22,82,3,4,2,2,0.15492958,Q0_25,0,0,2
8,143,11656,81,73,3,5,2,2,0.57042254,Q50_75,0,1,2
8,143,5144,35,139,3,4,2,3,0.24647887,Q0_25,0,2,3
8,143,14577,101,134,3,5,3,3,0.71126761,Q50_75,0,2,3
8,143,12060,84,48,3,5,2,2,0.5915493,Q50_75,0,1,2
8,143,435,3,6,3,3,1,1,0.02112676,Q0_25,0,0,1
8,143,4666,32,90,3,4,2,2,0.22535211,Q0_25,0,0,2
8,143,17369,121,66,3,5,3,2,0.85211268,Q75_100,0,1,2
8,143,18569,129,122,3,5,3,3,0.9084507,Q75_100,0,2,3
8,143,4438,31,5,3,4,2,1,0.21830986,Q0_25,0,0,1
8,143,11328,79,31,3,5,2,2,0.55633803,Q50_75,0,0,2
8,143,1927,13,68,3,4,2,2,0.0915493,Q0_25,0,1,2
8,143,8384,58,90,3,4,2,2,0.4084507,Q25_50,0,1,2
8,143,14463,101,20,3,5,3,2,0.71126761,Q50_75,0,1,2
8,143,19308,135,3,3,5,3,1,0.95070423,Q75_100,1,1,1
8,143,12431,86,133,3,5,2,3,0.6056338,Q50_75,1,3,3
8,143,11420,79,123,3,5,2,3,0.55633803,Q50_75,1,3,3
8,143,17744,124,12,3,5,3,2,0.87323944,Q75_100,0,1,2
8,143,5804,40,84,3,4,2,2,0.28169014,Q25_50,0,1,2
8,143,10889,76,21,3,5,2,2,0.53521127,Q50_75,0,0,2
8,143,8157,57,6,3,4,2,1,0.40140845,Q25_50,0,0,1
8,143,5042,35,37,3,4,2,2,0.24647887,Q0_25,0,1,2
8,143,16279,113,120,3,5,3,3,0.79577465,Q75_100,0,2,3
8,143,2374,16,86,3,4,2,2,0.11267606,Q0_25,0,1,2
8,143,15456,108,12,3,5,3,2,0.76056338,Q75_100,0,1,2
8,143,17721,123,132,3,5,3,3,0.86619718,Q75_100,0,2,3
8,143,15925,111,52,3,5,3,2,0.78169014,Q75_100,0,1,2
8,143,1831,12,115,3,4,2,3,0.08450704,Q0_25,0,2,3
8,143,11545,80,105,3,5,2,3,0.56338028,Q50_75,0,1,3
8,143,10338,72,42,3,5,2,2,0.50704225,Q50_75,0,0,2
8,143,3568,24,136,3,4,2,3,0.16901408,Q0_25,0,2,3
8,143,105,0,105,3,3,1,3,0.0,Q0_25,0,1,3
8,143,6072,42,66,3,4,2,2,0.29577465,Q25_50,0,1,2
8,143,6128,42,122,3,4,2,3,0.29577465,Q25_50,0,1,3
8,143,7160,50,10,3,4,2,2,0.35211268,Q25_50,0,1,2
8,143,12627,88,43,3,5,2,2,0.61971831,Q50_75,1,2,2
8,143,8021,56,13,3,4,2,2,0.3943662,Q25_50,1,2,2
8,143,11173,78,19,3,5,2,2,0.54929577,Q50_75,0,1,2
8,143,15778,110,48,3,5,3,2,0.77464789,Q75_100,0,0,2
8,143,10766,75,41,3,5,2,2,0.52816901,Q50_75,0,0,2
8,143,11006,76,138,3,5,2,3,0.53521127,Q50_75,0,1,3
8,143,10978,76,110,3,5,2,3,0.53521127,Q50_75,0,1,3
8,143,17794,124,62,3,5,3,2,0.87323944,Q75_100,0,1,2
8,143,9394,65,99,3,4,2,2,0.45774648,Q25_50,0,1,2
8,143,8458,59,21,3,4,2,2,0.41549296,Q25_50,0,1,2
8,143,8316,58,22,3,4,2,2,0.4084507,Q25_50,0,1,2
8,143,27,0,27,3,2,1,2,0.0,Q0_25,0,0,2
8,143,100,0,100,3,3,1,3,0.0,Q0_25,0,1,3
8,143,3120,21,117,3,4,2,3,0.14788732,Q0_25,0,2,3
8,143,16221,113,62,3,5,3,2,0.79577465,Q75_100,0,1,2
8,143,10707,74,125,3,5,2,3,0.52112676,Q50_75,0,2,3
8,143,17067,119,50,3,5,3,2,0.83802817,Q75_100,0,0,2
8,143,11824,82,98,3,5,2,2,0.57746479,Q50_75,0,1,2
8,143,17172,120,12,3,5,3,2,0.84507042,Q75_100,0,1,2
8,143,8722,60,142,3,4,2,3,0.42253521,Q25_50,0,1,3
8,143,19566,136,118,3,5,3,3,0.95774648,Q75_100,0,1,3
8,143,12810,89,83,3,5,2,2,0.62676056,Q50_75,1,2,2
8,143,11289,78,135,3,5,2,3,0.54929577,Q50_75,0,1,3
8,143,3384,23,95,3,4,2,2,0.16197183,Q0_25,0,1,2
8,143,927,6,69,3,3,1,2,0.04225352,Q0_25,0,0,2
8,143,6774,47,53,3,4,2,2,0.33098592,Q25_50,0,1,2
8,143,6949,48,85,3,4,2,2,0.33802817,Q25_50,0,1,2
8,143,19342,135,37,3,5,3,2,0.95070423,Q75_100,0,1,2
8,143,828,5,113,3,3,1,3,0.03521127,Q0_25,0,2,3
8,143,9289,64,137,3,4,2,3,0.45070423,Q25_50,0,2,3
8,143,14190,99,33,3,5,2,2,0.6971831,Q50_75,1,2,2
8,143,18405,128,101,3,5,3,3,0.90140845,Q75_100,0,1,3
8,143,10877,76,9,3,5,2,1,0.53521127,Q50_75,0,0,1
8,143,13166,92,10,3,5,2,2,0.64788732,Q50_75,0,1,2
8,143,12207,85,52,3,5,2,2,0.59859155,Q50_75,0,0,2
8,143,9990,69,123,3,4,2,3,0.48591549,Q25_50,1,3,3
8,143,13059,91,46,3,5,2,2,0.64084507,Q50_75,0,1,2
8,143,10914,76,46,3,5,2,2,0.53521127,Q50_75,0,1,2
8,143,14826,103,97,3,5,3,2,0.72535211,Q50_75,0,1,2
8,143,11352,79,55,3,5,2,2,0.55633803,Q50_75,0,1,2
8,143,4953,34,91,3,4,2,2,0.23943662,Q0_25,0,0,2
8,143,12507,87,66,3,5,2,2,0.61267606,Q50_75,0,1,2
8,143,14501,101,58,3,5,3,2,0.71126761,Q50_75,0,0,2
8,143,6360,44,68,3,4,2,2,0.30985915,Q25_50,0,1,2
8,143,9779,68,55,3,4,2,2,0.47887324,Q25_50,0,1,2
8,143,1141,7,140,3,4,1,3,0.04929577,Q0_25,0,1,3
8,143,7466,52,30,3,4,2,2,0.36619718,Q25_50,0,0,2
8,143,4205,29,58,3,4,2,2,0.20422535,Q0_25,0,1,2
8,143,12899,90,29,3,5,2,2,0.63380282,Q50_75,0,1,2
8,143,14885,104,13,3,5,3,2,0.73239437,Q50_75,1,2,2
8,143,6630,46,52,3,4,2,2,0.32394366,Q25_50,0,1,2
8,143,12063,84,51,3,5,2,2,0.5915493,Q50_75,0,0,2
8,143,11878,83,9,3,5,2,1,0.58450704,Q50_75,0,0,1
8,143,13622,95,37,3,5,2,2,0.66901408,Q50_75,0,1,2
8,143,4359,30,69,3,4,2,2,0.21126761,Q0_25,0,0,2
8,143,12770,89,43,3,5,2,2,0.62676056,Q50_75,1,2,2
8,143,15029,105,14,3,5,3,2,0.73943662,Q50_75,0,1,2
8,143,4461,31,28,3,4,2,2,0.21830986,Q0_25,0,0,2
8,143,4594,32,18,3,4,2,2,0.22535211,Q0_25,0,1,2
8,143,13565,94,123,3,5,2,3,0.66197183,Q50_75,1,3,3
8,143,18610,130,20,3,5,3,2,0.91549296,Q75_100,0,1,2
8,143,9939,69,72,3,4,2,2,0.48591549,Q25_50,0,0,2
8,143,1740,12,24,3,4,2,2,0.08450704,Q0_25,0,1,2
8,143,3182,22,36,3,4,2,2,0.15492958,Q0_25,0,1,2
8,143,2589,18,15,3,4,2,2,0.12676056,Q0_25,0,1,2
8,143,6892,48,28,3,4,2,2,0.33802817,Q25_50,0,1,2
8,143,16134,112,118,3,5,3,3,0.78873239,Q75_100,0,1,3
8,143,7968,55,103,3,4,2,3,0.38732394,Q25_50,1,3,3
8,143,4357,30,67,3,4,2,2,0.21126761,Q0_25,0,1,2
8,143,2086,14,84,3,4,2,2,0.09859155,Q0_25,0,0,2
8,143,13653,95,68,3,5,2,2,0.66901408,Q50_75,0,0,2
8,143,17705,123,116,3,5,3,3,0.86619718,Q75_100,0,2,3
8,143,5641,39,64,3,4,2,2,0.27464789,Q25_50,0,1,2
8,143,19394,135,89,3,5,3,2,0.95070423,Q75_100,0,0,2
8,143,9493,66,55,3,4,2,2,0.46478873,Q25_50,0,1,2
8,143,11589,81,6,3,5,2,1,0.57042254,Q50_75,0,0,1
8,143,16271,113,112,3,5,3,3,0.79577465,Q75_100,0,2,3
8,143,1563,10,133,3,4,2,3,0.07042254,Q0_25,1,3,3
8,143,17286,120,126,3,5,3,3,0.84507042,Q75_100,0,2,3
8,143,7415,51,122,3,4,2,3,0.35915493,Q25_50,0,2,3
8,143,689,4,117,3,3,1,3,0.02816901,Q0_25,0,2,3
8,143,8842,61,119,3,4,2,3,0.42957746,Q25_50,0,1,3
8,143,4893,34,31,3,4,2,2,0.23943662,Q0_25,0,1,2
8,143,8578,59,141,3,4,2,3,0.41549296,Q25_50,0,1,3
8,143,16540,115,95,3,5,3,2,0.80985915,Q75_100,0,1,2
8,143,8104,56,96,3,4,2,2,0.3943662,Q25_50,0,1,2
8,143,2376,16,88,3,4,2,2,0.11267606,Q0_25,0,1,2
8,143,7974,55,109,3,4,2,3,0.38732394,Q25_50,0,1,3
8,143,17637,123,48,3,5,3,2,0.86619718,Q75_100,0,1,2
8,143,18923,132,47,3,5,3,2,0.92957746,Q75_100,0,0,2
8,143,989,6,131,3,3,1,3,0.04225352,Q0_25,0,1,3
8,143,7181,50,31,3,4,2,2,0.35211268,Q25_50,0,1,2
8,143,10510,73,71,3,5,2,2,0.51408451,Q50_75,0,0,2
8,143,5976,41,113,3,4,2,3,0.28873239,Q25_50,1,3,3
8,143,7995,55,130,3,4,2,3,0.38732394,Q25_50,0,2,3
8,143,18406,128,102,3,5,3,3,0.90140845,Q75_100,0,1,3
8,143,18744,131,11,3,5,3,2,0.92253521,Q75_100,0,1,2
8,143,17322,121,19,3,5,3,2,0.85211268,Q75_100,0,0,2
8,143,11630,81,47,3,5,2,2,0.57042254,Q50_75,0,1,2
8,143,18742,131,9,3,5,3,1,0.92253521,Q75_100,0,0,1
8,143,2268,15,123,3,4,2,3,0.1056338,Q0_25,1,3,3
8,143,1080,7,79,3,4,1,2,0.04929577,Q0_25,0,1,2
8,143,11839,82,113,3,5,2,3,0.57746479,Q50_75,0,2,3
8,143,2874,20,14,3,4,2,2,0.14084507,Q0_25,0,1,2
8,143,17532,122,86,3,5,3,2,0.85915493,Q75_100,0,0,2
8,143,14957,104,85,3,5,3,2,0.73239437,Q50_75,0,1,2
8,143,7812,54,90,3,4,2,2,0.38028169,Q25_50,0,1,2
8,143,16661,116,73,3,5,3,2,0.81690141,Q75_100,1,2,2
8,143,11345,79,48,3,5,2,2,0.55633803,Q50_75,0,1,2
8,143,2584,18,10,3,4,2,2,0.12676056,Q0_25,0,1,2
8,143,12014,84,2,3,5,2,1,0.5915493,Q50_75,0,0,1
8,143,16752,117,21,3,5,3,2,0.82394366,Q75_100,0,1,2
8,143,557,3,128,3,3,1,3,0.02112676,Q0_25,0,1,3
8,143,757,5,42,3,3,1,2,0.03521127,Q0_25,0,0,2
8,143,13126,91,113,3,5,2,3,0.64084507,Q50_75,0,2,3
8,143,4403,30,113,3,4,2,3,0.21126761,Q0_25,1,3,3
8,143,14666,102,80,3,5,3,2,0.71830986,Q50_75,0,0,2
8,143,5682,39,105,3,4,2,3,0.27464789,Q25_50,0,2,3
8,143,10487,73,48,3,5,2,2,0.51408451,Q50_75,0,1,2
8,143,17339,121,36,3,5,3,2,0.85211268,Q75_100,0,1,2
8,143,5546,38,112,3,4,2,3,0.26760563,Q25_50,0,2,3
8,143,18650,130,60,3,5,3,2,0.91549296,Q75_100,0,1,2
8,143,14113,98,99,3,5,2,2,0.69014085,Q50_75,0,1,2
8,143,6077,42,71,3,4,2,2,0.29577465,Q25_50,0,1,2
8,143,15446,108,2,3,5,3,1,0.76056338,Q75_100,0,0,1
8,143,10297,72,1,3,5,2,1,0.50704225,Q50_75,0,0,1
8,143,8319,58,25,3,4,2,2,0.4084507,Q25_50,0,1,2
8,143,3848,26,130,3,4,2,3,0.18309859,Q0_25,0,1,3
8,143,6972,48,108,3,4,2,3,0.33802817,Q25_50,0,1,3
8,143,11899,83,30,3,5,2,2,0.58450704,Q50_75,0,0,2
8,143,7614,53,35,3,4,2,2,0.37323944,Q25_50,0,1,2
8,143,18621,130,31,3,5,3,2,0.91549296,Q75_100,0,0,2
8,143,14034,98,20,3,5,2,2,0.69014085,Q50_75,0,1,2
8,143,18743,131,10,3,5,3,2,0.92253521,Q75_100,0,1,2
8,143,16897,118,23,3,5,3,2,0.83098592,Q75_100,1,2,2
8,143,1547,10,117,3,4,2,3,0.07042254,Q0_25,0,2,3
8,143,14546,101,103,3,5,3,3,0.71126761,Q50_75,1,3,3
8,143,17289,120,129,3,5,3,3,0.84507042,Q75_100,0,2,3
8,143,5969,41,106,3,4,2,3,0.28873239,Q25_50,0,2,3
8,143,4229,29,82,3,4,2,2,0.20422535,Q0_25,0,0,2
8,143,6310,44,18,3,4,2,2,0.30985915,Q25_50,0,0,2
8,143,9892,69,25,3,4,2,2,0.48591549,Q25_50,0,1,2
8,143,11394,79,97,3,5,2,2,0.55633803,Q50_75,0,1,2
8,143,7754,54,32,3,4,2,2,0.38028169,Q25_50,0,1,2
8,143,18323,128,19,3,5,3,2,0.90140845,Q75_100,0,0,2
8,143,2372,16,84,3,4,2,2,0.11267606,Q0_25,0,1,2
8,143,13631,95,46,3,5,2,2,0.66901408,Q50_75,0,0,2
8,143,1594,11,21,3,4,2,2,0.07746479,Q0_25,0,1,2
8,143,11492,80,52,3,5,2,2,0.56338028,Q50_75,0,0,2
8,143,2160,15,15,3,4,2,2,0.1056338,Q0_25,0,1,2
8,143,11094,77,83,3,5,2,2,0.54225352,Q50_75,1,2,2
8,143,20320,142,14,3,5,3,2,1.0,Q75_100,0,1,2
8,143,3835,26,117,3,4,2,3,0.18309859,Q0_25,0,2,3
8,143,5571,38,137,3,4,2,3,0.26760563,Q25_50,0,2,3
8,143,6619,46,41,3,4,2,2,0.32394366,Q25_50,0,0,2
8,143,13265,92,109,3,5,2,3,0.64788732,Q50_75,0,2,3
8,143,11725,81,142,3,5,2,3,0.57042254,Q50_75,0,2,3
8,143,7694,53,115,3,4,2,3,0.37323944,Q25_50,0,2,3
8,143,11147,77,136,3,5,2,3,0.54225352,Q50_75,0,2,3
8,143,5824,40,104,3,4,2,3,0.28169014,Q25_50,0,2,3
8,143,6570,45,135,3,4,2,3,0.31690141,Q25_50,0,2,3
8,143,14363,100,63,3,5,3,2,0.70422535,Q50_75,1,2,2
8,143,5293,37,2,3,4,2,1,0.26056338,Q25_50,0,0,1
8,143,17270,120,110,3,5,3,3,0.84507042,Q75_100,0,2,3
8,143,3385,23,96,3,4,2,2,0.16197183,Q0_25,0,1,2
8,143,12318,86,20,3,5,2,2,0.6056338,Q50_75,0,1,2
8,143,2038,14,36,3,4,2,2,0.09859155,Q0_25,0,1,2
8,143,6734,47,13,3,4,2,2,0.33098592,Q25_50,1,2,2
8,143,7475,52,39,3,4,2,2,0.36619718,Q25_50,0,1,2
8,143,9113,63,104,3,4,2,3,0.44366197,Q25_50,0,2,3
8,143,3633,25,58,3,4,2,2,0.17605634,Q0_25,0,1,2
8,143,16023,112,7,3,5,3,1,0.78873239,Q75_100,0,0,1
8,143,3215,22,69,3,4,2,2,0.15492958,Q0_25,0,1,2
8,143,2503,17,72,3,4,2,2,0.11971831,Q0_25,0,1,2
8,143,16786,117,55,3,5,3,2,0.82394366,Q75_100,0,1,2
8,143,10326,72,30,3,5,2,2,0.50704225,Q50_75,0,0,2
8,143,19992,139,115,3,5,3,3,0.97887324,Q75_100,0,1,3
8,143,8585,60,5,3,4,2,1,0.42253521,Q25_50,0,0,1
8,143,7971,55,106,3,4,2,3,0.38732394,Q25_50,0,1,3
8,143,17031,119,14,3,5,3,2,0.83802817,Q75_100,0,1,2
8,143,15539,108,95,3,5,3,2,0.76056338,Q75_100,0,1,2
8,143,2592,18,18,3,4,2,2,0.12676056,Q0_25,0,1,2
8,143,6412,44,120,3,4,2,3,0.30985915,Q25_50,0,2,3
8,143,19804,138,70,3,5,3,2,0.97183099,Q75_100,0,1,2
8,143,16911,118,37,3,5,3,2,0.83098592,Q75_100,0,0,2
8,143,9154,64,2,3,4,2,1,0.45070423,Q25_50,0,0,1
8,143,13292,92,136,3,5,2,3,0.64788732,Q50_75,0,2,3
8,143,4282,29,135,3,4,2,3,0.20422535,Q0_25,0,2,3
8,143,5147,35,142,3,4,2,3,0.24647887,Q0_25,0,1,3
8,143,4620,32,44,3,4,2,2,0.22535211,Q0_25,0,1,2
8,143,3403,23,114,3,4,2,3,0.16197183,Q0_25,0,2,3
8,143,15929,111,56,3,5,3,2,0.78169014,Q75_100,0,1,2
8,143,14723,102,137,3,5,3,3,0.71830986,Q50_75,0,2,3
8,143,14716,102,130,3,5,3,3,0.71830986,Q50_75,0,2,3
8,143,15594,109,7,3,5,3,1,0.76760563,Q75_100,0,0,1
8,143,538,3,109,3,3,1,3,0.02112676,Q0_25,0,1,3
8,143,15208,106,50,3,5,3,2,0.74647887,Q50_75,0,1,2
8,143,3667,25,92,3,4,2,2,0.17605634,Q0_25,0,0,2
8,143,10601,74,19,3,5,2,2,0.52112676,Q50_75,0,1,2
8,143,14089,98,75,3,5,2,2,0.69014085,Q50_75,0,0,2
8,143,2810,19,93,3,4,2,2,0.13380282,Q0_25,1,2,2
8,143,1677,11,104,3,4,2,3,0.07746479,Q0_25,0,1,3
8,143,8697,60,117,3,4,2,3,0.42253521,Q25_50,0,2,3
8,143,15073,105,58,3,5,3,2,0.73943662,Q50_75,0,1,2
8,143,15794,110,64,3,5,3,2,0.77464789,Q75_100,0,1,2
8,143,9342,65,47,3,4,2,2,0.45774648,Q25_50,0,0,2
8,143,11998,83,129,3,5,2,3,0.58450704,Q50_75,0,1,3
8,143,10719,74,137,3,5,2,3,0.52112676,Q50_75,0,2,3
8,143,8160,57,9,3,4,2,1,0.40140845,Q25_50,0,0,1
8,143,18661,130,71,3,5,3,2,0.91549296,Q75_100,0,1,2
8,143,14766,103,37,3,5,3,2,0.72535211,Q50_75,0,1,2
8,143,5467,38,33,3,4,2,2,0.26760563,Q25_50,1,2,2
8,143,3427,23,138,3,4,2,3,0.16197183,Q0_25,0,2,3
8,143,4131,28,127,3,4,2,3,0.1971831,Q0_25,0,2,3
8,143,18917,132,41,3,5,3,2,0.92957746,Q75_100,0,1,2
8,143,5846,40,126,3,4,2,3,0.28169014,Q25_50,0,2,3
8,143,10434,72,138,3,5,2,3,0.50704225,Q50_75,0,2,3
8,143,20413,142,107,3,5,3,3,1.0,Q75_100,0,1,3
8,143,18940,132,64,3,5,3,2,0.92957746,Q75_100,0,1,2
8,143,13970,97,99,3,5,2,2,0.68309859,Q50_75,0,1,2
8,143,14685,102,99,3,5,3,2,0.71830986,Q50_75,0,1,2
8,143,13736,96,8,3,5,2,1,0.67605634,Q50_75,0,0,1
8,143,19385,135,80,3,5,3,2,0.95070423,Q75_100,0,1,2
8,143,17116,119,99,3,5,3,2,0.83802817,Q75_100,0,1,2
8,143,11033,77,22,3,5,2,2,0.54225352,Q50_75,0,1,2
8,143,4446,31,13,3,4,2,2,0.21830986,Q0_25,1,2,2
8,143,2328,16,40,3,4,2,2,0.11267606,Q0_25,0,0,2
8,143,11148,77,137,3,5,2,3,0.54225352,Q50_75,0,2,3
8,143,7310,51,17,3,4,2,2,0.35915493,Q25_50,0,0,2
8,143,4895,34,33,3,4,2,2,0.23943662,Q0_25,1,2,2
8,143,1754,12,38,3,4,2,2,0.08450704,Q0_25,0,1,2
8,143,14528,101,85,3,5,3,2,0.71126761,Q50_75,0,1,2
8,143,13335,93,36,3,5,2,2,0.65492958,Q50_75,0,1,2
9,377,121142,321,125,3,6,3,3,0.8537234,Q75_100,0,1,3
9,377,116963,310,93,3,6,3,2,0.82446809,Q75_100,0,0,2
9,377,139821,370,331,3,6,3,3,0.98404255,Q75_100,0,0,3
9,377,34431,91,124,3,5,2,3,0.24202128,Q0_25,0,0,3
9,377,48247,127,368,3,5,3,3,0.33776596,Q25_50,0,1,3
9,377,31281,82,367,3,5,2,3,0.21808511,Q0_25,0,1,3
9,377,60260,159,317,3,5,3,3,0.42287234,Q25_50,0,0,3
9,377,127262,337,213,3,6,3,3,0.8962766,Q75_100,0,1,3
9,377,12458,33,17,3,5,2,2,0.08776596,Q0_25,0,0,2
9,377,22288,59,45,3,5,2,2,0.15691489,Q0_25,0,0,2
9,377,49536,131,149,3,5,3,3,0.34840426,Q25_50,0,2,3
9,377,140304,372,60,3,6,3,2,0.9893617,Q75_100,0,0,2
9,377,17581,46,239,3,5,2,3,0.12234043,Q0_25,0,2,3
9,377,15801,41,344,3,5,2,3,0.10904255,Q0_25,0,1,3
9,377,43895,116,163,3,5,3,3,0.30851064,Q25_50,0,1,3
9,377,124631,330,221,3,6,3,3,0.87765957,Q75_100,0,2,3
9,377,51543,136,271,3,5,3,3,0.36170213,Q25_50,0,2,3
9,377,83419,221,102,3,5,3,3,0.58776596,Q50_75,0,1,3
9,377,11321,30,11,3,5,2,2,0.07978723,Q0_25,0,0,2
9,377,123149,326,247,3,6,3,3,0.86702128,Q75_100,0,1,3
9,377,107043,283,352,3,6,3,3,0.75265957,Q75_100,0,0,3
9,377,41148,109,55,3,5,3,2,0.28989362,Q25_50,0,0,2
9,377,18788,49,315,3,5,2,3,0.13031915,Q0_25,0,1,3
9,377,82845,219,282,3,5,3,3,0.58244681,Q50_75,0,1,3
9,377,41846,110,376,3,5,3,3,0.29255319,Q25_50,0,0,3
9,377,21843,57,354,3,5,2,3,0.15159574,Q0_25,0,1,3
9,377,80214,212,290,3,5,3,3,0.56382979,Q50_75,0,1,3
9,377,106731,283,40,3,6,3,2,0.75265957,Q75_100,0,0,2
9,377,89911,238,185,3,5,3,3,0.63297872,Q50_75,0,0,3
9,377,86755,230,45,3,5,3,2,0.61170213,Q50_75,0,0,2
9,377,24390,64,262,3,5,2,3,0.17021277,Q0_25,0,1,3
9,377,124115,329,82,3,6,3,2,0.875,Q75_100,0,0,2
9,377,40115,106,153,3,5,3,3,0.28191489,Q25_50,0,0,3
9,377,19962,52,358,3,5,2,3,0.13829787,Q0_25,0,0,3
9,377,29668,78,262,3,5,2,3,0.20744681,Q0_25,0,2,3
9,377,136612,362,138,3,6,3,3,0.96276596,Q75_100,0,0,3
9,377,101359,268,323,3,6,3,3,0.71276596,Q50_75,0,1,3
9,377,130146,345,81,3,6,3,2,0.91755319,Q75_100,0,1,2
9,377,75054,199,31,3,5,3,2,0.52925532,Q50_75,0,0,2
9,377,91318,242,84,3,5,3,2,0.64361702,Q50_75,0,1,2
9,377,13746,36,174,3,5,2,3,0.09574468,Q0_25,0,0,3
9,377,87997,233,156,3,5,3,3,0.61968085,Q50_75,0,1,3
9,377,119037,315,282,3,6,3,3,0.83776596,Q75_100,0,1,3
9,377,117600,311,353,3,6,3,3,0.82712766,Q75_100,0,0,3
9,377,20541,54,183,3,5,2,3,0.14361702,Q0_25,0,0,3
9,377,55771,147,352,3,5,3,3,0.39095745,Q25_50,0,1,3
9,377,37060,98,114,3,5,2,3,0.2606383,Q25_50,0,1,3
9,377,119753,317,244,3,6,3,3,0.84308511,Q75_100,0,1,3
9,377,102175,271,8,3,6,3,1,0.72074468,Q50_75,0,0,1
9,377,26179,69,166,3,5,2,3,0.18351064,Q0_25,0,1,3
9,377,109688,290,358,3,6,3,3,0.7712766,Q75_100,0,0,3
9,377,7277,19,114,3,4,2,3,0.05053191,Q0_25,0,0,3
9,377,3790,10,20,3,4,2,2,0.02659574,Q0_25,0,0,2
9,377,31917,84,249,3,5,2,3,0.22340426,Q0_25,0,1,3
9,377,34994,92,310,3,5,2,3,0.24468085,Q0_25,0,0,3
9,377,44999,119,136,3,5,3,3,0.31648936,Q25_50,0,1,3
9,377,6647,17,238,3,4,2,3,0.04521277,Q0_25,0,1,3
9,377,88626,235,31,3,5,3,2,0.625,Q50_75,0,0,2
9,377,48196,127,317,3,5,3,3,0.33776596,Q25_50,0,0,3
9,377,41903,111,56,3,5,3,2,0.29521277,Q25_50,0,0,2
9,377,127720,338,294,3,6,3,3,0.89893617,Q75_100,0,1,3
9,377,20663,54,305,3,5,2,3,0.14361702,Q0_25,0,0,3
9,377,109913,291,206,3,6,3,3,0.77393617,Q75_100,0,1,3
9,377,99712,264,184,3,5,3,3,0.70212766,Q50_75,0,2,3
9,377,6408,16,376,3,4,2,3,0.04255319,Q0_25,0,0,3
9,377,98456,261,59,3,5,3,2,0.69414894,Q50_75,0,0,2
9,377,55744,147,325,3,5,3,3,0.39095745,Q25_50,0,1,3
9,377,32995,87,196,3,5,2,3,0.23138298,Q0_25,0,1,3
9,377,111308,295,93,3,6,3,2,0.78457447,Q75_100,0,1,2
9,377,23120,61,123,3,5,2,3,0.16223404,Q0_25,0,1,3
9,377,132232,350,282,3,6,3,3,0.93085106,Q75_100,0,1,3
9,377,23445,62,71,3,5,2,2,0.16489362,Q0_25,0,0,2
9,377,78793,209,0,3,5,3,1,0.55585106,Q50_75,0,0,1
9,377,73395,194,257,3,5,3,3,0.51595745,Q50_75,0,1,3
9,377,35008,92,324,3,5,2,3,0.24468085,Q0_25,0,0,3
9,377,85347,226,145,3,5,3,3,0.60106383,Q50_75,0,1,3
9,377,85070,225,245,3,5,3,3,0.59840426,Q50_75,0,2,3
9,377,21157,56,45,3,5,2,2,0.14893617,Q0_25,0,0,2
9,377,37524,99,201,3,5,2,3,0.26329787,Q25_50,0,2,3
9,377,50648,134,130,3,5,3,3,0.35638298,Q25_50,0,1,3
9,377,52559,139,156,3,5,3,3,0.36968085,Q25_50,0,1,3
9,377,120537,319,274,3,6,3,3,0.84840426,Q75_100,0,1,3
9,377,59911,158,345,3,5,3,3,0.42021277,Q25_50,0,0,3
9,377,58249,154,191,3,5,3,3,0.40957447,Q25_50,0,0,3
9,377,92116,244,128,3,5,3,3,0.64893617,Q50_75,0,1,3
9,377,96722,256,210,3,5,3,3,0.68085106,Q50_75,0,1,3
9,377,98908,262,134,3,5,3,3,0.69680851,Q50_75,0,1,3
9,377,73295,194,157,3,5,3,3,0.51595745,Q50_75,0,1,3
9,377,106243,281,306,3,6,3,3,0.74734043,Q50_75,0,0,3
9,377,66219,175,244,3,5,3,3,0.46542553,Q25_50,0,2,3
9,377,132727,352,23,3,6,3,2,0.93617021,Q75_100,1,2,2
9,377,83927,222,233,3,5,3,3,0.59042553,Q50_75,0,1,3
9,377,84408,223,337,3,5,3,3,0.59308511,Q50_75,0,0,3
9,377,4982,13,81,3,4,2,2,0.03457447,Q0_25,0,0,2
9,377,103217,273,296,3,6,3,3,0.72606383,Q50_75,0,1,3
9,377,11210,29,277,3,5,2,3,0.07712766,Q0_25,0,1,3
9,377,32664,86,242,3,5,2,3,0.2287234,Q0_25,0,2,3
9,377,110108,292,24,3,6,3,2,0.77659574,Q75_100,0,0,2
9,377,1101,2,347,3,4,1,3,0.00531915,Q0_25,0,0,3
9,377,85366,226,164,3,5,3,3,0.60106383,Q50_75,0,1,3
9,377,62127,164,299,3,5,3,3,0.43617021,Q25_50,0,0,3
9,377,103713,275,38,3,6,3,2,0.73138298,Q50_75,0,0,2
9,377,72213,191,206,3,5,3,3,0.50797872,Q50_75,0,2,3
9,377,95485,253,104,3,5,3,3,0.67287234,Q50_75,0,1,3
9,377,21342,56,230,3,5,2,3,0.14893617,Q0_25,0,2,3
9,377,23979,63,228,3,5,2,3,0.16755319,Q0_25,0,2,3
9,377,39912,105,327,3,5,3,3,0.27925532,Q25_50,0,0,3
9,377,104411,276,359,3,6,3,3,0.73404255,Q50_75,0,0,3
9,377,27790,73,269,3,5,2,3,0.19414894,Q0_25,0,0,3
9,377,45942,121,325,3,5,3,3,0.32180851,Q25_50,0,1,3
9,377,18192,48,96,3,5,2,2,0.12765957,Q0_25,0,1,2
9,377,76409,202,255,3,5,3,3,0.53723404,Q50_75,0,2,3
9,377,103564,274,266,3,6,3,3,0.7287234,Q50_75,0,1,3
9,377,26567,70,177,3,5,2,3,0.18617021,Q0_25,0,2,3
9,377,18224,48,128,3,5,2,3,0.12765957,Q0_25,0,1,3
9,377,102495,271,328,3,6,3,3,0.72074468,Q50_75,0,0,3
9,377,135233,358,267,3,6,3,3,0.95212766,Q75_100,0,1,3
9,377,136513,362,39,3,6,3,2,0.96276596,Q75_100,0,0,2
9,377,17425,46,83,3,5,2,2,0.12234043,Q0_25,0,1,2
9,377,66416,176,64,3,5,3,2,0.46808511,Q25_50,0,1,2
9,377,52916,140,136,3,5,3,3,0.37234043,Q25_50,1,3,3
9,377,31126,82,212,3,5,2,3,0.21808511,Q0_25,0,1,3
9,377,33557,89,4,3,5,2,1,0.23670213,Q0_25,0,0,1
9,377,89047,236,75,3,5,3,2,0.62765957,Q50_75,0,1,2
9,377,83938,222,244,3,5,3,3,0.59042553,Q50_75,0,2,3
9,377,68755,182,141,3,5,3,3,0.48404255,Q25_50,0,2,3
9,377,52404,139,1,3,5,3,1,0.36968085,Q25_50,0,0,1
9,377,22436,59,193,3,5,2,3,0.15691489,Q0_25,0,1,3
9,377,23778,63,27,3,5,2,2,0.16755319,Q0_25,0,1,2
9,377,20896,55,161,3,5,2,3,0.1462766,Q0_25,0,1,3
9,377,81506,216,74,3,5,3,2,0.57446809,Q50_75,0,1,2
9,377,121937,323,166,3,6,3,3,0.85904255,Q75_100,0,0,3
9,377,136256,361,159,3,6,3,3,0.96010638,Q75_100,0,0,3
9,377,73410,194,272,3,5,3,3,0.51595745,Q50_75,0,1,3
9,377,52994,140,214,3,5,3,3,0.37234043,Q25_50,0,1,3
9,377,74677,198,31,3,5,3,2,0.52659574,Q50_75,0,0,2
9,377,2390,6,128,3,4,1,3,0.01595745,Q0_25,0,1,3
9,377,37948,100,248,3,5,3,3,0.26595745,Q25_50,0,1,3
9,377,78111,207,72,3,5,3,2,0.55053191,Q50_75,0,1,2
9,377,3040,8,24,3,4,1,2,0.0212766,Q0_25,0,0,2
9,377,84013,222,319,3,5,3,3,0.59042553,Q50_75,0,0,3
9,377,30037,79,254,3,5,2,3,0.21010638,Q0_25,0,1,3
9,377,44309,117,200,3,5,3,3,0.31117021,Q25_50,0,1,3
9,377,96382,255,247,3,5,3,3,0.67819149,Q50_75,0,2,3
9,377,10264,27,85,3,5,2,2,0.07180851,Q0_25,0,0,2
9,377,102482,271,315,3,6,3,3,0.72074468,Q50_75,0,1,3
9,377,99747,264,219,3,5,3,3,0.70212766,Q50_75,0,1,3
9,377,6065,16,33,3,4,2,2,0.04255319,Q0_25,0,1,2
9,377,46038,122,44,3,5,3,2,0.32446809,Q25_50,0,0,2
9,377,113908,302,54,3,6,3,2,0.80319149,Q75_100,0,1,2
9,377,6584,17,175,3,4,2,3,0.04521277,Q0_25,0,0,3
9,377,106916,283,225,3,6,3,3,0.75265957,Q75_100,0,2,3
9,377,71090,188,214,3,5,3,3,0.5,Q50_75,0,2,3
9,377,42647,113,46,3,5,3,2,0.30053191,Q25_50,0,0,2
9,377,2859,7,220,3,4,1,3,0.01861702,Q0_25,0,0,3
9,377,28700,76,48,3,5,2,2,0.20212766,Q0_25,0,0,2
9,377,53307,141,150,3,5,3,3,0.375,Q25_50,0,1,3
9,377,117376,311,129,3,6,3,3,0.82712766,Q75_100,0,1,3
9,377,37453,99,130,3,5,2,3,0.26329787,Q25_50,0,0,3
9,377,68257,181,20,3,5,3,2,0.48138298,Q25_50,0,1,2
9,377,21452,56,340,3,5,2,3,0.14893617,Q0_25,0,0,3
9,377,118410,314,32,3,6,3,2,0.83510638,Q75_100,0,0,2
9,377,11756,31,69,3,5,2,2,0.08244681,Q0_25,1,2,2
9,377,35792,94,354,3,5,2,3,0.25,Q25_50,0,0,3
9,377,58769,155,334,3,5,3,3,0.41223404,Q25_50,0,0,3
9,377,110126,292,42,3,6,3,2,0.77659574,Q75_100,0,0,2
9,377,126067,334,149,3,6,3,3,0.88829787,Q75_100,0,0,3
9,377,138736,368,0,3,6,3,1,0.9787234,Q75_100,0,0,1
9,377,109456,290,126,3,6,3,3,0.7712766,Q75_100,0,1,3
9,377,45578,120,338,3,5,3,3,0.31914894,Q25_50,0,0,3
9,377,87349,231,262,3,5,3,3,0.6143617,Q50_75,0,2,3
9,377,32757,86,335,3,5,2,3,0.2287234,Q0_25,0,0,3
9,377,131371,348,175,3,6,3,3,0.92553191,Q75_100,0,1,3
9,377,96900,257,11,3,5,3,2,0.68351064,Q50_75,0,0,2
9,377,83211,220,271,3,5,3,3,0.58510638,Q50_75,0,1,3
9,377,101411,268,375,3,6,3,3,0.71276596,Q50_75,0,0,3
9,377,70577,187,78,3,5,3,2,0.49734043,Q25_50,0,1,2
9,377,10513,27,334,3,5,2,3,0.07180851,Q0_25,0,1,3
9,377,43898,116,166,3,5,3,3,0.30851064,Q25_50,0,0,3
9,377,47906,127,27,3,5,3,2,0.33776596,Q25_50,0,0,2
9,377,138446,367,87,3,6,3,2,0.97606383,Q75_100,0,0,2
9,377,57587,152,283,3,5,3,3,0.40425532,Q25_50,0,1,3
9,377,10867,28,311,3,5,2,3,0.07446809,Q0_25,0,0,3
9,377,141739,375,364,3,6,3,3,0.99734043,Q75_100,0,0,3
9,377,139522,370,32,3,6,3,2,0.98404255,Q75_100,0,0,2
9,377,140240,371,373,3,6,3,3,0.98670213,Q75_100,0,0,3
9,377,109131,289,178,3,6,3,3,0.76861702,Q75_100,0,0,3
9,377,73196,194,58,3,5,3,2,0.51595745,Q50_75,0,0,2
9,377,81069,215,14,3,5,3,2,0.57180851,Q50_75,0,1,2
9,377,82468,218,282,3,5,3,3,0.57978723,Q50_75,0,1,3
9,377,9195,24,147,3,4,2,3,0.06382979,Q0_25,0,0,3
9,377,20044,53,63,3,5,2,2,0.14095745,Q0_25,0,1,2
9,377,35150,93,89,3,5,2,2,0.24734043,Q0_25,0,0,2
9,377,16265,43,54,3,5,2,2,0.1143617,Q0_25,0,1,2
9,377,115427,306,65,3,6,3,2,0.81382979,Q75_100,0,0,2
9,377,122355,324,207,3,6,3,3,0.86170213,Q75_100,0,1,3
9,377,51113,135,218,3,5,3,3,0.35904255,Q25_50,0,1,3
9,377,113284,300,184,3,6,3,3,0.79787234,Q75_100,0,1,3
9,377,103878,275,203,3,6,3,3,0.73138298,Q50_75,0,1,3
9,377,30387,80,227,3,5,2,3,0.21276596,Q0_25,0,1,3
9,377,107977,286,155,3,6,3,3,0.7606383,Q75_100,0,0,3
9,377,17449,46,107,3,5,2,3,0.12234043,Q0_25,0,0,3
9,377,49995,132,231,3,5,3,3,0.35106383,Q25_50,0,2,3
9,377,39121,103,290,3,5,3,3,0.27393617,Q25_50,0,2,3
9,377,57562,152,258,3,5,3,3,0.40425532,Q25_50,0,1,3
9,377,138832,368,96,3,6,3,2,0.9787234,Q75_100,0,0,2
9,377,6073,16,41,3,4,2,2,0.04255319,Q0_25,0,0,2
9,377,75798,201,21,3,5,3,2,0.53457447,Q50_75,0,0,2
9,377,128347,340,167,3,6,3,3,0.90425532,Q75_100,0,0,3
9,377,142122,376,370,3,6,3,3,1.0,Q75_100,0,1,3
9,377,21863,57,374,3,5,2,3,0.15159574,Q0_25,0,1,3
9,377,138242,366,260,3,6,3,3,0.97340426,Q75_100,0,2,3
9,377,85804,227,225,3,5,3,3,0.6037234,Q50_75,0,2,3
9,377,99179,263,28,3,5,3,2,0.69946809,Q50_75,0,0,2
9,377,118270,313,269,3,6,3,3,0.83244681,Q75_100,0,1,3
9,377,29234,77,205,3,5,2,3,0.20478723,Q0_25,0,2,3
9,377,127425,337,376,3,6,3,3,0.8962766,Q75_100,0,1,3
9,377,3249,8,233,3,4,1,3,0.0212766,Q0_25,0,1,3
9,377,5695,15,40,3,4,2,2,0.03989362,Q0_25,0,1,2
9,377,128746,341,189,3,6,3,3,0.90691489,Q75_100,0,0,3
9,377,97051,257,162,3,5,3,3,0.68351064,Q50_75,0,2,3
9,377,99694,264,166,3,5,3,3,0.70212766,Q50_75,0,1,3
9,377,35144,93,83,3,5,2,2,0.24734043,Q0_25,0,0,2
9,377,96191,255,56,3,5,3,2,0.67819149,Q50_75,0,0,2
9,377,21894,58,28,3,5,2,2,0.15425532,Q0_25,0,0,2
9,377,42402,112,178,3,5,3,3,0.29787234,Q25_50,0,0,3
9,377,94981,251,354,3,5,3,3,0.66755319,Q50_75,0,1,3
9,377,93133,247,14,3,5,3,2,0.65691489,Q50_75,0,0,2
9,377,46606,123,235,3,5,3,3,0.32712766,Q25_50,0,1,3
9,377,30282,80,122,3,5,2,3,0.21276596,Q0_25,0,1,3
9,377,67763,179,280,3,5,3,3,0.47606383,Q25_50,0,0,3
9,377,128380,340,200,3,6,3,3,0.90425532,Q75_100,0,1,3
9,377,19483,51,256,3,5,2,3,0.1356383,Q0_25,0,1,3
9,377,127544,338,118,3,6,3,3,0.89893617,Q75_100,0,2,3
9,377,132696,351,369,3,6,3,3,0.93351064,Q75_100,0,0,3
9,377,82483,218,297,3,5,3,3,0.57978723,Q50_75,0,1,3
9,377,68178,180,318,3,5,3,3,0.4787234,Q25_50,0,0,3
9,377,56111,148,315,3,5,3,3,0.39361702,Q25_50,0,0,3
9,377,40095,106,133,3,5,3,3,0.28191489,Q25_50,0,1,3
9,377,60774,161,77,3,5,3,2,0.42819149,Q25_50,0,1,2
9,377,33863,89,310,3,5,2,3,0.23670213,Q0_25,0,0,3
9,377,85983,228,27,3,5,3,2,0.60638298,Q50_75,0,1,2
9,377,135134,358,168,3,6,3,3,0.95212766,Q75_100,0,0,3
9,377,104632,277,203,3,6,3,3,0.73670213,Q50_75,0,1,3
9,377,83714,222,20,3,5,3,2,0.59042553,Q50_75,0,0,2
9,377,78848,209,55,3,5,3,2,0.55585106,Q50_75,0,0,2
9,377,55327,146,285,3,5,3,3,0.38829787,Q25_50,0,1,3
9,377,51225,135,330,3,5,3,3,0.35904255,Q25_50,0,0,3
9,377,142078,376,326,3,6,3,3,1.0,Q75_100,0,1,3
9,377,101565,269,152,3,6,3,3,0.71542553,Q50_75,0,1,3
9,377,11097,29,164,3,5,2,3,0.07712766,Q0_25,0,1,3
9,377,122434,324,286,3,6,3,3,0.86170213,Q75_100,0,1,3
9,377,4823,12,299,3,4,2,3,0.03191489,Q0_25,0,0,3
9,377,4882,12,358,3,4,2,3,0.03191489,Q0_25,0,1,3
9,377,88023,233,182,3,5,3,3,0.61968085,Q50_75,0,1,3
9,377,15241,40,161,3,5,2,3,0.10638298,Q0_25,0,1,3
9,377,133634,354,176,3,6,3,3,0.94148936,Q75_100,0,1,3
9,377,108357,287,158,3,6,3,3,0.76329787,Q75_100,0,0,3
9,377,141024,374,26,3,6,3,2,0.99468085,Q75_100,0,0,2
9,377,82123,217,314,3,5,3,3,0.57712766,Q50_75,0,0,3
9,377,60359,160,39,3,5,3,2,0.42553191,Q25_50,0,0,2
9,377,95633,253,252,3,5,3,3,0.67287234,Q50_75,0,2,3
9,377,93759,248,263,3,5,3,3,0.65957447,Q50_75,0,2,3
9,377,46120,122,126,3,5,3,3,0.32446809,Q25_50,0,1,3
9,377,69459,184,91,3,5,3,2,0.4893617,Q25_50,0,0,2
9,377,51917,137,268,3,5,3,3,0.3643617,Q25_50,0,1,3
9,377,98291,260,271,3,5,3,3,0.69148936,Q50_75,0,1,3
9,377,138542,367,183,3,6,3,3,0.97606383,Q75_100,0,0,3
9,377,28034,74,136,3,5,2,3,0.19680851,Q0_25,0,2,3
9,377,53998,143,87,3,5,3,2,0.38031915,Q25_50,0,0,2
9,377,86892,230,182,3,5,3,3,0.61170213,Q50_75,0,0,3
9,377,6189,16,157,3,4,2,3,0.04255319,Q0_25,0,0,3
9,377,127563,338,137,3,6,3,3,0.89893617,Q75_100,0,0,3
9,377,85142,225,317,3,5,3,3,0.59840426,Q50_75,0,0,3
9,377,117615,311,368,3,6,3,3,0.82712766,Q75_100,0,1,3
9,377,80439,213,138,3,5,3,3,0.56648936,Q50_75,0,1,3
9,377,18235,48,139,3,5,2,3,0.12765957,Q0_25,0,2,3
9,377,12096,32,32,3,5,2,2,0.08510638,Q0_25,1,2,2
9,377,24495,64,367,3,5,2,3,0.17021277,Q0_25,0,0,3
9,377,38498,102,44,3,5,3,2,0.2712766,Q25_50,0,0,2
9,377,8546,22,252,3,4,2,3,0.05851064,Q0_25,0,1,3
9,377,22535,59,292,3,5,2,3,0.15691489,Q0_25,0,0,3
9,377,44481,117,372,3,5,3,3,0.31117021,Q25_50,0,0,3
9,377,123613,327,334,3,6,3,3,0.86968085,Q75_100,0,0,3
9,377,126499,335,204,3,6,3,3,0.89095745,Q75_100,0,1,3
9,377,42405,112,181,3,5,3,3,0.29787234,Q25_50,0,1,3
9,377,9303,24,255,3,4,2,3,0.06382979,Q0_25,0,1,3
9,377,92927,246,185,3,5,3,3,0.65425532,Q50_75,0,1,3
9,377,128292,340,112,3,6,3,3,0.90425532,Q75_100,0,1,3
9,377,27264,72,120,3,5,2,3,0.19148936,Q0_25,0,2,3
9,377,76294,202,140,3,5,3,3,0.53723404,Q50_75,0,1,3
9,377,13442,35,247,3,5,2,3,0.09308511,Q0_25,0,2,3
9,377,77065,204,157,3,5,3,3,0.54255319,Q50_75,0,1,3
9,377,60279,159,336,3,5,3,3,0.42287234,Q25_50,0,0,3
9,377,85029,225,204,3,5,3,3,0.59840426,Q50_75,0,2,3
9,377,126385,335,90,3,6,3,2,0.89095745,Q75_100,0,0,2
9,377,130886,347,67,3,6,3,2,0.92287234,Q75_100,0,0,2
9,377,30064,79,281,3,5,2,3,0.21010638,Q0_25,0,1,3
9,377,601,1,224,3,3,1,3,0.00265957,Q0_25,0,1,3
9,377,139266,369,153,3,6,3,3,0.98138298,Q75_100,0,0,3
9,377,35455,94,17,3,5,2,2,0.25,Q25_50,0,0,2
9,377,96117,254,359,3,5,3,3,0.67553191,Q50_75,0,0,3
9,377,62177,164,349,3,5,3,3,0.43617021,Q25_50,0,0,3
9,377,98764,261,367,3,5,3,3,0.69414894,Q50_75,0,0,3
9,377,28964,76,312,3,5,2,3,0.20212766,Q0_25,0,0,3
9,377,10389,27,210,3,5,2,3,0.07180851,Q0_25,0,2,3
9,377,30935,82,21,3,5,2,2,0.21808511,Q0_25,0,0,2
9,377,10200,27,21,3,5,2,2,0.07180851,Q0_25,0,0,2
9,377,54031,143,120,3,5,3,3,0.38031915,Q25_50,0,0,3
9,377,12965,34,147,3,5,2,3,0.09042553,Q0_25,0,1,3
9,377,72487,192,103,3,5,3,3,0.5106383,Q50_75,0,1,3
9,377,117802,312,178,3,6,3,3,0.82978723,Q75_100,0,2,3
9,377,140948,373,327,3,6,3,3,0.99202128,Q75_100,0,1,3
9,377,22073,58,207,3,5,2,3,0.15425532,Q0_25,0,2,3
9,377,60632,160,312,3,5,3,3,0.42553191,Q25_50,0,0,3
9,377,26224,69,211,3,5,2,3,0.18351064,Q0_25,0,1,3
9,377,30707,81,170,3,5,2,3,0.21542553,Q0_25,0,1,3
9,377,78131,207,92,3,5,3,2,0.55053191,Q50_75,0,1,2
9,377,29185,77,156,3,5,2,3,0.20478723,Q0_25,0,1,3
9,377,103575,274,277,3,6,3,3,0.7287234,Q50_75,0,1,3
9,377,13084,34,266,3,5,2,3,0.09042553,Q0_25,0,1,3
9,377,43742,116,10,3,5,3,2,0.30851064,Q25_50,0,0,2
9,377,139622,370,132,3,6,3,3,0.98404255,Q75_100,0,0,3
9,377,58747,155,312,3,5,3,3,0.41223404,Q25_50,0,0,3
9,377,51281,136,9,3,5,3,1,0.36170213,Q25_50,0,0,1
9,377,18315,48,219,3,5,2,3,0.12765957,Q0_25,0,1,3
9,377,24335,64,207,3,5,2,3,0.17021277,Q0_25,0,2,3
9,377,109360,290,30,3,6,3,2,0.7712766,Q75_100,0,0,2
9,377,34825,92,141,3,5,2,3,0.24468085,Q0_25,0,1,3
9,377,7675,20,135,3,4,2,3,0.05319149,Q0_25,0,1,3
9,377,74848,198,202,3,5,3,3,0.52659574,Q50_75,0,2,3
9,377,29532,78,126,3,5,2,3,0.20744681,Q0_25,0,2,3
9,377,47660,126,158,3,5,3,3,0.33510638,Q25_50,0,1,3
9,377,127797,338,371,3,6,3,3,0.89893617,Q75_100,0,0,3
9,377,97409,258,143,3,5,3,3,0.68617021,Q50_75,0,1,3
9,377,11684,30,374,3,5,2,3,0.07978723,Q0_25,0,0,3
9,377,127969,339,166,3,6,3,3,0.90159574,Q75_100,0,1,3
9,377,124995,331,208,3,6,3,3,0.88031915,Q75_100,0,1,3
9,377,87618,232,154,3,5,3,3,0.61702128,Q50_75,0,1,3
9,377,38908,103,77,3,5,3,2,0.27393617,Q25_50,0,0,2
9,377,129614,343,303,3,6,3,3,0.91223404,Q75_100,0,0,3
9,377,78301,207,262,3,5,3,3,0.55053191,Q50_75,0,2,3
9,377,22670,60,50,3,5,2,2,0.15957447,Q0_25,0,0,2
9,377,122866,325,341,3,6,3,3,0.8643617,Q75_100,0,1,3
9,377,118093,313,92,3,6,3,2,0.83244681,Q75_100,0,0,2
9,377,7342,19,179,3,4,2,3,0.05053191,Q0_25,0,0,3
9,377,22889,60,269,3,5,2,3,0.15957447,Q0_25,0,2,3
9,377,50297,133,156,3,5,3,3,0.3537234,Q25_50,0,1,3
9,377,65562,173,341,3,5,3,3,0.46010638,Q25_50,0,0,3
9,377,63573,168,237,3,5,3,3,0.44680851,Q25_50,0,2,3
9,377,4022,10,252,3,4,2,3,0.02659574,Q0_25,0,1,3
9,377,107053,283,362,3,6,3,3,0.75265957,Q75_100,0,0,3
9,377,74989,198,343,3,5,3,3,0.52659574,Q50_75,0,0,3
9,377,69516,184,148,3,5,3,3,0.4893617,Q25_50,0,2,3
9,377,75694,200,294,3,5,3,3,0.53191489,Q50_75,0,1,3
9,377,102678,272,134,3,6,3,3,0.72340426,Q50_75,0,0,3
9,377,49483,131,96,3,5,3,2,0.34840426,Q25_50,0,0,2
9,377,133030,352,326,3,6,3,3,0.93617021,Q75_100,0,0,3
9,377,27354,72,210,3,5,2,3,0.19148936,Q0_25,0,2,3
9,377,109595,290,265,3,6,3,3,0.7712766,Q75_100,0,2,3
9,377,113719,301,242,3,6,3,3,0.80053191,Q75_100,0,1,3
9,377,108056,286,234,3,6,3,3,0.7606383,Q75_100,0,2,3
9,377,128462,340,282,3,6,3,3,0.90425532,Q75_100,0,1,3
9,377,133046,352,342,3,6,3,3,0.93617021,Q75_100,0,0,3
9,377,134951,357,362,3,6,3,3,0.94946809,Q75_100,0,0,3
9,377,28903,76,251,3,5,2,3,0.20212766,Q0_25,0,0,3
9,377,64521,171,54,3,5,3,2,0.45478723,Q25_50,0,0,2
9,377,34807,92,123,3,5,2,3,0.24468085,Q0_25,0,1,3
9,377,62328,165,123,3,5,3,3,0.43882979,Q25_50,0,0,3
9,377,12344,32,280,3,5,2,3,0.08510638,Q0_25,0,2,3
9,377,123732,328,76,3,6,3,2,0.87234043,Q75_100,0,1,2
9,377,115614,306,252,3,6,3,3,0.81382979,Q75_100,0,0,3
9,377,6033,16,1,3,4,2,1,0.04255319,Q0_25,1,1,1
9,377,29963,79,180,3,5,2,3,0.21010638,Q0_25,0,2,3
9,377,24888,66,6,3,5,2,1,0.17553191,Q0_25,0,0,1
9,377,94418,250,168,3,5,3,3,0.66489362,Q50_75,0,1,3
9,377,101308,268,272,3,6,3,3,0.71276596,Q50_75,0,1,3
9,377,128623,341,66,3,6,3,2,0.90691489,Q75_100,0,0,2
9,377,9828,26,26,3,4,2,2,0.06914894,Q0_25,0,1,2
9,377,31236,82,322,3,5,2,3,0.21808511,Q0_25,0,0,3
9,377,16855,44,267,3,5,2,3,0.11702128,Q0_25,0,1,3
9,377,79047,209,254,3,5,3,3,0.55585106,Q50_75,0,1,3
9,377,116819,309,326,3,6,3,3,0.82180851,Q75_100,0,2,3
9,377,60070,159,127,3,5,3,3,0.42287234,Q25_50,0,2,3
9,377,73991,196,99,3,5,3,2,0.5212766,Q50_75,0,0,2
9,377,19176,50,326,3,5,2,3,0.13297872,Q0_25,0,0,3
9,377,22874,60,254,3,5,2,3,0.15957447,Q0_25,0,2,3
9,377,130564,346,122,3,6,3,3,0.92021277,Q75_100,0,0,3
9,377,125074,331,287,3,6,3,3,0.88031915,Q75_100,0,1,3
9,377,37469,99,146,3,5,2,3,0.26329787,Q25_50,0,1,3
9,377,18251,48,155,3,5,2,3,0.12765957,Q0_25,0,2,3
9,377,126154,334,236,3,6,3,3,0.88829787,Q75_100,0,1,3
9,377,125699,333,158,3,6,3,3,0.8856383,Q75_100,0,0,3
9,377,32910,87,111,3,5,2,3,0.23138298,Q0_25,0,1,3
9,377,1643,4,135,3,4,1,3,0.0106383,Q0_25,0,0,3
9,377,37012,98,66,3,5,2,2,0.2606383,Q25_50,0,1,2
9,377,102961,273,40,3,6,3,2,0.72606383,Q50_75,0,0,2
9,377,47251,125,126,3,5,3,3,0.33244681,Q25_50,0,1,3
9,377,9937,26,135,3,4,2,3,0.06914894,Q0_25,0,0,3
9,377,123713,328,57,3,6,3,2,0.87234043,Q75_100,0,0,2
9,377,25346,67,87,3,5,2,2,0.17819149,Q0_25,0,0,2
9,377,94453,250,203,3,5,3,3,0.66489362,Q50_75,0,2,3
9,377,14786,39,83,3,5,2,2,0.1037234,Q0_25,0,0,2
9,377,138816,368,80,3,6,3,2,0.9787234,Q75_100,0,0,2
9,377,9138,24,90,3,4,2,2,0.06382979,Q0_25,0,0,2
9,377,35553,94,115,3,5,2,3,0.25,Q25_50,0,1,3
9,377,17341,45,376,3,5,2,3,0.11968085,Q0_25,0,0,3
9,377,135064,358,98,3,6,3,2,0.95212766,Q75_100,0,0,2
9,377,64635,171,168,3,5,3,3,0.45478723,Q25_50,0,0,3
9,377,52113,138,87,3,5,3,2,0.36702128,Q25_50,0,1,2
9,377,26051,69,38,3,5,2,2,0.18351064,Q0_25,0,0,2
9,377,34563,91,256,3,5,2,3,0.24202128,Q0_25,0,1,3
9,377,116200,308,84,3,6,3,2,0.81914894,Q75_100,0,0,2
9,377,116765,309,272,3,6,3,3,0.82180851,Q75_100,0,1,3
9,377,58952,156,140,3,5,3,3,0.41489362,Q25_50,0,2,3
9,377,31607,83,316,3,5,2,3,0.22074468,Q0_25,0,0,3
9,377,132033,350,83,3,6,3,2,0.93085106,Q75_100,0,0,2
9,377,109690,290,360,3,6,3,3,0.7712766,Q75_100,0,1,3
9,377,78462,208,46,3,5,3,2,0.55319149,Q50_75,0,0,2
9,377,64226,170,136,3,5,3,3,0.45212766,Q25_50,0,1,3
9,377,136117,361,20,3,6,3,2,0.96010638,Q75_100,0,1,2
9,377,102301,271,134,3,6,3,3,0.72074468,Q50_75,0,1,3
9,377,13750,36,178,3,5,2,3,0.09574468,Q0_25,0,1,3
9,377,99333,263,182,3,5,3,3,0.69946809,Q50_75,0,0,3
9,377,123189,326,287,3,6,3,3,0.86702128,Q75_100,0,1,3
9,377,102220,271,53,3,6,3,2,0.72074468,Q50_75,0,0,2
9,377,132865,352,161,3,6,3,3,0.93617021,Q75_100,0,1,3
9,377,7079,18,293,3,4,2,3,0.04787234,Q0_25,0,1,3
9,377,54618,144,330,3,5,3,3,0.38297872,Q25_50,0,1,3
9,377,86414,229,81,3,5,3,2,0.60904255,Q50_75,0,1,2
9,377,36164,95,349,3,5,2,3,0.25265957,Q25_50,0,0,3
9,377,67698,179,215,3,5,3,3,0.47606383,Q25_50,0,2,3
9,377,85818,227,239,3,5,3,3,0.6037234,Q50_75,0,2,3
9,377,3941,10,171,3,4,2,3,0.02659574,Q0_25,0,0,3
9,377,40336,106,374,3,5,3,3,0.28191489,Q25_50,0,0,3
9,377,117157,310,287,3,6,3,3,0.82446809,Q75_100,0,1,3
9,377,132084,350,134,3,6,3,3,0.93085106,Q75_100,0,0,3
9,377,15537,41,80,3,5,2,2,0.10904255,Q0_25,0,0,2
9,377,42023,111,176,3,5,3,3,0.29521277,Q25_50,0,2,3
9,377,48543,128,287,3,5,3,3,0.34042553,Q25_50,0,1,3
9,377,117146,310,276,3,6,3,3,0.82446809,Q75_100,0,1,3
9,377,131531,348,335,3,6,3,3,0.92553191,Q75_100,0,0,3
9,377,79857,211,310,3,5,3,3,0.56117021,Q50_75,0,0,3
9,377,88370,234,152,3,5,3,3,0.62234043,Q50_75,0,2,3
9,377,11036,29,103,3,5,2,3,0.07712766,Q0_25,0,0,3
9,377,119578,317,69,3,6,3,2,0.84308511,Q75_100,0,0,2
9,377,30505,80,345,3,5,2,3,0.21276596,Q0_25,0,0,3
9,377,61940,164,112,3,5,3,3,0.43617021,Q25_50,0,1,3
9,377,10250,27,71,3,5,2,2,0.07180851,Q0_25,0,0,2
9,377,92803,246,61,3,5,3,2,0.65425532,Q50_75,0,1,2
9,377,7001,18,215,3,4,2,3,0.04787234,Q0_25,0,1,3
9,377,5704,15,49,3,4,2,2,0.03989362,Q0_25,0,0,2
9,377,68758,182,144,3,5,3,3,0.48404255,Q25_50,0,0,3
9,377,127042,336,370,3,6,3,3,0.89361702,Q75_100,0,0,3
9,377,74757,198,111,3,5,3,3,0.52659574,Q50_75,0,1,3
9,377,75313,199,290,3,5,3,3,0.52925532,Q50_75,0,2,3
9,377,38470,102,16,3,5,3,2,0.2712766,Q25_50,0,0,2
9,377,122813,325,288,3,6,3,3,0.8643617,Q75_100,0,1,3
9,377,76379,202,225,3,5,3,3,0.53723404,Q50_75,1,3,3
9,377,12539,33,98,3,5,2,2,0.08776596,Q0_25,0,0,2
9,377,40334,106,372,3,5,3,3,0.28191489,Q25_50,0,0,3
9,377,62318,165,113,3,5,3,3,0.43882979,Q25_50,0,0,3
9,377,64650,171,183,3,5,3,3,0.45478723,Q25_50,0,1,3
9,377,72024,191,17,3,5,3,2,0.50797872,Q50_75,0,0,2
9,377,88877,235,282,3,5,3,3,0.625,Q50_75,0,2,3
9,377,12875,34,57,3,5,2,2,0.09042553,Q0_25,0,0,2
9,377,53425,141,268,3,5,3,3,0.375,Q25_50,0,2,3
9,377,138703,367,344,3,6,3,3,0.97606383,Q75_100,0,0,3
9,377,77262,204,354,3,5,3,3,0.54255319,Q50_75,0,0,3
9,377,51643,136,371,3,5,3,3,0.36170213,Q25_50,0,0,3
9,377,109241,289,288,3,6,3,3,0.76861702,Q75_100,0,1,3
9,377,20029,53,48,3,5,2,2,0.14095745,Q0_25,0,0,2
9,377,120898,320,258,3,6,3,3,0.85106383,Q75_100,0,0,3
9,377,5902,15,247,3,4,2,3,0.03989362,Q0_25,0,2,3
9,377,114994,305,9,3,6,3,1,0.81117021,Q75_100,0,0,1
9,377,19440,51,213,3,5,2,3,0.1356383,Q0_25,0,1,3
9,377,33781,89,228,3,5,2,3,0.23670213,Q0_25,0,1,3
9,377,49432,131,45,3,5,3,2,0.34840426,Q25_50,0,0,2
9,377,15894,42,60,3,5,2,2,0.11170213,Q0_25,0,0,2
9,377,30920,82,6,3,5,2,1,0.21808511,Q0_25,0,0,1
9,377,34930,92,246,3,5,2,3,0.24468085,Q0_25,0,1,3
9,377,33927,89,374,3,5,2,3,0.23670213,Q0_25,0,0,3
9,377,4191,11,44,3,4,2,2,0.02925532,Q0_25,0,0,2
9,377,53726,142,192,3,5,3,3,0.37765957,Q25_50,0,1,3
9,377,75037,199,14,3,5,3,2,0.52925532,Q50_75,0,1,2
9,377,35233,93,172,3,5,2,3,0.24734043,Q0_25,0,1,3
9,377,41378,109,285,3,5,3,3,0.28989362,Q25_50,0,1,3
9,377,41345,109,252,3,5,3,3,0.28989362,Q25_50,0,2,3
9,377,54494,144,206,3,5,3,3,0.38297872,Q25_50,0,1,3
9,377,22707,60,87,3,5,2,2,0.15957447,Q0_25,0,1,2
9,377,91878,243,267,3,5,3,3,0.6462766,Q50_75,0,2,3
9,377,28675,76,23,3,5,2,2,0.20212766,Q0_25,0,1,2
9,377,55308,146,266,3,5,3,3,0.38829787,Q25_50,1,3,3
9,377,80326,213,25,3,5,3,2,0.56648936,Q50_75,0,0,2
9,377,99310,263,159,3,5,3,3,0.69946809,Q50_75,0,2,3
9,377,11635,30,325,3,5,2,3,0.07978723,Q0_25,0,0,3
9,377,226,0,226,3,3,1,3,0.0,Q0_25,0,2,3
9,377,61412,162,338,3,5,3,3,0.43085106,Q25_50,0,1,3
9,377,99907,265,2,3,5,3,1,0.70478723,Q50_75,0,0,1
9,377,118209,313,208,3,6,3,3,0.83244681,Q75_100,0,1,3
9,377,88317,234,99,3,5,3,2,0.62234043,Q50_75,0,0,2
9,377,51139,135,244,3,5,3,3,0.35904255,Q25_50,0,1,3
9,377,41603,110,133,3,5,3,3,0.29255319,Q25_50,0,1,3
9,377,66134,175,159,3,5,3,3,0.46542553,Q25_50,0,1,3
9,377,74282,197,13,3,5,3,2,0.52393617,Q50_75,0,0,2
9,377,37008,98,62,3,5,2,2,0.2606383,Q25_50,1,2,2
9,377,5041,13,140,3,4,2,3,0.03457447,Q0_25,0,0,3
9,377,14489,38,163,3,5,2,3,0.10106383,Q0_25,0,1,3
9,377,110033,291,326,3,6,3,3,0.77393617,Q75_100,0,0,3
9,377,119262,316,130,3,6,3,3,0.84042553,Q75_100,0,0,3
9,377,132882,352,178,3,6,3,3,0.93617021,Q75_100,0,0,3
9,377,94995,251,368,3,5,3,3,0.66755319,Q50_75,0,0,3
9,377,105177,278,371,3,6,3,3,0.7393617,Q50_75,0,1,3
9,377,47286,125,161,3,5,3,3,0.33244681,Q25_50,0,0,3
9,377,69579,184,211,3,5,3,3,0.4893617,Q25_50,0,0,3
9,377,55855,148,59,3,5,3,2,0.39361702,Q25_50,0,0,2
9,377,59009,156,197,3,5,3,3,0.41489362,Q25_50,0,1,3
9,377,50745,134,227,3,5,3,3,0.35638298,Q25_50,0,2,3
9,377,9292,24,244,3,4,2,3,0.06382979,Q0_25,0,1,3
9,377,137748,365,143,3,6,3,3,0.97074468,Q75_100,0,1,3
9,377,103359,274,61,3,6,3,2,0.7287234,Q50_75,0,0,2
9,377,82118,217,309,3,5,3,3,0.57712766,Q50_75,0,0,3
9,377,60635,160,315,3,5,3,3,0.42553191,Q25_50,0,0,3
9,377,102179,271,12,3,6,3,2,0.72074468,Q50_75,0,0,2
9,377,6268,16,236,3,4,2,3,0.04255319,Q0_25,0,0,3
9,377,51601,136,329,3,5,3,3,0.36170213,Q25_50,0,0,3
9,377,93611,248,115,3,5,3,3,0.65957447,Q50_75,0,1,3
9,377,130848,347,29,3,6,3,2,0.92287234,Q75_100,0,1,2
9,377,120891,320,251,3,6,3,3,0.85106383,Q75_100,0,1,3
9,377,92004,244,16,3,5,3,2,0.64893617,Q50_75,0,0,2
9,377,93792,248,296,3,5,3,3,0.65957447,Q50_75,0,1,3
9,377,1554,4,46,3,4,1,2,0.0106383,Q0_25,0,0,2
9,377,73675,195,160,3,5,3,3,0.51861702,Q50_75,0,1,3
9,377,72101,191,94,3,5,3,2,0.50797872,Q50_75,0,1,2
9,377,48440,128,184,3,5,3,3,0.34042553,Q25_50,0,2,3
9,377,17288,45,323,3,5,2,3,0.11968085,Q0_25,0,1,3
9,377,25862,68,226,3,5,2,3,0.18085106,Q0_25,0,2,3
9,377,92166,244,178,3,5,3,3,0.64893617,Q50_75,0,1,3
9,377,12312,32,248,3,5,2,3,0.08510638,Q0_25,0,2,3
9,377,8760,23,89,3,4,2,2,0.06117021,Q0_25,0,0,2
9,377,74947,198,301,3,5,3,3,0.52659574,Q50_75,0,0,3
9,377,80779,214,101,3,5,3,3,0.56914894,Q50_75,0,2,3
9,377,112034,297,65,3,6,3,2,0.78989362,Q75_100,0,0,2
9,377,2760,7,121,3,4,1,3,0.01861702,Q0_25,0,1,3
9,377,133571,354,113,3,6,3,3,0.94148936,Q75_100,0,0,3
9,377,42891,113,290,3,5,3,3,0.30053191,Q25_50,0,2,3
9,377,102583,272,39,3,6,3,2,0.72340426,Q50_75,0,0,2
9,377,97143,257,254,3,5,3,3,0.68351064,Q50_75,0,2,3
9,377,106444,282,130,3,6,3,3,0.75,Q75_100,0,0,3
9,377,1348,3,217,3,4,1,3,0.00797872,Q0_25,0,1,3
9,377,430,1,53,3,3,1,2,0.00265957,Q0_25,0,0,2
9,377,55279,146,237,3,5,3,3,0.38829787,Q25_50,0,2,3
9,377,68453,181,216,3,5,3,3,0.48138298,Q25_50,0,2,3
9,377,16460,43,249,3,5,2,3,0.1143617,Q0_25,0,2,3
9,377,44022,116,290,3,5,3,3,0.30851064,Q25_50,0,1,3
9,377,78783,208,367,3,5,3,3,0.55319149,Q50_75,0,0,3
9,377,71560,189,307,3,5,3,3,0.50265957,Q50_75,0,0,3
9,377,80949,214,271,3,5,3,3,0.56914894,Q50_75,0,1,3
9,377,75157,199,134,3,5,3,3,0.52925532,Q50_75,0,1,3
9,377,17309,45,344,3,5,2,3,0.11968085,Q0_25,0,0,3
9,377,86773,230,63,3,5,3,2,0.61170213,Q50_75,0,1,2
9,377,126629,335,334,3,6,3,3,0.89095745,Q75_100,0,0,3
9,377,94791,251,164,3,5,3,3,0.66755319,Q50_75,0,1,3
9,377,60559,160,239,3,5,3,3,0.42553191,Q25_50,0,0,3
9,377,68452,181,215,3,5,3,3,0.48138298,Q25_50,0,1,3
9,377,29093,77,64,3,5,2,2,0.20478723,Q0_25,0,1,2
9,377,118407,314,29,3,6,3,2,0.83510638,Q75_100,0,0,2
9,377,30723,81,186,3,5,2,3,0.21542553,Q0_25,0,0,3
9,377,67917,180,57,3,5,3,2,0.4787234,Q25_50,0,0,2
9,377,136542,362,68,3,6,3,2,0.96276596,Q75_100,0,0,2
9,377,3741,9,348,3,4,1,3,0.02393617,Q0_25,0,0,3
9,377,88745,235,150,3,5,3,3,0.625,Q50_75,0,2,3
9,377,83860,222,166,3,5,3,3,0.59042553,Q50_75,0,2,3
9,377,65122,172,278,3,5,3,3,0.45744681,Q25_50,0,1,3
9,377,38984,103,153,3,5,3,3,0.27393617,Q25_50,0,1,3
9,377,98938,262,164,3,5,3,3,0.69680851,Q50_75,0,2,3
9,377,127943,339,140,3,6,3,3,0.90159574,Q75_100,0,1,3
9,377,8597,22,303,3,4,2,3,0.05851064,Q0_25,0,0,3
9,377,136853,363,2,3,6,3,1,0.96542553,Q75_100,0,0,1
9,377,61519,163,68,3,5,3,2,0.43351064,Q25_50,0,1,2
9,377,77736,206,74,3,5,3,2,0.54787234,Q50_75,0,0,2
9,377,47954,127,75,3,5,3,2,0.33776596,Q25_50,0,0,2
9,377,89762,238,36,3,5,3,2,0.63297872,Q50_75,0,0,2
9,377,47218,125,93,3,5,3,2,0.33244681,Q25_50,0,0,2
9,377,97840,259,197,3,5,3,3,0.68882979,Q50_75,0,1,3
9,377,70745,187,246,3,5,3,3,0.49734043,Q25_50,0,0,3
9,377,49051,130,41,3,5,3,2,0.34574468,Q25_50,0,0,2
9,377,88008,233,167,3,5,3,3,0.61968085,Q50_75,1,3,3
9,377,78350,207,311,3,5,3,3,0.55053191,Q50_75,0,0,3
9,377,86768,230,58,3,5,3,2,0.61170213,Q50_75,0,0,2
9,377,106340,282,26,3,6,3,2,0.75,Q75_100,1,2,2
9,377,107426,284,358,3,6,3,3,0.75531915,Q75_100,0,0,3
9,377,122512,324,364,3,6,3,3,0.86170213,Q75_100,0,0,3
9,377,140252,372,8,3,6,3,1,0.9893617,Q75_100,0,0,1
9,377,115333,305,348,3,6,3,3,0.81117021,Q75_100,0,0,3
9,377,19547,51,320,3,5,2,3,0.1356383,Q0_25,0,0,3
9,377,118467,314,89,3,6,3,2,0.83510638,Q75_100,0,0,2
9,377,13145,34,327,3,5,2,3,0.09042553,Q0_25,0,0,3
9,377,39083,103,252,3,5,3,3,0.27393617,Q25_50,0,1,3
9,377,1915,5,30,3,4,1,2,0.01329787,Q0_25,0,0,2
9,377,123477,327,198,3,6,3,3,0.86968085,Q75_100,0,0,3
9,377,102972,273,51,3,6,3,2,0.72606383,Q50_75,0,0,2
9,377,30182,80,22,3,5,2,2,0.21276596,Q0_25,0,0,2
9,377,14519,38,193,3,5,2,3,0.10106383,Q0_25,0,1,3
9,377,1265,3,134,3,4,1,3,0.00797872,Q0_25,0,1,3
9,377,122730,325,205,3,6,3,3,0.8643617,Q75_100,0,1,3
9,377,13930,36,358,3,5,2,3,0.09574468,Q0_25,0,0,3
9,377,32641,86,219,3,5,2,3,0.2287234,Q0_25,0,2,3
9,377,86903,230,193,3,5,3,3,0.61170213,Q50_75,0,0,3
9,377,57999,153,318,3,5,3,3,0.40691489,Q25_50,0,0,3
9,377,59759,158,193,3,5,3,3,0.42021277,Q25_50,0,2,3
9,377,3855,10,85,3,4,2,2,0.02659574,Q0_25,0,0,2
9,377,42775,113,174,3,5,3,3,0.30053191,Q25_50,0,2,3
9,377,8272,21,355,3,4,2,3,0.05585106,Q0_25,0,0,3
9,377,106036,281,99,3,6,3,2,0.74734043,Q50_75,0,0,2
9,377,61050,161,353,3,5,3,3,0.42819149,Q25_50,0,0,3
9,377,6895,18,109,3,4,2,3,0.04787234,Q0_25,0,1,3
9,377,3998,10,228,3,4,2,3,0.02659574,Q0_25,0,1,3
9,377,62208,165,3,3,5,3,1,0.43882979,Q25_50,0,0,1
9,377,74160,196,268,3,5,3,3,0.5212766,Q50_75,0,1,3
9,377,133366,353,285,3,6,3,3,0.93882979,Q75_100,0,1,3
9,377,93069,246,327,3,5,3,3,0.65425532,Q50_75,0,1,3
9,377,33388,88,212,3,5,2,3,0.23404255,Q0_25,0,1,3
9,377,34449,91,142,3,5,2,3,0.24202128,Q0_25,0,0,3
9,377,39152,103,321,3,5,3,3,0.27393617,Q25_50,0,0,3
9,377,100674,267,15,3,6,3,2,0.71010638,Q50_75,0,0,2
9,377,102355,271,188,3,6,3,3,0.72074468,Q50_75,0,0,3
9,377,72844,193,83,3,5,3,2,0.51329787,Q50_75,0,0,2
9,377,7022,18,236,3,4,2,3,0.04787234,Q0_25,0,1,3
9,377,9587,25,162,3,4,2,3,0.06648936,Q0_25,0,0,3
9,377,78677,208,261,3,5,3,3,0.55319149,Q50_75,0,0,3
9,377,125874,333,333,3,6,3,3,0.8856383,Q75_100,0,0,3
9,377,57743,153,62,3,5,3,2,0.40691489,Q25_50,0,0,2
9,377,98570,261,173,3,5,3,3,0.69414894,Q50_75,0,2,3
9,377,39518,104,310,3,5,3,3,0.27659574,Q25_50,0,0,3
9,377,48419,128,163,3,5,3,3,0.34042553,Q25_50,0,1,3
9,377,82819,219,256,3,5,3,3,0.58244681,Q50_75,0,1,3
9,377,66260,175,285,3,5,3,3,0.46542553,Q25_50,0,1,3
9,377,71323,189,70,3,5,3,2,0.50265957,Q50_75,0,0,2
9,377,36756,97,187,3,5,2,3,0.25797872,Q25_50,0,2,3
9,377,56987,151,60,3,5,3,2,0.40159574,Q25_50,0,0,2
9,377,3371,8,355,3,4,1,3,0.0212766,Q0_25,0,0,3
9,377,45294,120,54,3,5,3,2,0.31914894,Q25_50,0,0,2
9,377,24984,66,102,3,5,2,3,0.17553191,Q0_25,0,1,3
9,377,128825,341,268,3,6,3,3,0.90691489,Q75_100,0,1,3
9,377,40485,107,146,3,5,3,3,0.28457447,Q25_50,0,1,3
9,377,140565,372,321,3,6,3,3,0.9893617,Q75_100,0,1,3
9,377,14997,39,294,3,5,2,3,0.1037234,Q0_25,0,1,3
9,377,95916,254,158,3,5,3,3,0.67553191,Q50_75,0,1,3
9,377,81890,217,81,3,5,3,2,0.57712766,Q50_75,0,1,2
9,377,45405,120,165,3,5,3,3,0.31914894,Q25_50,0,2,3
9,377,10596,28,40,3,5,2,2,0.07446809,Q0_25,0,1,2
9,377,57949,153,268,3,5,3,3,0.40691489,Q25_50,0,2,3
9,377,105473,279,290,3,6,3,3,0.74202128,Q50_75,0,1,3
9,377,135754,360,34,3,6,3,2,0.95744681,Q75_100,0,0,2
9,377,74693,198,47,3,5,3,2,0.52659574,Q50_75,0,0,2
9,377,76455,202,301,3,5,3,3,0.53723404,Q50_75,0,0,3
9,377,43993,116,261,3,5,3,3,0.30851064,Q25_50,0,1,3
9,377,81310,215,255,3,5,3,3,0.57180851,Q50_75,0,2,3
9,377,136435,361,338,3,6,3,3,0.96010638,Q75_100,0,0,3
9,377,41085,108,369,3,5,3,3,0.28723404,Q25_50,0,0,3
9,377,131423,348,227,3,6,3,3,0.92553191,Q75_100,0,1,3
9,377,15211,40,131,3,5,2,3,0.10638298,Q0_25,0,1,3
9,377,48224,127,345,3,5,3,3,0.33776596,Q25_50,0,0,3
9,377,12895,34,77,3,5,2,2,0.09042553,Q0_25,0,0,2
9,377,134360,356,148,3,6,3,3,0.94680851,Q75_100,0,0,3
9,377,56979,151,52,3,5,3,2,0.40159574,Q25_50,0,0,2
9,377,115035,305,50,3,6,3,2,0.81117021,Q75_100,0,0,2
9,377,85329,226,127,3,5,3,3,0.60106383,Q50_75,0,0,3
9,377,26481,70,91,3,5,2,2,0.18617021,Q0_25,0,1,2
9,377,63164,167,205,3,5,3,3,0.44414894,Q25_50,0,1,3
9,377,88702,235,107,3,5,3,3,0.625,Q50_75,0,2,3
9,377,106402,282,88,3,6,3,2,0.75,Q75_100,0,0,2
9,377,59395,157,206,3,5,3,3,0.41755319,Q25_50,0,1,3
9,377,129426,343,115,3,6,3,3,0.91223404,Q75_100,0,0,3
9,377,94594,250,344,3,5,3,3,0.66489362,Q50_75,0,0,3
9,377,57913,153,232,3,5,3,3,0.40691489,Q25_50,1,3,3
9,377,127060,337,11,3,6,3,2,0.8962766,Q75_100,0,0,2
9,377,11448,30,138,3,5,2,3,0.07978723,Q0_25,0,1,3
9,377,59422,157,233,3,5,3,3,0.41755319,Q25_50,0,1,3
9,377,98621,261,224,3,5,3,3,0.69414894,Q50_75,0,1,3
9,377,134610,357,21,3,6,3,2,0.94946809,Q75_100,1,2,2
9,377,85881,227,302,3,5,3,3,0.6037234,Q50_75,0,1,3
9,377,100541,266,259,3,6,3,3,0.70744681,Q50_75,0,1,3
9,377,12786,33,345,3,5,2,3,0.08776596,Q0_25,0,0,3
9,377,14339,38,13,3,5,2,2,0.10106383,Q0_25,0,0,2
9,377,30417,80,257,3,5,2,3,0.21276596,Q0_25,0,1,3
9,377,20469,54,111,3,5,2,3,0.14361702,Q0_25,0,1,3
9,377,3777,10,7,3,4,2,1,0.02659574,Q0_25,0,0,1
9,377,90168,239,65,3,5,3,2,0.6356383,Q50_75,0,0,2
9,377,75966,201,189,3,5,3,3,0.53457447,Q50_75,0,1,3
9,377,125028,331,241,3,6,3,3,0.88031915,Q75_100,0,1,3
9,377,122137,323,366,3,6,3,3,0.85904255,Q75_100,0,0,3
9,377,37220,98,274,3,5,2,3,0.2606383,Q25_50,0,1,3
9,377,95446,253,65,3,5,3,2,0.67287234,Q50_75,0,1,2
9,377,53245,141,88,3,5,3,2,0.375,Q25_50,0,0,2
9,377,108491,287,292,3,6,3,3,0.76329787,Q75_100,0,1,3
9,377,136065,360,345,3,6,3,3,0.95744681,Q75_100,0,0,3
9,377,125984,334,66,3,6,3,2,0.88829787,Q75_100,0,0,2
9,377,16394,43,183,3,5,2,3,0.1143617,Q0_25,0,0,3
9,377,77432,205,147,3,5,3,3,0.54521277,Q50_75,0,1,3
9,377,98847,262,73,3,5,3,2,0.69680851,Q50_75,0,0,2
9,377,4135,10,365,3,4,2,3,0.02659574,Q0_25,0,1,3
9,377,81399,215,344,3,5,3,3,0.57180851,Q50_75,0,0,3
9,377,130205,345,140,3,6,3,3,0.91755319,Q75_100,0,0,3
9,377,80795,214,117,3,5,3,3,0.56914894,Q50_75,0,1,3
9,377,25266,67,7,3,5,2,1,0.17819149,Q0_25,0,0,1
9,377,87734,232,270,3,5,3,3,0.61702128,Q50_75,0,1,3
9,377,128394,340,214,3,6,3,3,0.90425532,Q75_100,0,2,3
9,377,30803,81,266,3,5,2,3,0.21542553,Q0_25,0,1,3
9,377,62180,164,352,3,5,3,3,0.43617021,Q25_50,0,0,3
9,377,6834,18,48,3,4,2,2,0.04787234,Q0_25,0,0,2
9,377,61090,162,16,3,5,3,2,0.43085106,Q25_50,0,0,2
9,377,43725,115,370,3,5,3,3,0.30585106,Q25_50,0,0,3
9,377,29167,77,138,3,5,2,3,0.20478723,Q0_25,0,1,3
9,377,11255,29,322,3,5,2,3,0.07712766,Q0_25,0,0,3
9,377,110492,293,31,3,6,3,2,0.77925532,Q75_100,0,0,2
9,377,133808,354,350,3,6,3,3,0.94148936,Q75_100,0,1,3
9,377,63124,167,165,3,5,3,3,0.44414894,Q25_50,0,2,3
9,377,66790,177,61,3,5,3,2,0.47074468,Q25_50,0,0,2
9,377,124840,331,53,3,6,3,2,0.88031915,Q75_100,0,0,2
9,377,43945,116,213,3,5,3,3,0.30851064,Q25_50,0,1,3
9,377,89177,236,205,3,5,3,3,0.62765957,Q50_75,0,1,3
9,377,96879,256,367,3,5,3,3,0.68085106,Q50_75,0,0,3
9,377,27995,74,97,3,5,2,2,0.19680851,Q0_25,0,0,2
9,377,114448,303,217,3,6,3,3,0.80585106,Q75_100,0,2,3
9,377,74385,197,116,3,5,3,3,0.52393617,Q50_75,0,1,3
9,377,13881,36,309,3,5,2,3,0.09574468,Q0_25,0,0,3
9,377,60142,159,199,3,5,3,3,0.42287234,Q25_50,0,1,3
9,377,141813,376,61,3,6,3,2,1.0,Q75_100,0,0,2
9,377,135859,360,139,3,6,3,3,0.95744681,Q75_100,0,0,3
9,377,105392,279,209,3,6,3,3,0.74202128,Q50_75,0,0,3
9,377,9612,25,187,3,4,2,3,0.06648936,Q0_25,0,1,3
9,377,73128,193,367,3,5,3,3,0.51329787,Q50_75,0,1,3
9,377,125970,334,52,3,6,3,2,0.88829787,Q75_100,0,0,2
9,377,75133,199,110,3,5,3,3,0.52925532,Q50_75,0,0,3
9,377,21800,57,311,3,5,2,3,0.15159574,Q0_25,0,0,3
9,377,20134,53,153,3,5,2,3,0.14095745,Q0_25,0,1,3
9,377,61848,164,20,3,5,3,2,0.43617021,Q25_50,0,0,2
9,377,92227,244,239,3,5,3,3,0.64893617,Q50_75,0,1,3
9,377,5578,14,300,3,4,2,3,0.03723404,Q0_25,0,0,3
9,377,63108,167,149,3,5,3,3,0.44414894,Q25_50,0,1,3
9,377,46505,123,134,3,5,3,3,0.32712766,Q25_50,0,2,3
9,377,10401,27,222,3,5,2,3,0.07180851,Q0_25,0,2,3
9,377,2394,6,132,3,4,1,3,0.01595745,Q0_25,0,1,3
9,377,138594,367,235,3,6,3,3,0.97606383,Q75_100,0,1,3
9,377,23059,61,62,3,5,2,2,0.16223404,Q0_25,0,1,2
9,377,70423,186,301,3,5,3,3,0.49468085,Q25_50,0,0,3
9,377,116084,307,345,3,6,3,3,0.81648936,Q75_100,0,1,3
9,377,91568,242,334,3,5,3,3,0.64361702,Q50_75,0,0,3
9,377,59931,158,365,3,5,3,3,0.42021277,Q25_50,0,1,3
9,377,135482,359,139,3,6,3,3,0.95478723,Q75_100,0,0,3
9,377,56659,150,109,3,5,3,3,0.39893617,Q25_50,0,1,3
9,377,128979,342,45,3,6,3,2,0.90957447,Q75_100,0,1,2
9,377,81028,214,350,3,5,3,3,0.56914894,Q50_75,0,0,3
9,377,28084,74,186,3,5,2,3,0.19680851,Q0_25,0,2,3
9,377,83067,220,127,3,5,3,3,0.58510638,Q50_75,0,2,3
9,377,69739,184,371,3,5,3,3,0.4893617,Q25_50,0,0,3
9,377,30539,81,2,3,5,2,1,0.21542553,Q0_25,0,0,1
9,377,104749,277,320,3,6,3,3,0.73670213,Q50_75,0,1,3
9,377,32480,86,58,3,5,2,2,0.2287234,Q0_25,0,0,2
9,377,21174,56,62,3,5,2,2,0.14893617,Q0_25,0,1,2
9,377,87587,232,123,3,5,3,3,0.61702128,Q50_75,0,2,3
9,377,12878,34,60,3,5,2,2,0.09042553,Q0_25,0,1,2
9,377,2964,7,325,3,4,1,3,0.01861702,Q0_25,0,0,3
9,377,81771,216,339,3,5,3,3,0.57446809,Q50_75,0,0,3
9,377,54634,144,346,3,5,3,3,0.38297872,Q25_50,0,0,3
9,377,108397,287,198,3,6,3,3,0.76329787,Q75_100,0,0,3
9,377,41193,109,100,3,5,3,3,0.28989362,Q25_50,0,0,3
9,377,98916,262,142,3,5,3,3,0.69680851,Q50_75,0,2,3
9,377,21304,56,192,3,5,2,3,0.14893617,Q0_25,0,1,3
9,377,120611,319,348,3,6,3,3,0.84840426,Q75_100,0,0,3
9,377,104546,277,117,3,6,3,3,0.73670213,Q50_75,0,0,3
9,377,140645,373,24,3,6,3,2,0.99202128,Q75_100,0,0,2
9,377,31899,84,231,3,5,2,3,0.22340426,Q0_25,0,1,3
9,377,41585,110,115,3,5,3,3,0.29255319,Q25_50,0,0,3
9,377,55603,147,184,3,5,3,3,0.39095745,Q25_50,0,1,3
9,377,113958,302,104,3,6,3,3,0.80319149,Q75_100,0,0,3
9,377,34036,90,106,3,5,2,3,0.2393617,Q0_25,0,1,3
9,377,129588,343,277,3,6,3,3,0.91223404,Q75_100,0,1,3
9,377,140661,373,40,3,6,3,2,0.99202128,Q75_100,0,0,2
9,377,43597,115,242,3,5,3,3,0.30585106,Q25_50,0,1,3
9,377,72632,192,248,3,5,3,3,0.5106383,Q50_75,0,1,3
9,377,103626,274,328,3,6,3,3,0.7287234,Q50_75,0,0,3
9,377,9516,25,91,3,4,2,2,0.06648936,Q0_25,0,0,2
9,377,127645,338,219,3,6,3,3,0.89893617,Q75_100,0,1,3
9,377,141291,374,293,3,6,3,3,0.99468085,Q75_100,0,1,3
9,377,113237,300,137,3,6,3,3,0.79787234,Q75_100,0,0,3
9,377,8986,23,315,3,4,2,3,0.06117021,Q0_25,0,1,3
9,377,24359,64,231,3,5,2,3,0.17021277,Q0_25,0,2,3
9,377,109869,291,162,3,6,3,3,0.77393617,Q75_100,0,0,3
9,377,49228,130,218,3,5,3,3,0.34574468,Q25_50,0,2,3
9,377,26949,71,182,3,5,2,3,0.18882979,Q0_25,0,1,3
9,377,110179,292,95,3,6,3,2,0.77659574,Q75_100,0,0,2
9,377,42156,111,309,3,5,3,3,0.29521277,Q25_50,0,0,3
9,377,123559,327,280,3,6,3,3,0.86968085,Q75_100,0,1,3
9,377,18930,50,80,3,5,2,2,0.13297872,Q0_25,0,1,2
9,377,111482,295,267,3,6,3,3,0.78457447,Q75_100,0,0,3
9,377,56192,149,19,3,5,3,2,0.3962766,Q25_50,0,0,2
9,377,99377,263,226,3,5,3,3,0.69946809,Q50_75,0,1,3
9,377,39972,106,10,3,5,3,2,0.28191489,Q25_50,0,0,2
9,377,14524,38,198,3,5,2,3,0.10106383,Q0_25,0,1,3
9,377,66479,176,127,3,5,3,3,0.46808511,Q25_50,0,2,3
9,377,131166,347,347,3,6,3,3,0.92287234,Q75_100,0,0,3
9,377,117206,310,336,3,6,3,3,0.82446809,Q75_100,0,0,3
9,377,79184,210,14,3,5,3,2,0.55851064,Q50_75,0,0,2
9,377,68979,182,365,3,5,3,3,0.48404255,Q25_50,0,1,3
9,377,117716,312,92,3,6,3,2,0.82978723,Q75_100,0,0,2
9,377,60459,160,139,3,5,3,3,0.42553191,Q25_50,0,1,3
9,377,52043,138,17,3,5,3,2,0.36702128,Q25_50,0,0,2
9,377,141177,374,179,3,6,3,3,0.99468085,Q75_100,0,0,3
9,377,123987,328,331,3,6,3,3,0.87234043,Q75_100,0,1,3
9,377,6898,18,112,3,4,2,3,0.04787234,Q0_25,0,1,3
9,377,67784,179,301,3,5,3,3,0.47606383,Q25_50,0,0,3
9,377,33210,88,34,3,5,2,2,0.23404255,Q0_25,0,0,2
9,377,80648,213,347,3,5,3,3,0.56648936,Q50_75,0,0,3
9,377,60219,159,276,3,5,3,3,0.42287234,Q25_50,0,1,3
9,377,129203,342,269,3,6,3,3,0.90957447,Q75_100,0,2,3
9,377,139695,370,205,3,6,3,3,0.98404255,Q75_100,0,1,3
9,377,62225,165,20,3,5,3,2,0.43882979,Q25_50,0,0,2
9,377,98716,261,319,3,5,3,3,0.69414894,Q50_75,0,0,3
9,377,58204,154,146,3,5,3,3,0.40957447,Q25_50,0,2,3
9,377,19437,51,210,3,5,2,3,0.1356383,Q0_25,0,1,3
9,377,60720,161,23,3,5,3,2,0.42819149,Q25_50,0,0,2
9,377,85584,227,5,3,5,3,1,0.6037234,Q50_75,0,0,1
9,377,119935,318,49,3,6,3,2,0.84574468,Q75_100,0,0,2
9,377,40309,106,347,3,5,3,3,0.28191489,Q25_50,0,0,3
9,377,114029,302,175,3,6,3,3,0.80319149,Q75_100,0,1,3
9,377,97309,258,43,3,5,3,2,0.68617021,Q50_75,0,0,2
9,377,70562,187,63,3,5,3,2,0.49734043,Q25_50,0,1,2
9,377,64827,171,360,3,5,3,3,0.45478723,Q25_50,0,1,3
9,377,66301,175,326,3,5,3,3,0.46542553,Q25_50,0,0,3
9,377,135012,358,46,3,6,3,2,0.95212766,Q75_100,0,0,2
9,377,102102,270,312,3,6,3,3,0.71808511,Q50_75,0,0,3
9,377,71383,189,130,3,5,3,3,0.50265957,Q50_75,0,0,3
9,377,34517,91,210,3,5,2,3,0.24202128,Q0_25,0,1,3
9,377,108284,287,85,3,6,3,2,0.76329787,Q75_100,0,0,2
9,377,47571,126,69,3,5,3,2,0.33510638,Q25_50,0,0,2
9,377,100340,266,58,3,6,3,2,0.70744681,Q50_75,0,0,2
9,377,112334,297,365,3,6,3,3,0.78989362,Q75_100,0,0,3
9,377,16843,44,255,3,5,2,3,0.11702128,Q0_25,0,1,3
9,377,88509,234,291,3,5,3,3,0.62234043,Q50_75,0,0,3
9,377,66060,175,85,3,5,3,2,0.46542553,Q25_50,0,0,2
9,377,36992,98,46,3,5,2,2,0.2606383,Q25_50,0,0,2
9,377,25760,68,124,3,5,2,3,0.18085106,Q0_25,1,3,3
9,377,75210,199,187,3,5,3,3,0.52925532,Q50_75,0,1,3
9,377,62931,166,349,3,5,3,3,0.44148936,Q25_50,0,0,3
9,377,29194,77,165,3,5,2,3,0.20478723,Q0_25,0,1,3
9,377,7992,21,75,3,4,2,2,0.05585106,Q0_25,0,0,2
9,377,80032,212,108,3,5,3,3,0.56382979,Q50_75,0,0,3
9,377,16530,43,319,3,5,2,3,0.1143617,Q0_25,0,0,3
9,377,34755,92,71,3,5,2,2,0.24468085,Q0_25,0,0,2
9,377,132805,352,101,3,6,3,3,0.93617021,Q75_100,0,1,3
9,377,96612,256,100,3,5,3,3,0.68085106,Q50_75,0,1,3
9,377,125608,333,67,3,6,3,2,0.8856383,Q75_100,0,0,2
9,377,25728,68,92,3,5,2,2,0.18085106,Q0_25,0,0,2
9,377,18996,50,146,3,5,2,3,0.13297872,Q0_25,0,1,3
9,377,64842,171,375,3,5,3,3,0.45478723,Q25_50,0,0,3
9,377,32930,87,131,3,5,2,3,0.23138298,Q0_25,0,1,3
9,377,78842,209,49,3,5,3,2,0.55585106,Q50_75,0,0,2
9,377,95058,252,54,3,5,3,2,0.67021277,Q50_75,0,0,2
9,377,70511,187,12,3,5,3,2,0.49734043,Q25_50,0,0,2
9,377,136552,362,78,3,6,3,2,0.96276596,Q75_100,0,0,2
9,377,98731,261,334,3,5,3,3,0.69414894,Q50_75,0,0,3
9,377,52092,138,66,3,5,3,2,0.36702128,Q25_50,0,0,2
9,377,95681,253,300,3,5,3,3,0.67287234,Q50_75,0,0,3
9,377,68158,180,298,3,5,3,3,0.4787234,Q25_50,0,0,3
9,377,23948,63,197,3,5,2,3,0.16755319,Q0_25,0,0,3
9,377,67794,179,311,3,5,3,3,0.47606383,Q25_50,0,0,3
9,377,46650,123,279,3,5,3,3,0.32712766,Q25_50,0,1,3
9,377,103584,274,286,3,6,3,3,0.7287234,Q50_75,0,1,3
9,377,89085,236,113,3,5,3,3,0.62765957,Q50_75,0,1,3
9,377,132195,350,245,3,6,3,3,0.93085106,Q75_100,0,1,3
9,377,133754,354,296,3,6,3,3,0.94148936,Q75_100,0,1,3
9,377,69715,184,347,3,5,3,3,0.4893617,Q25_50,0,0,3
9,377,83234,220,294,3,5,3,3,0.58510638,Q50_75,0,1,3
9,377,67854,179,371,3,5,3,3,0.47606383,Q25_50,0,0,3
9,377,118571,314,193,3,6,3,3,0.83510638,Q75_100,0,0,3
9,377,86976,230,266,3,5,3,3,0.61170213,Q50_75,0,1,3
9,377,133104,353,23,3,6,3,2,0.93882979,Q75_100,0,0,2
9,377,102305,271,138,3,6,3,3,0.72074468,Q50_75,0,0,3
9,377,38705,102,251,3,5,3,3,0.2712766,Q25_50,0,1,3
9,377,139507,370,17,3,6,3,2,0.98404255,Q75_100,0,0,2
9,377,19401,51,174,3,5,2,3,0.1356383,Q0_25,0,1,3
9,377,110982,294,144,3,6,3,3,0.78191489,Q75_100,0,0,3
9,377,35614,94,176,3,5,2,3,0.25,Q25_50,0,0,3
9,377,135708,359,365,3,6,3,3,0.95478723,Q75_100,0,1,3
9,377,113722,301,245,3,6,3,3,0.80053191,Q75_100,0,1,3
9,377,111866,296,274,3,6,3,3,0.78723404,Q75_100,0,2,3
9,377,131962,350,12,3,6,3,2,0.93085106,Q75_100,0,0,2
9,377,6458,17,49,3,4,2,2,0.04521277,Q0_25,0,0,2
9,377,84330,223,259,3,5,3,3,0.59308511,Q50_75,0,1,3
9,377,56052,148,256,3,5,3,3,0.39361702,Q25_50,0,1,3
9,377,36809,97,240,3,5,2,3,0.25797872,Q25_50,0,1,3
9,377,4403,11,256,3,4,2,3,0.02925532,Q0_25,0,1,3
9,377,99448,263,297,3,5,3,3,0.69946809,Q50_75,0,1,3
9,377,95818,254,60,3,5,3,2,0.67553191,Q50_75,0,0,2
9,377,118984,315,229,3,6,3,3,0.83776596,Q75_100,0,1,3
9,377,112534,298,188,3,6,3,3,0.79255319,Q75_100,0,0,3
9,377,92090,244,102,3,5,3,3,0.64893617,Q50_75,0,2,3
9,377,28091,74,193,3,5,2,3,0.19680851,Q0_25,0,1,3
9,377,12672,33,231,3,5,2,3,0.08776596,Q0_25,0,2,3
9,377,5971,15,316,3,4,2,3,0.03989362,Q0_25,0,1,3
9,377,102353,271,186,3,6,3,3,0.72074468,Q50_75,0,0,3
9,377,127497,338,71,3,6,3,2,0.89893617,Q75_100,0,0,2
9,377,51875,137,226,3,5,3,3,0.3643617,Q25_50,1,3,3
9,377,5731,15,76,3,4,2,2,0.03989362,Q0_25,0,0,2
9,377,85267,226,65,3,5,3,2,0.60106383,Q50_75,0,0,2
9,377,23190,61,193,3,5,2,3,0.16223404,Q0_25,0,1,3
9,377,24529,65,24,3,5,2,2,0.17287234,Q0_25,0,0,2
9,377,74630,197,361,3,5,3,3,0.52393617,Q50_75,0,0,3
9,377,123394,327,115,3,6,3,3,0.86968085,Q75_100,0,2,3
9,377,83790,222,96,3,5,3,2,0.59042553,Q50_75,0,0,2
9,377,129796,344,108,3,6,3,3,0.91489362,Q75_100,0,0,3
9,377,128446,340,266,3,6,3,3,0.90425532,Q75_100,0,1,3
9,377,134414,356,202,3,6,3,3,0.94680851,Q75_100,0,1,3
9,377,108612,288,36,3,6,3,2,0.76595745,Q75_100,0,0,2
9,377,105279,279,96,3,6,3,2,0.74202128,Q50_75,0,0,2
9,377,112396,298,50,3,6,3,2,0.79255319,Q75_100,0,1,2
9,377,82666,219,103,3,5,3,3,0.58244681,Q50_75,0,1,3
9,377,13717,36,145,3,5,2,3,0.09574468,Q0_25,0,0,3
9,377,42378,112,154,3,5,3,3,0.29787234,Q25_50,0,1,3
9,377,2770,7,131,3,4,1,3,0.01861702,Q0_25,0,1,3
9,377,16792,44,204,3,5,2,3,0.11702128,Q0_25,0,1,3
9,377,89527,237,178,3,5,3,3,0.63031915,Q50_75,0,1,3
9,377,53807,142,273,3,5,3,3,0.37765957,Q25_50,0,1,3
9,377,129469,343,158,3,6,3,3,0.91223404,Q75_100,0,0,3
9,377,20837,55,102,3,5,2,3,0.1462766,Q0_25,0,0,3
9,377,45092,119,229,3,5,3,3,0.31648936,Q25_50,0,2,3
9,377,38866,103,35,3,5,3,2,0.27393617,Q25_50,0,0,2
9,377,105806,280,246,3,6,3,3,0.74468085,Q50_75,0,1,3
9,377,102047,270,257,3,6,3,3,0.71808511,Q50_75,0,1,3
9,377,90445,239,342,3,5,3,3,0.6356383,Q50_75,0,0,3
9,377,54224,143,313,3,5,3,3,0.38031915,Q25_50,0,0,3
9,377,92019,244,31,3,5,3,2,0.64893617,Q50_75,0,1,2
9,377,6087,16,55,3,4,2,2,0.04255319,Q0_25,0,0,2
9,377,139113,369,0,3,6,3,1,0.98138298,Q75_100,0,0,1
9,377,23892,63,141,3,5,2,3,0.16755319,Q0_25,0,1,3
9,377,14847,39,144,3,5,2,3,0.1037234,Q0_25,0,0,3
9,377,35567,94,129,3,5,2,3,0.25,Q25_50,0,2,3
9,377,24116,63,365,3,5,2,3,0.16755319,Q0_25,0,0,3
9,377,6271,16,239,3,4,2,3,0.04255319,Q0_25,0,0,3
9,377,104083,276,31,3,6,3,2,0.73404255,Q50_75,0,0,2
9,377,123943,328,287,3,6,3,3,0.87234043,Q75_100,0,1,3
9,377,38431,101,354,3,5,3,3,0.26861702,Q25_50,0,0,3
9,377,119789,317,280,3,6,3,3,0.84308511,Q75_100,0,1,3
9,377,54313,144,25,3,5,3,2,0.38297872,Q25_50,0,0,2
9,377,109614,290,284,3,6,3,3,0.7712766,Q75_100,0,1,3
9,377,80193,212,269,3,5,3,3,0.56382979,Q50_75,0,1,3
9,377,141608,375,233,3,6,3,3,0.99734043,Q75_100,0,1,3
9,377,45815,121,198,3,5,3,3,0.32180851,Q25_50,0,1,3
9,377,24867,65,362,3,5,2,3,0.17287234,Q0_25,0,0,3
9,377,133790,354,332,3,6,3,3,0.94148936,Q75_100,0,0,3
9,377,93603,248,107,3,5,3,3,0.65957447,Q50_75,0,1,3
9,377,98711,261,314,3,5,3,3,0.69414894,Q50_75,0,0,3
9,377,35484,94,46,3,5,2,2,0.25,Q25_50,0,0,2
9,377,7429,19,266,3,4,2,3,0.05053191,Q0_25,0,1,3
9,377,70859,187,360,3,5,3,3,0.49734043,Q25_50,0,1,3
9,377,101332,268,296,3,6,3,3,0.71276596,Q50_75,0,1,3
9,377,95736,253,355,3,5,3,3,0.67287234,Q50_75,0,0,3
9,377,10614,28,58,3,5,2,2,0.07446809,Q0_25,0,0,2
9,377,1736,4,228,3,4,1,3,0.0106383,Q0_25,0,1,3
9,377,101423,269,10,3,6,3,2,0.71542553,Q50_75,0,0,2
9,377,92878,246,136,3,5,3,3,0.65425532,Q50_75,0,0,3
9,377,30486,80,326,3,5,2,3,0.21276596,Q0_25,0,0,3
9,377,8122,21,205,3,4,2,3,0.05585106,Q0_25,0,1,3
9,377,86106,228,150,3,5,3,3,0.60638298,Q50_75,0,1,3
9,377,46412,123,41,3,5,3,2,0.32712766,Q25_50,0,0,2
9,377,42947,113,346,3,5,3,3,0.30053191,Q25_50,0,1,3
9,377,125027,331,240,3,6,3,3,0.88031915,Q75_100,0,1,3
9,377,89078,236,106,3,5,3,3,0.62765957,Q50_75,0,0,3
9,377,66694,176,342,3,5,3,3,0.46808511,Q25_50,0,0,3
9,377,128412,340,232,3,6,3,3,0.90425532,Q75_100,0,1,3
9,377,34497,91,190,3,5,2,3,0.24202128,Q0_25,0,1,3
9,377,67699,179,216,3,5,3,3,0.47606383,Q25_50,0,1,3
9,377,83204,220,264,3,5,3,3,0.58510638,Q50_75,0,2,3
9,377,92556,245,191,3,5,3,3,0.65159574,Q50_75,0,1,3
9,377,135173,358,207,3,6,3,3,0.95212766,Q75_100,0,1,3
9,377,5518,14,240,3,4,2,3,0.03723404,Q0_25,0,1,3
9,377,63873,169,160,3,5,3,3,0.44946809,Q25_50,0,1,3
9,377,28059,74,161,3,5,2,3,0.19680851,Q0_25,0,2,3
9,377,84215,223,144,3,5,3,3,0.59308511,Q50_75,0,1,3
9,377,102845,272,301,3,6,3,3,0.72340426,Q50_75,0,1,3
9,377,106118,281,181,3,6,3,3,0.74734043,Q50_75,0,0,3
9,377,66198,175,223,3,5,3,3,0.46542553,Q25_50,0,0,3
9,377,17998,47,279,3,5,2,3,0.125,Q0_25,0,1,3
9,377,104346,276,294,3,6,3,3,0.73404255,Q50_75,0,1,3
9,377,67088,177,359,3,5,3,3,0.47074468,Q25_50,0,0,3
9,377,49045,130,35,3,5,3,2,0.34574468,Q25_50,0,0,2
9,377,132966,352,262,3,6,3,3,0.93617021,Q75_100,0,1,3
9,377,116350,308,234,3,6,3,3,0.81914894,Q75_100,0,1,3
9,377,132115,350,165,3,6,3,3,0.93085106,Q75_100,0,0,3
9,377,8357,22,63,3,4,2,2,0.05851064,Q0_25,0,1,2
9,377,3973,10,203,3,4,2,3,0.02659574,Q0_25,0,0,3
9,377,97486,258,220,3,5,3,3,0.68617021,Q50_75,0,2,3
9,377,120471,319,208,3,6,3,3,0.84840426,Q75_100,0,1,3
9,377,88726,235,131,3,5,3,3,0.625,Q50_75,0,2,3
9,377,68793,182,179,3,5,3,3,0.48404255,Q25_50,0,2,3
9,377,132074,350,124,3,6,3,3,0.93085106,Q75_100,0,1,3
9,377,54510,144,222,3,5,3,3,0.38297872,Q25_50,0,1,3
9,377,33492,88,316,3,5,2,3,0.23404255,Q0_25,0,0,3
9,377,100354,266,72,3,6,3,2,0.70744681,Q50_75,0,0,2
9,377,123479,327,200,3,6,3,3,0.86968085,Q75_100,0,1,3
9,377,43354,114,376,3,5,3,3,0.30319149,Q25_50,0,0,3
9,377,56443,149,270,3,5,3,3,0.3962766,Q25_50,0,1,3
9,377,130210,345,145,3,6,3,3,0.91755319,Q75_100,0,0,3
9,377,29211,77,182,3,5,2,3,0.20478723,Q0_25,0,1,3
9,377,11271,29,338,3,5,2,3,0.07712766,Q0_25,0,0,3
9,377,7506,19,343,3,4,2,3,0.05053191,Q0_25,0,2,3
9,377,93457,247,338,3,5,3,3,0.65691489,Q50_75,0,0,3
9,377,135432,359,89,3,6,3,2,0.95478723,Q75_100,0,0,2
9,377,39975,106,13,3,5,3,2,0.28191489,Q25_50,0,0,2
9,377,97016,257,127,3,5,3,3,0.68351064,Q50_75,0,0,3
9,377,35130,93,69,3,5,2,2,0.24734043,Q0_25,0,1,2
9,377,72087,191,80,3,5,3,2,0.50797872,Q50_75,0,0,2
9,377,42838,113,237,3,5,3,3,0.30053191,Q25_50,0,2,3
9,377,137184,363,333,3,6,3,3,0.96542553,Q75_100,0,0,3
9,377,114030,302,176,3,6,3,3,0.80319149,Q75_100,0,0,3
9,377,55336,146,294,3,5,3,3,0.38829787,Q25_50,0,1,3
9,377,106925,283,234,3,6,3,3,0.75265957,Q75_100,0,1,3
9,377,108486,287,287,3,6,3,3,0.76329787,Q75_100,0,1,3
9,377,31983,84,315,3,5,2,3,0.22340426,Q0_25,0,1,3
9,377,75880,201,103,3,5,3,3,0.53457447,Q50_75,0,0,3
9,377,20494,54,136,3,5,2,3,0.14361702,Q0_25,0,2,3
9,377,114922,304,314,3,6,3,3,0.80851064,Q75_100,0,1,3
9,377,118068,313,67,3,6,3,2,0.83244681,Q75_100,0,0,2
9,377,125206,332,42,3,6,3,2,0.88297872,Q75_100,0,0,2
9,377,114206,302,352,3,6,3,3,0.80319149,Q75_100,0,0,3
9,377,38760,102,306,3,5,3,3,0.2712766,Q25_50,0,0,3
9,377,56446,149,273,3,5,3,3,0.3962766,Q25_50,0,1,3
9,377,128634,341,77,3,6,3,2,0.90691489,Q75_100,0,0,2
9,377,15087,40,7,3,5,2,1,0.10638298,Q0_25,0,0,1
9,377,34653,91,346,3,5,2,3,0.24202128,Q0_25,0,0,3
9,377,25303,67,44,3,5,2,2,0.17819149,Q0_25,0,0,2
9,377,26221,69,208,3,5,2,3,0.18351064,Q0_25,0,2,3
9,377,101,0,101,3,3,1,3,0.0,Q0_25,0,1,3
9,377,48829,129,196,3,5,3,3,0.34308511,Q25_50,0,0,3
9,377,27723,73,202,3,5,2,3,0.19414894,Q0_25,0,1,3
9,377,122706,325,181,3,6,3,3,0.8643617,Q75_100,0,0,3
9,377,66565,176,213,3,5,3,3,0.46808511,Q25_50,0,0,3
9,377,105510,279,327,3,6,3,3,0.74202128,Q50_75,0,0,3
9,377,141079,374,81,3,6,3,2,0.99468085,Q75_100,0,0,2
9,377,125330,332,166,3,6,3,3,0.88297872,Q75_100,0,0,3
9,377,73699,195,184,3,5,3,3,0.51861702,Q50_75,0,1,3
9,377,4805,12,281,3,4,2,3,0.03191489,Q0_25,0,0,3
9,377,135429,359,86,3,6,3,2,0.95478723,Q75_100,0,1,2
9,377,1527,4,19,3,4,1,2,0.0106383,Q0_25,0,0,2
9,377,49763,131,376,3,5,3,3,0.34840426,Q25_50,0,0,3
9,377,54159,143,248,3,5,3,3,0.38031915,Q25_50,0,1,3
9,377,102210,271,43,3,6,3,2,0.72074468,Q50_75,0,0,2
9,377,131981,350,31,3,6,3,2,0.93085106,Q75_100,0,0,2
9,377,59936,158,370,3,5,3,3,0.42021277,Q25_50,0,0,3
9,377,130619,346,177,3,6,3,3,0.92021277,Q75_100,0,0,3
9,377,22471,59,228,3,5,2,3,0.15691489,Q0_25,0,2,3
9,377,33069,87,270,3,5,2,3,0.23138298,Q0_25,0,2,3
9,377,65252,173,31,3,5,3,2,0.46010638,Q25_50,0,0,2
9,377,102901,272,357,3,6,3,3,0.72340426,Q50_75,0,0,3
9,377,79896,211,349,3,5,3,3,0.56117021,Q50_75,0,0,3
9,377,28325,75,50,3,5,2,2,0.19946809,Q0_25,0,0,2
9,377,50739,134,221,3,5,3,3,0.35638298,Q25_50,0,1,3
9,377,113751,301,274,3,6,3,3,0.80053191,Q75_100,0,2,3
9,377,109939,291,232,3,6,3,3,0.77393617,Q75_100,0,1,3
9,377,140244,372,0,3,6,3,1,0.9893617,Q75_100,0,0,1
9,377,114424,303,193,3,6,3,3,0.80585106,Q75_100,0,0,3
9,377,20654,54,296,3,5,2,3,0.14361702,Q0_25,0,1,3
9,377,58266,154,208,3,5,3,3,0.40957447,Q25_50,0,1,3
9,377,68045,180,185,3,5,3,3,0.4787234,Q25_50,0,2,3
9,377,101544,269,131,3,6,3,3,0.71542553,Q50_75,0,1,3
9,377,108090,286,268,3,6,3,3,0.7606383,Q75_100,0,1,3
9,377,52611,139,208,3,5,3,3,0.36968085,Q25_50,0,1,3
9,377,125432,332,268,3,6,3,3,0.88297872,Q75_100,0,1,3
9,377,75223,199,200,3,5,3,3,0.52925532,Q50_75,0,2,3
9,377,25497,67,238,3,5,2,3,0.17819149,Q0_25,0,2,3
9,377,79107,209,314,3,5,3,3,0.55585106,Q50_75,0,0,3
9,377,118308,313,307,3,6,3,3,0.83244681,Q75_100,0,0,3
9,377,99857,264,329,3,5,3,3,0.70212766,Q50_75,0,0,3
9,377,21496,57,7,3,5,2,1,0.15159574,Q0_25,0,0,1
9,377,124922,331,135,3,6,3,3,0.88031915,Q75_100,0,0,3
9,377,5829,15,174,3,4,2,3,0.03989362,Q0_25,0,1,3
9,377,113256,300,156,3,6,3,3,0.79787234,Q75_100,0,0,3
9,377,106907,283,216,3,6,3,3,0.75265957,Q75_100,0,2,3
9,377,119049,315,294,3,6,3,3,0.83776596,Q75_100,0,2,3
9,377,75259,199,236,3,5,3,3,0.52925532,Q50_75,0,2,3
9,377,22160,58,294,3,5,2,3,0.15425532,Q0_25,0,0,3
9,377,76039,201,262,3,5,3,3,0.53457447,Q50_75,0,1,3
9,377,135499,359,156,3,6,3,3,0.95478723,Q75_100,0,1,3
9,377,36370,96,178,3,5,2,3,0.25531915,Q25_50,0,0,3
9,377,48230,127,351,3,5,3,3,0.33776596,Q25_50,0,0,3
9,377,100513,266,231,3,6,3,3,0.70744681,Q50_75,0,1,3
9,377,89342,236,370,3,5,3,3,0.62765957,Q50_75,0,0,3
9,377,51222,135,327,3,5,3,3,0.35904255,Q25_50,0,0,3
9,377,63850,169,137,3,5,3,3,0.44946809,Q25_50,0,1,3
9,377,86341,229,8,3,5,3,1,0.60904255,Q50_75,0,0,1
9,377,15569,41,112,3,5,2,3,0.10904255,Q0_25,0,2,3
9,377,50277,133,136,3,5,3,3,0.3537234,Q25_50,0,1,3
9,377,120904,320,264,3,6,3,3,0.85106383,Q75_100,0,0,3
9,377,59101,156,289,3,5,3,3,0.41489362,Q25_50,0,1,3
9,377,70809,187,310,3,5,3,3,0.49734043,Q25_50,0,0,3
9,377,16321,43,110,3,5,2,3,0.1143617,Q0_25,0,0,3
9,377,129155,342,221,3,6,3,3,0.90957447,Q75_100,1,3,3
9,377,66384,176,32,3,5,3,2,0.46808511,Q25_50,0,0,2
9,377,20349,53,368,3,5,2,3,0.14095745,Q0_25,0,1,3
9,377,139326,369,213,3,6,3,3,0.98138298,Q75_100,0,1,3
9,377,12564,33,123,3,5,2,3,0.08776596,Q0_25,1,3,3
9,377,137681,365,76,3,6,3,2,0.97074468,Q75_100,0,0,2
9,377,85922,227,343,3,5,3,3,0.6037234,Q50_75,0,0,3
9,377,54731,145,66,3,5,3,2,0.3856383,Q25_50,0,0,2
9,377,195,0,195,3,3,1,3,0.0,Q0_25,0,1,3
9,377,44676,118,190,3,5,3,3,0.31382979,Q25_50,0,1,3
9,377,91247,242,13,3,5,3,2,0.64361702,Q50_75,0,0,2
9,377,33672,89,119,3,5,2,3,0.23670213,Q0_25,0,1,3
9,377,131293,348,97,3,6,3,2,0.92553191,Q75_100,0,0,2
9,377,65600,174,2,3,5,3,1,0.46276596,Q25_50,0,0,1
9,377,53107,140,327,3,5,3,3,0.37234043,Q25_50,0,0,3
9,377,81305,215,250,3,5,3,3,0.57180851,Q50_75,0,2,3
9,377,112126,297,157,3,6,3,3,0.78989362,Q75_100,0,0,3
9,377,72268,191,261,3,5,3,3,0.50797872,Q50_75,0,2,3
9,377,20964,55,229,3,5,2,3,0.1462766,Q0_25,0,2,3
9,377,112789,299,66,3,6,3,2,0.79521277,Q75_100,0,0,2
9,377,89141,236,169,3,5,3,3,0.62765957,Q50_75,0,2,3
9,377,36323,96,131,3,5,2,3,0.25531915,Q25_50,0,1,3
9,377,129396,343,85,3,6,3,2,0.91223404,Q75_100,0,0,2
9,377,117574,311,327,3,6,3,3,0.82712766,Q75_100,0,1,3
9,377,70236,186,114,3,5,3,3,0.49468085,Q25_50,0,1,3
9,377,96757,256,245,3,5,3,3,0.68085106,Q50_75,0,1,3
9,377,106588,282,274,3,6,3,3,0.75,Q75_100,0,0,3
9,377,53289,141,132,3,5,3,3,0.375,Q25_50,0,0,3
9,377,103126,273,205,3,6,3,3,0.72606383,Q50_75,0,2,3
9,377,95833,254,75,3,5,3,2,0.67553191,Q50_75,0,0,2
9,377,137876,365,271,3,6,3,3,0.97074468,Q75_100,0,2,3
9,377,139564,370,74,3,6,3,2,0.98404255,Q75_100,0,0,2
9,377,56112,148,316,3,5,3,3,0.39361702,Q25_50,0,0,3
9,377,120892,320,252,3,6,3,3,0.85106383,Q75_100,0,0,3
9,377,109576,290,246,3,6,3,3,0.7712766,Q75_100,0,1,3
9,377,24103,63,352,3,5,2,3,0.16755319,Q0_25,0,0,3
9,377,1972,5,87,3,4,1,2,0.01329787,Q0_25,0,0,2
9,377,114273,303,42,3,6,3,2,0.80585106,Q75_100,0,0,2
9,377,2772,7,133,3,4,1,3,0.01861702,Q0_25,0,1,3
9,377,126509,335,214,3,6,3,3,0.89095745,Q75_100,0,1,3
9,377,102844,272,300,3,6,3,3,0.72340426,Q50_75,0,0,3
9,377,112452,298,106,3,6,3,3,0.79255319,Q75_100,0,1,3
9,377,137779,365,174,3,6,3,3,0.97074468,Q75_100,0,1,3
9,377,8825,23,154,3,4,2,3,0.06117021,Q0_25,0,2,3
9,377,129551,343,240,3,6,3,3,0.91223404,Q75_100,0,1,3
9,377,10488,27,309,3,5,2,3,0.07180851,Q0_25,0,0,3
9,377,8150,21,233,3,4,2,3,0.05585106,Q0_25,0,2,3
9,377,1495,3,364,3,4,1,3,0.00797872,Q0_25,0,1,3
9,377,83859,222,165,3,5,3,3,0.59042553,Q50_75,0,2,3
9,377,124227,329,194,3,6,3,3,0.875,Q75_100,0,0,3
9,377,32830,87,31,3,5,2,2,0.23138298,Q0_25,0,0,2
9,377,134076,355,241,3,6,3,3,0.94414894,Q75_100,0,2,3
9,377,136290,361,193,3,6,3,3,0.96010638,Q75_100,0,0,3
9,377,105242,279,59,3,6,3,2,0.74202128,Q50_75,0,0,2
9,377,97203,257,314,3,5,3,3,0.68351064,Q50_75,0,0,3
9,377,2667,7,28,3,4,1,2,0.01861702,Q0_25,0,0,2
9,377,63723,169,10,3,5,3,2,0.44946809,Q25_50,0,0,2
9,377,111307,295,92,3,6,3,2,0.78457447,Q75_100,0,0,2
9,377,94097,249,224,3,5,3,3,0.66223404,Q50_75,0,1,3
9,377,24847,65,342,3,5,2,3,0.17287234,Q0_25,0,0,3
9,377,91339,242,105,3,5,3,3,0.64361702,Q50_75,0,0,3
9,377,70295,186,173,3,5,3,3,0.49468085,Q25_50,0,0,3
9,377,124759,330,349,3,6,3,3,0.87765957,Q75_100,0,0,3
9,377,41167,109,74,3,5,3,2,0.28989362,Q25_50,0,0,2
9,377,61230,162,156,3,5,3,3,0.43085106,Q25_50,0,0,3
9,377,34773,92,89,3,5,2,2,0.24468085,Q0_25,0,0,2
9,377,59560,157,371,3,5,3,3,0.41755319,Q25_50,0,0,3
9,377,83583,221,266,3,5,3,3,0.58776596,Q50_75,0,1,3
9,377,74448,197,179,3,5,3,3,0.52393617,Q50_75,0,1,3
9,377,94851,251,224,3,5,3,3,0.66755319,Q50_75,0,2,3
9,377,109074,289,121,3,6,3,3,0.76861702,Q75_100,0,1,3
9,377,119659,317,150,3,6,3,3,0.84308511,Q75_100,0,0,3
9,377,7015,18,229,3,4,2,3,0.04787234,Q0_25,0,1,3
9,377,24613,65,108,3,5,2,3,0.17287234,Q0_25,0,0,3
9,377,42531,112,307,3,5,3,3,0.29787234,Q25_50,0,0,3
9,377,5259,13,358,3,4,2,3,0.03457447,Q0_25,0,0,3
9,377,88131,233,290,3,5,3,3,0.61968085,Q50_75,0,1,3
9,377,129898,344,210,3,6,3,3,0.91489362,Q75_100,0,2,3
9,377,34508,91,201,3,5,2,3,0.24202128,Q0_25,0,2,3
9,377,104122,276,70,3,6,3,2,0.73404255,Q50_75,0,0,2
9,377,101293,268,257,3,6,3,3,0.71276596,Q50_75,0,1,3
9,377,130753,346,311,3,6,3,3,0.92021277,Q75_100,0,0,3
9,377,137620,365,15,3,6,3,2,0.97074468,Q75_100,0,0,2
9,377,120644,320,4,3,6,3,1,0.85106383,Q75_100,0,0,1
9,377,46391,123,20,3,5,3,2,0.32712766,Q25_50,0,0,2
9,377,809,2,55,3,3,1,2,0.00531915,Q0_25,0,0,2
9,377,54053,143,142,3,5,3,3,0.38031915,Q25_50,0,1,3
9,377,18134,48,38,3,5,2,2,0.12765957,Q0_25,0,0,2
9,377,11982,31,295,3,5,2,3,0.08244681,Q0_25,0,2,3
9,377,93894,249,21,3,5,3,2,0.66223404,Q50_75,0,0,2
9,377,27397,72,253,3,5,2,3,0.19148936,Q0_25,0,2,3
9,377,67520,179,37,3,5,3,2,0.47606383,Q25_50,0,0,2
9,377,95389,253,8,3,5,3,1,0.67287234,Q50_75,0,0,1
9,377,44506,118,20,3,5,3,2,0.31382979,Q25_50,0,0,2
9,377,55055,146,13,3,5,3,2,0.38829787,Q25_50,0,0,2
9,377,136189,361,92,3,6,3,2,0.96010638,Q75_100,0,0,2
9,377,19126,50,276,3,5,2,3,0.13297872,Q0_25,0,1,3
9,377,37273,98,327,3,5,2,3,0.2606383,Q25_50,0,1,3
9,377,85715,227,136,3,5,3,3,0.6037234,Q50_75,1,3,3
9,377,35498,94,60,3,5,2,2,0.25,Q25_50,0,1,2
9,377,29793,79,10,3,5,2,2,0.21010638,Q0_25,0,0,2
9,377,41640,110,170,3,5,3,3,0.29255319,Q25_50,0,1,3
9,377,1435,3,304,3,4,1,3,0.00797872,Q0_25,0,0,3
9,377,26230,69,217,3,5,2,3,0.18351064,Q0_25,0,2,3
9,377,124636,330,226,3,6,3,3,0.87765957,Q75_100,0,2,3
9,377,13338,35,143,3,5,2,3,0.09308511,Q0_25,0,0,3
9,377,27064,71,297,3,5,2,3,0.18882979,Q0_25,0,1,3
9,377,18947,50,97,3,5,2,2,0.13297872,Q0_25,0,0,2
9,377,116780,309,287,3,6,3,3,0.82180851,Q75_100,0,0,3
9,377,44966,119,103,3,5,3,3,0.31648936,Q25_50,0,1,3
9,377,78118,207,79,3,5,3,2,0.55053191,Q50_75,0,0,2
9,377,1251,3,120,3,4,1,3,0.00797872,Q0_25,0,1,3
9,377,9135,24,87,3,4,2,2,0.06382979,Q0_25,0,0,2
9,377,112312,297,343,3,6,3,3,0.78989362,Q75_100,0,0,3
9,377,23864,63,113,3,5,2,3,0.16755319,Q0_25,0,1,3
9,377,117533,311,286,3,6,3,3,0.82712766,Q75_100,0,0,3
9,377,104537,277,108,3,6,3,3,0.73670213,Q50_75,0,0,3
9,377,52423,139,20,3,5,3,2,0.36968085,Q25_50,0,0,2
9,377,129886,344,198,3,6,3,3,0.91489362,Q75_100,0,0,3
9,377,86058,228,102,3,5,3,3,0.60638298,Q50_75,0,1,3
9,377,102763,272,219,3,6,3,3,0.72340426,Q50_75,0,1,3
9,377,77220,204,312,3,5,3,3,0.54255319,Q50_75,0,0,3
9,377,114402,303,171,3,6,3,3,0.80585106,Q75_100,0,0,3
9,377,1150,3,19,3,4,1,2,0.00797872,Q0_25,0,0,2
9,377,120699,320,59,3,6,3,2,0.85106383,Q75_100,0,0,2
9,377,104741,277,312,3,6,3,3,0.73670213,Q50_75,0,0,3
9,377,102926,273,5,3,6,3,1,0.72606383,Q50_75,0,0,1
9,377,98098,260,78,3,5,3,2,0.69148936,Q50_75,0,0,2
9,377,64918,172,74,3,5,3,2,0.45744681,Q25_50,0,0,2
9,377,71973,190,343,3,5,3,3,0.50531915,Q50_75,0,1,3
9,377,59777,158,211,3,5,3,3,0.42021277,Q25_50,0,2,3
9,377,96243,255,108,3,5,3,3,0.67819149,Q50_75,0,0,3
9,377,47871,126,369,3,5,3,3,0.33510638,Q25_50,0,0,3
9,377,131914,349,341,3,6,3,3,0.92819149,Q75_100,0,1,3
9,377,33671,89,118,3,5,2,3,0.23670213,Q0_25,0,0,3
9,377,55925,148,129,3,5,3,3,0.39361702,Q25_50,0,2,3
9,377,60535,160,215,3,5,3,3,0.42553191,Q25_50,0,1,3
9,377,16466,43,255,3,5,2,3,0.1143617,Q0_25,0,1,3
9,377,27102,71,335,3,5,2,3,0.18882979,Q0_25,0,0,3
9,377,4194,11,47,3,4,2,2,0.02925532,Q0_25,0,0,2
9,377,45945,121,328,3,5,3,3,0.32180851,Q25_50,0,0,3
9,377,35129,93,68,3,5,2,2,0.24734043,Q0_25,0,1,2
9,377,132607,351,280,3,6,3,3,0.93351064,Q75_100,0,1,3
9,377,43710,115,355,3,5,3,3,0.30585106,Q25_50,0,0,3
9,377,113516,301,39,3,6,3,2,0.80053191,Q75_100,0,0,2
9,377,79160,209,367,3,5,3,3,0.55585106,Q50_75,0,0,3
9,377,10793,28,237,3,5,2,3,0.07446809,Q0_25,1,3,3
9,377,51461,136,189,3,5,3,3,0.36170213,Q25_50,0,1,3
9,377,53584,142,50,3,5,3,2,0.37765957,Q25_50,0,1,2
9,377,95538,253,157,3,5,3,3,0.67287234,Q50_75,0,2,3
9,377,67140,178,34,3,5,3,2,0.47340426,Q25_50,0,0,2
9,377,111284,295,69,3,6,3,2,0.78457447,Q75_100,0,0,2
9,377,80901,214,223,3,5,3,3,0.56914894,Q50_75,0,1,3
9,377,72423,192,39,3,5,3,2,0.5106383,Q50_75,0,0,2
9,377,45722,121,105,3,5,3,3,0.32180851,Q25_50,0,1,3
9,377,139974,371,107,3,6,3,3,0.98670213,Q75_100,0,0,3
9,377,85051,225,226,3,5,3,3,0.59840426,Q50_75,1,3,3
9,377,88762,235,167,3,5,3,3,0.625,Q50_75,0,2,3
9,377,29470,78,64,3,5,2,2,0.20744681,Q0_25,0,0,2
9,377,137132,363,281,3,6,3,3,0.96542553,Q75_100,0,1,3
9,377,35126,93,65,3,5,2,2,0.24734043,Q0_25,0,1,2
9,377,39274,104,66,3,5,3,2,0.27659574,Q25_50,0,1,2
9,377,142056,376,304,3,6,3,3,1.0,Q75_100,0,0,3
9,377,101679,269,266,3,6,3,3,0.71542553,Q50_75,0,1,3
9,377,76523,202,369,3,5,3,3,0.53723404,Q50_75,0,0,3
9,377,1304,3,173,3,4,1,3,0.00797872,Q0_25,0,0,3
9,377,29166,77,137,3,5,2,3,0.20478723,Q0_25,0,1,3
9,377,126570,335,275,3,6,3,3,0.89095745,Q75_100,0,1,3
9,377,110876,294,38,3,6,3,2,0.78191489,Q75_100,0,0,2
9,377,65890,174,292,3,5,3,3,0.46276596,Q25_50,0,2,3
9,377,94823,251,196,3,5,3,3,0.66755319,Q50_75,0,1,3
9,377,129943,344,255,3,6,3,3,0.91489362,Q75_100,0,1,3
9,377,89996,238,270,3,5,3,3,0.63297872,Q50_75,0,1,3
9,377,136526,362,52,3,6,3,2,0.96276596,Q75_100,0,0,2
9,377,80496,213,195,3,5,3,3,0.56648936,Q50_75,0,1,3
9,377,39091,103,260,3,5,3,3,0.27393617,Q25_50,0,2,3
9,377,27428,72,284,3,5,2,3,0.19148936,Q0_25,0,1,3
9,377,109291,289,338,3,6,3,3,0.76861702,Q75_100,0,0,3
9,377,19271,51,44,3,5,2,2,0.1356383,Q0_25,0,1,2
9,377,66668,176,316,3,5,3,3,0.46808511,Q25_50,0,0,3
9,377,77942,206,280,3,5,3,3,0.54787234,Q50_75,0,2,3
9,377,71382,189,129,3,5,3,3,0.50265957,Q50_75,0,1,3
9,377,33543,88,367,3,5,2,3,0.23404255,Q0_25,0,1,3
9,377,139259,369,146,3,6,3,3,0.98138298,Q75_100,0,1,3
9,377,28235,74,337,3,5,2,3,0.19680851,Q0_25,0,0,3
9,377,59436,157,247,3,5,3,3,0.41755319,Q25_50,0,1,3
9,377,38306,101,229,3,5,3,3,0.26861702,Q25_50,0,1,3
9,377,81882,217,73,3,5,3,2,0.57712766,Q50_75,0,0,2
9,377,140157,371,290,3,6,3,3,0.98670213,Q75_100,0,1,3
9,377,113364,300,264,3,6,3,3,0.79787234,Q75_100,0,1,3
9,377,97825,259,182,3,5,3,3,0.68882979,Q50_75,0,0,3
9,377,27930,74,32,3,5,2,2,0.19680851,Q0_25,0,1,2
9,377,20653,54,295,3,5,2,3,0.14361702,Q0_25,0,1,3
9,377,141417,375,42,3,6,3,2,0.99734043,Q75_100,0,0,2
9,377,55975,148,179,3,5,3,3,0.39361702,Q25_50,0,2,3
9,377,22403,59,160,3,5,2,3,0.15691489,Q0_25,0,1,3
9,377,62230,165,25,3,5,3,2,0.43882979,Q25_50,0,0,2
9,377,101175,268,139,3,6,3,3,0.71276596,Q50_75,0,1,3
9,377,28288,75,13,3,5,2,2,0.19946809,Q0_25,0,0,2
9,377,24327,64,199,3,5,2,3,0.17021277,Q0_25,0,1,3
9,377,96238,255,103,3,5,3,3,0.67819149,Q50_75,0,0,3
9,377,111932,296,340,3,6,3,3,0.78723404,Q75_100,0,0,3
9,377,65185,172,341,3,5,3,3,0.45744681,Q25_50,0,0,3
9,377,137858,365,253,3,6,3,3,0.97074468,Q75_100,0,0,3
9,377,24582,65,77,3,5,2,2,0.17287234,Q0_25,0,1,2
9,377,44592,118,106,3,5,3,3,0.31382979,Q25_50,0,0,3
9,377,81161,215,106,3,5,3,3,0.57180851,Q50_75,0,0,3
9,377,125143,331,356,3,6,3,3,0.88031915,Q75_100,0,0,3
9,377,18543,49,70,3,5,2,2,0.13031915,Q0_25,0,0,2
9,377,65073,172,229,3,5,3,3,0.45744681,Q25_50,1,3,3
9,377,106675,282,361,3,6,3,3,0.75,Q75_100,0,1,3
9,377,90480,240,0,3,5,3,1,0.63829787,Q50_75,0,0,1
9,377,35493,94,55,3,5,2,2,0.25,Q25_50,0,0,2
9,377,38786,102,332,3,5,3,3,0.2712766,Q25_50,0,1,3
9,377,76231,202,77,3,5,3,2,0.53723404,Q50_75,0,0,2
9,377,68309,181,72,3,5,3,2,0.48138298,Q25_50,0,0,2
9,377,56846,150,296,3,5,3,3,0.39893617,Q25_50,0,1,3
9,377,89979,238,253,3,5,3,3,0.63297872,Q50_75,0,0,3
9,377,141820,376,68,3,6,3,2,1.0,Q75_100,0,0,2
9,377,8653,22,359,3,4,2,3,0.05851064,Q0_25,0,0,3
9,377,81489,216,57,3,5,3,2,0.57446809,Q50_75,0,1,2
9,377,84787,224,339,3,5,3,3,0.59574468,Q50_75,0,0,3
9,377,70901,188,25,3,5,3,2,0.5,Q50_75,0,0,2
9,377,76195,202,41,3,5,3,2,0.53723404,Q50_75,0,0,2
9,377,75293,199,270,3,5,3,3,0.52925532,Q50_75,0,2,3
9,377,87190,231,103,3,5,3,3,0.6143617,Q50_75,0,1,3
9,377,101264,268,228,3,6,3,3,0.71276596,Q50_75,0,1,3
9,377,101362,268,326,3,6,3,3,0.71276596,Q50_75,0,0,3
9,377,110074,291,367,3,6,3,3,0.77393617,Q75_100,0,0,3
9,377,127162,337,113,3,6,3,3,0.8962766,Q75_100,0,0,3
9,377,24850,65,345,3,5,2,3,0.17287234,Q0_25,0,1,3
9,377,102297,271,130,3,6,3,3,0.72074468,Q50_75,0,0,3
9,377,120028,318,142,3,6,3,3,0.84574468,Q75_100,0,0,3
9,377,109401,290,71,3,6,3,2,0.7712766,Q75_100,0,0,2
9,377,53267,141,110,3,5,3,3,0.375,Q25_50,0,1,3
9,377,130920,347,101,3,6,3,3,0.92287234,Q75_100,0,0,3
9,377,7645,20,105,3,4,2,3,0.05319149,Q0_25,0,0,3
9,377,393,1,16,3,3,1,2,0.00265957,Q0_25,0,0,2
9,377,19907,52,303,3,5,2,3,0.13829787,Q0_25,0,0,3
9,377,100051,265,146,3,6,3,3,0.70478723,Q50_75,0,0,3
9,377,48366,128,110,3,5,3,3,0.34042553,Q25_50,0,0,3
9,377,126912,336,240,3,6,3,3,0.89361702,Q75_100,0,1,3
9,377,71032,188,156,3,5,3,3,0.5,Q50_75,0,0,3
9,377,57196,151,269,3,5,3,3,0.40159574,Q25_50,0,1,3
9,377,110895,294,57,3,6,3,2,0.78191489,Q75_100,0,1,2
9,377,25381,67,122,3,5,2,3,0.17819149,Q0_25,0,1,3
9,377,97211,257,322,3,5,3,3,0.68351064,Q50_75,0,0,3
9,377,138106,366,124,3,6,3,3,0.97340426,Q75_100,0,2,3
9,377,104050,275,375,3,6,3,3,0.73138298,Q50_75,0,0,3
9,377,54970,145,305,3,5,3,3,0.3856383,Q25_50,0,0,3
9,377,24456,64,328,3,5,2,3,0.17021277,Q0_25,0,1,3
9,377,65825,174,227,3,5,3,3,0.46276596,Q25_50,0,0,3
9,377,128751,341,194,3,6,3,3,0.90691489,Q75_100,0,0,3
9,377,25233,66,351,3,5,2,3,0.17553191,Q0_25,0,0,3
9,377,14287,37,338,3,5,2,3,0.09840426,Q0_25,0,0,3
9,377,126099,334,181,3,6,3,3,0.88829787,Q75_100,0,0,3
9,377,49777,132,13,3,5,3,2,0.35106383,Q25_50,0,0,2
9,377,2407,6,145,3,4,1,3,0.01595745,Q0_25,0,1,3
9,377,67875,180,15,3,5,3,2,0.4787234,Q25_50,0,0,2
9,377,112909,299,186,3,6,3,3,0.79521277,Q75_100,0,1,3
9,377,110379,292,295,3,6,3,3,0.77659574,Q75_100,0,1,3
9,377,15014,39,311,3,5,2,3,0.1037234,Q0_25,0,0,3
9,377,104242,276,190,3,6,3,3,0.73404255,Q50_75,0,0,3
9,377,6503,17,94,3,4,2,2,0.04521277,Q0_25,0,0,2
9,377,23665,62,291,3,5,2,3,0.16489362,Q0_25,0,1,3
9,377,104165,276,113,3,6,3,3,0.73404255,Q50_75,0,0,3
9,377,2794,7,155,3,4,1,3,0.01861702,Q0_25,0,0,3
9,377,52162,138,136,3,5,3,3,0.36702128,Q25_50,0,2,3
9,377,43691,115,336,3,5,3,3,0.30585106,Q25_50,0,1,3
9,377,84412,223,341,3,5,3,3,0.59308511,Q50_75,0,0,3
9,377,130823,347,4,3,6,3,1,0.92287234,Q75_100,0,0,1
9,377,15183,40,103,3,5,2,3,0.10638298,Q0_25,0,0,3
9,377,103415,274,117,3,6,3,3,0.7287234,Q50_75,0,1,3
9,377,79662,211,115,3,5,3,3,0.56117021,Q50_75,0,1,3
9,377,139921,371,54,3,6,3,2,0.98670213,Q75_100,0,1,2
9,377,73214,194,76,3,5,3,2,0.51595745,Q50_75,0,0,2
9,377,136836,362,362,3,6,3,3,0.96276596,Q75_100,0,0,3
9,377,113334,300,234,3,6,3,3,0.79787234,Q75_100,0,1,3
9,377,94989,251,362,3,5,3,3,0.66755319,Q50_75,0,0,3
9,377,57721,153,40,3,5,3,2,0.40691489,Q25_50,0,0,2
9,377,88569,234,351,3,5,3,3,0.62234043,Q50_75,0,0,3
9,377,108453,287,254,3,6,3,3,0.76329787,Q75_100,0,1,3
9,377,16497,43,286,3,5,2,3,0.1143617,Q0_25,0,1,3
9,377,122392,324,244,3,6,3,3,0.86170213,Q75_100,0,1,3
9,377,135253,358,287,3,6,3,3,0.95212766,Q75_100,0,1,3
9,377,16116,42,282,3,5,2,3,0.11170213,Q0_25,0,0,3
9,377,34190,90,260,3,5,2,3,0.2393617,Q0_25,0,1,3
9,377,122761,325,236,3,6,3,3,0.8643617,Q75_100,0,1,3
9,377,63950,169,237,3,5,3,3,0.44946809,Q25_50,0,2,3
9,377,102186,271,19,3,6,3,2,0.72074468,Q50_75,0,1,2
9,377,32207,85,162,3,5,2,3,0.22606383,Q0_25,0,2,3
9,377,118299,313,298,3,6,3,3,0.83244681,Q75_100,0,1,3
9,377,140431,372,187,3,6,3,3,0.9893617,Q75_100,0,0,3
9,377,101087,268,51,3,6,3,2,0.71276596,Q50_75,0,0,2
9,377,136666,362,192,3,6,3,3,0.96276596,Q75_100,0,0,3
9,377,140509,372,265,3,6,3,3,0.9893617,Q75_100,0,1,3
9,377,120635,319,372,3,6,3,3,0.84840426,Q75_100,0,0,3
9,377,57595,152,291,3,5,3,3,0.40425532,Q25_50,0,1,3
9,377,92199,244,211,3,5,3,3,0.64893617,Q50_75,0,0,3
9,377,11218,29,285,3,5,2,3,0.07712766,Q0_25,0,1,3
9,377,16044,42,210,3,5,2,3,0.11170213,Q0_25,0,2,3
9,377,121408,322,14,3,6,3,2,0.85638298,Q75_100,0,0,2
9,377,80660,213,359,3,5,3,3,0.56648936,Q50_75,0,0,3
9,377,88124,233,283,3,5,3,3,0.61968085,Q50_75,0,1,3
9,377,107299,284,231,3,6,3,3,0.75531915,Q75_100,0,1,3
9,377,88122,233,281,3,5,3,3,0.61968085,Q50_75,0,1,3
9,377,130866,347,47,3,6,3,2,0.92287234,Q75_100,0,0,2
9,377,22916,60,296,3,5,2,3,0.15957447,Q0_25,0,0,3
9,377,122768,325,243,3,6,3,3,0.8643617,Q75_100,0,2,3
9,377,44828,118,342,3,5,3,3,0.31382979,Q25_50,0,0,3
9,377,62144,164,316,3,5,3,3,0.43617021,Q25_50,0,0,3
9,377,2889,7,250,3,4,1,3,0.01861702,Q0_25,0,0,3
9,377,72033,191,26,3,5,3,2,0.50797872,Q50_75,0,0,2
9,377,22229,58,363,3,5,2,3,0.15425532,Q0_25,0,1,3
9,377,31564,83,273,3,5,2,3,0.22074468,Q0_25,0,1,3
9,377,101284,268,248,3,6,3,3,0.71276596,Q50_75,0,1,3
9,377,118450,314,72,3,6,3,2,0.83510638,Q75_100,0,0,2
9,377,76331,202,177,3,5,3,3,0.53723404,Q50_75,0,1,3
9,377,68851,182,237,3,5,3,3,0.48404255,Q25_50,0,2,3
9,377,25486,67,227,3,5,2,3,0.17819149,Q0_25,0,2,3
9,377,103705,275,30,3,6,3,2,0.73138298,Q50_75,0,0,2
9,377,51589,136,317,3,5,3,3,0.36170213,Q25_50,0,0,3
9,377,58584,155,149,3,5,3,3,0.41223404,Q25_50,0,2,3
9,377,53708,142,174,3,5,3,3,0.37765957,Q25_50,0,0,3
9,377,131917,349,344,3,6,3,3,0.92819149,Q75_100,0,1,3
9,377,42438,112,214,3,5,3,3,0.29787234,Q25_50,0,2,3
9,377,37498,99,175,3,5,2,3,0.26329787,Q25_50,0,1,3
9,377,80931,214,253,3,5,3,3,0.56914894,Q50_75,0,1,3
9,377,35589,94,151,3,5,2,3,0.25,Q25_50,0,2,3
9,377,28160,74,262,3,5,2,3,0.19680851,Q0_25,0,1,3
9,377,48010,127,131,3,5,3,3,0.33776596,Q25_50,0,2,3
9,377,11432,30,122,3,5,2,3,0.07978723,Q0_25,0,0,3
9,377,30376,80,216,3,5,2,3,0.21276596,Q0_25,0,1,3
9,377,131335,348,139,3,6,3,3,0.92553191,Q75_100,0,0,3
9,377,125151,331,364,3,6,3,3,0.88031915,Q75_100,0,0,3
9,377,63341,168,5,3,5,3,1,0.44680851,Q25_50,0,0,1
9,377,135538,359,195,3,6,3,3,0.95478723,Q75_100,0,0,3
9,377,126094,334,176,3,6,3,3,0.88829787,Q75_100,0,1,3
9,377,117636,312,12,3,6,3,2,0.82978723,Q75_100,0,0,2
9,377,94565,250,315,3,5,3,3,0.66489362,Q50_75,0,0,3
9,377,53843,142,309,3,5,3,3,0.37765957,Q25_50,0,0,3
9,377,57223,151,296,3,5,3,3,0.40159574,Q25_50,0,1,3
9,377,107815,285,370,3,6,3,3,0.75797872,Q75_100,0,1,3
9,377,129027,342,93,3,6,3,2,0.90957447,Q75_100,0,0,2
9,377,50817,134,299,3,5,3,3,0.35638298,Q25_50,0,1,3
9,377,45515,120,275,3,5,3,3,0.31914894,Q25_50,0,0,3
9,377,126880,336,208,3,6,3,3,0.89361702,Q75_100,0,1,3
9,377,116910,310,40,3,6,3,2,0.82446809,Q75_100,0,0,2
9,377,140881,373,260,3,6,3,3,0.99202128,Q75_100,0,1,3
9,377,88463,234,245,3,5,3,3,0.62234043,Q50_75,0,1,3
9,377,100376,266,94,3,6,3,2,0.70744681,Q50_75,0,0,2
9,377,37590,99,267,3,5,2,3,0.26329787,Q25_50,0,2,3
9,377,77636,205,351,3,5,3,3,0.54521277,Q50_75,0,0,3
9,377,127174,337,125,3,6,3,3,0.8962766,Q75_100,0,1,3
9,377,122861,325,336,3,6,3,3,0.8643617,Q75_100,0,0,3
9,377,65275,173,54,3,5,3,2,0.46010638,Q25_50,0,0,2
9,377,104572,277,143,3,6,3,3,0.73670213,Q50_75,0,0,3
9,377,131632,349,59,3,6,3,2,0.92819149,Q75_100,0,0,2
9,377,105970,281,33,3,6,3,2,0.74734043,Q50_75,0,0,2
9,377,58434,154,376,3,5,3,3,0.40957447,Q25_50,0,0,3
9,377,131305,348,109,3,6,3,3,0.92553191,Q75_100,0,0,3
9,377,123556,327,277,3,6,3,3,0.86968085,Q75_100,0,1,3
9,377,1541,4,33,3,4,1,2,0.0106383,Q0_25,0,1,2
9,377,74134,196,242,3,5,3,3,0.5212766,Q50_75,0,1,3
9,377,93641,248,145,3,5,3,3,0.65957447,Q50_75,0,1,3
9,377,9033,23,362,3,4,2,3,0.06117021,Q0_25,0,1,3
9,377,24381,64,253,3,5,2,3,0.17021277,Q0_25,0,1,3
9,377,124654,330,244,3,6,3,3,0.87765957,Q75_100,0,1,3
9,377,80305,213,4,3,5,3,1,0.56648936,Q50_75,0,0,1
9,377,120763,320,123,3,6,3,3,0.85106383,Q75_100,0,1,3
9,377,21305,56,193,3,5,2,3,0.14893617,Q0_25,0,1,3
9,377,32712,86,290,3,5,2,3,0.2287234,Q0_25,0,0,3
9,377,135977,360,257,3,6,3,3,0.95744681,Q75_100,0,1,3
9,377,90589,240,109,3,5,3,3,0.63829787,Q50_75,0,2,3
9,377,43135,114,157,3,5,3,3,0.30319149,Q25_50,0,1,3
9,377,65487,173,266,3,5,3,3,0.46010638,Q25_50,0,1,3
9,377,140426,372,182,3,6,3,3,0.9893617,Q75_100,0,0,3
9,377,94898,251,271,3,5,3,3,0.66755319,Q50_75,0,2,3
9,377,54885,145,220,3,5,3,3,0.3856383,Q25_50,1,3,3
9,377,54899,145,234,3,5,3,3,0.3856383,Q25_50,1,3,3
9,377,15209,40,129,3,5,2,3,0.10638298,Q0_25,0,1,3
9,377,45392,120,152,3,5,3,3,0.31914894,Q25_50,0,0,3
9,377,52457,139,54,3,5,3,2,0.36968085,Q25_50,0,0,2
9,377,134350,356,138,3,6,3,3,0.94680851,Q75_100,0,0,3
9,377,116307,308,191,3,6,3,3,0.81914894,Q75_100,0,0,3
9,377,132909,352,205,3,6,3,3,0.93617021,Q75_100,0,1,3
9,377,74431,197,162,3,5,3,3,0.52393617,Q50_75,0,0,3
9,377,103333,274,35,3,6,3,2,0.7287234,Q50_75,0,1,2
9,377,4402,11,255,3,4,2,3,0.02925532,Q0_25,0,1,3
9,377,78570,208,154,3,5,3,3,0.55319149,Q50_75,0,2,3
9,377,140662,373,41,3,6,3,2,0.99202128,Q75_100,0,0,2
9,377,115348,305,363,3,6,3,3,0.81117021,Q75_100,0,1,3
9,377,16243,43,32,3,5,2,2,0.1143617,Q0_25,0,0,2
9,377,88137,233,296,3,5,3,3,0.61968085,Q50_75,0,1,3
9,377,74020,196,128,3,5,3,3,0.5212766,Q50_75,0,1,3
9,377,73893,196,1,3,5,3,1,0.5212766,Q50_75,0,0,1
9,377,460,1,83,3,3,1,2,0.00265957,Q0_25,0,1,2
9,377,129528,343,217,3,6,3,3,0.91223404,Q75_100,0,2,3
9,377,78383,207,344,3,5,3,3,0.55053191,Q50_75,0,0,3
9,377,29380,77,351,3,5,2,3,0.20478723,Q0_25,0,0,3
9,377,68828,182,214,3,5,3,3,0.48404255,Q25_50,0,2,3
9,377,112851,299,128,3,6,3,3,0.79521277,Q75_100,0,1,3
9,377,108171,286,349,3,6,3,3,0.7606383,Q75_100,0,0,3
9,377,135614,359,271,3,6,3,3,0.95478723,Q75_100,1,3,3
9,377,41139,109,46,3,5,3,2,0.28989362,Q25_50,0,0,2
9,377,132625,351,298,3,6,3,3,0.93351064,Q75_100,0,1,3
9,377,98022,260,2,3,5,3,1,0.69148936,Q50_75,0,0,1
9,377,141227,374,229,3,6,3,3,0.99468085,Q75_100,0,1,3
9,377,62728,166,146,3,5,3,3,0.44148936,Q25_50,0,1,3
9,377,30687,81,150,3,5,2,3,0.21542553,Q0_25,0,0,3
9,377,27111,71,344,3,5,2,3,0.18882979,Q0_25,0,0,3
9,377,23754,63,3,3,5,2,1,0.16755319,Q0_25,0,0,1
9,377,93369,247,250,3,5,3,3,0.65691489,Q50_75,0,0,3
9,377,105872,280,312,3,6,3,3,0.74468085,Q50_75,0,0,3
9,377,127193,337,144,3,6,3,3,0.8962766,Q75_100,0,1,3
9,377,94821,251,194,3,5,3,3,0.66755319,Q50_75,0,1,3
9,377,23555,62,181,3,5,2,3,0.16489362,Q0_25,0,1,3
9,377,76836,203,305,3,5,3,3,0.53989362,Q50_75,0,0,3
9,377,61736,163,285,3,5,3,3,0.43351064,Q25_50,0,1,3
9,377,25918,68,282,3,5,2,3,0.18085106,Q0_25,0,2,3
9,377,103313,274,15,3,6,3,2,0.7287234,Q50_75,1,2,2
9,377,108658,288,82,3,6,3,2,0.76595745,Q75_100,0,0,2
9,377,122120,323,349,3,6,3,3,0.85904255,Q75_100,0,0,3
9,377,30610,81,73,3,5,2,2,0.21542553,Q0_25,0,0,2
9,377,84129,223,58,3,5,3,2,0.59308511,Q50_75,0,1,2
9,377,126032,334,114,3,6,3,3,0.88829787,Q75_100,0,0,3
9,377,57421,152,117,3,5,3,3,0.40425532,Q25_50,0,1,3
9,377,3714,9,321,3,4,1,3,0.02393617,Q0_25,0,0,3
9,377,12553,33,112,3,5,2,3,0.08776596,Q0_25,0,1,3
9,377,20335,53,354,3,5,2,3,0.14095745,Q0_25,0,0,3
9,377,74263,196,371,3,5,3,3,0.5212766,Q50_75,0,0,3
9,377,31218,82,304,3,5,2,3,0.21808511,Q0_25,0,0,3
9,377,44204,117,95,3,5,3,2,0.31117021,Q25_50,0,0,2
9,377,86560,229,227,3,5,3,3,0.60904255,Q50_75,1,3,3
9,377,7386,19,223,3,4,2,3,0.05053191,Q0_25,0,2,3
9,377,71733,190,103,3,5,3,3,0.50531915,Q50_75,0,1,3
9,377,86065,228,109,3,5,3,3,0.60638298,Q50_75,0,1,3
9,377,103860,275,185,3,6,3,3,0.73138298,Q50_75,0,0,3
9,377,52684,139,281,3,5,3,3,0.36968085,Q25_50,0,1,3
9,377,11568,30,258,3,5,2,3,0.07978723,Q0_25,0,1,3
9,377,32042,84,374,3,5,2,3,0.22340426,Q0_25,0,0,3
9,377,84192,223,121,3,5,3,3,0.59308511,Q50_75,0,0,3
9,377,125342,332,178,3,6,3,3,0.88297872,Q75_100,0,1,3
9,377,73541,195,26,3,5,3,2,0.51861702,Q50_75,0,0,2
9,377,36527,96,335,3,5,2,3,0.25531915,Q25_50,0,0,3
9,377,7681,20,141,3,4,2,3,0.05319149,Q0_25,0,1,3
9,377,50074,132,310,3,5,3,3,0.35106383,Q25_50,0,0,3
9,377,82223,218,37,3,5,3,2,0.57978723,Q50_75,0,0,2
9,377,21333,56,221,3,5,2,3,0.14893617,Q0_25,0,2,3
9,377,111599,296,7,3,6,3,1,0.78723404,Q75_100,0,0,1
9,377,11074,29,141,3,5,2,3,0.07712766,Q0_25,0,0,3
9,377,66722,176,370,3,5,3,3,0.46808511,Q25_50,0,0,3
9,377,111752,296,160,3,6,3,3,0.78723404,Q75_100,0,0,3
9,377,79067,209,274,3,5,3,3,0.55585106,Q50_75,0,1,3
9,377,24339,64,211,3,5,2,3,0.17021277,Q0_25,0,2,3
9,377,80996,214,318,3,5,3,3,0.56914894,Q50_75,0,0,3
9,377,17376,46,34,3,5,2,2,0.12234043,Q0_25,0,1,2
9,377,46971,124,223,3,5,3,3,0.32978723,Q25_50,1,3,3
9,377,96844,256,332,3,5,3,3,0.68085106,Q50_75,0,0,3
9,377,133148,353,67,3,6,3,2,0.93882979,Q75_100,0,0,2
9,377,33319,88,143,3,5,2,3,0.23404255,Q0_25,0,0,3
9,377,22030,58,164,3,5,2,3,0.15425532,Q0_25,1,3,3
9,377,89886,238,160,3,5,3,3,0.63297872,Q50_75,0,1,3
9,377,54206,143,295,3,5,3,3,0.38031915,Q25_50,0,1,3
9,377,23263,61,266,3,5,2,3,0.16223404,Q0_25,0,2,3
9,377,81252,215,197,3,5,3,3,0.57180851,Q50_75,0,1,3
9,377,33736,89,183,3,5,2,3,0.23670213,Q0_25,0,1,3
9,377,23648,62,274,3,5,2,3,0.16489362,Q0_25,0,2,3
9,377,123961,328,305,3,6,3,3,0.87234043,Q75_100,0,0,3
9,377,33528,88,352,3,5,2,3,0.23404255,Q0_25,0,1,3
9,377,45677,121,60,3,5,3,2,0.32180851,Q25_50,0,0,2
9,377,94761,251,134,3,5,3,3,0.66755319,Q50_75,0,1,3
9,377,101018,267,359,3,6,3,3,0.71010638,Q50_75,0,0,3
9,377,89832,238,106,3,5,3,3,0.63297872,Q50_75,0,0,3
9,377,14678,38,352,3,5,2,3,0.10106383,Q0_25,0,0,3
9,377,131081,347,262,3,6,3,3,0.92287234,Q75_100,0,1,3
9,377,125155,331,368,3,6,3,3,0.88031915,Q75_100,0,0,3
9,377,49305,130,295,3,5,3,3,0.34574468,Q25_50,0,1,3
9,377,74806,198,160,3,5,3,3,0.52659574,Q50_75,0,2,3
9,377,20977,55,242,3,5,2,3,0.1462766,Q0_25,0,1,3
9,377,2923,7,284,3,4,1,3,0.01861702,Q0_25,0,1,3
9,377,137955,365,350,3,6,3,3,0.97074468,Q75_100,0,0,3
9,377,123906,328,250,3,6,3,3,0.87234043,Q75_100,0,2,3
9,377,6998,18,212,3,4,2,3,0.04787234,Q0_25,0,2,3
9,377,52375,138,349,3,5,3,3,0.36702128,Q25_50,0,0,3
9,377,33312,88,136,3,5,2,3,0.23404255,Q0_25,0,1,3
9,377,22342,59,99,3,5,2,2,0.15691489,Q0_25,0,0,2
9,377,76583,203,52,3,5,3,2,0.53989362,Q50_75,0,0,2
9,377,63582,168,246,3,5,3,3,0.44680851,Q25_50,0,1,3
9,377,45556,120,316,3,5,3,3,0.31914894,Q25_50,0,0,3
9,377,134528,356,316,3,6,3,3,0.94680851,Q75_100,0,0,3
9,377,88739,235,144,3,5,3,3,0.625,Q50_75,0,2,3
9,377,135395,359,52,3,6,3,2,0.95478723,Q75_100,0,0,2
9,377,64176,170,86,3,5,3,2,0.45212766,Q25_50,0,1,2
9,377,56970,151,43,3,5,3,2,0.40159574,Q25_50,0,0,2
9,377,12828,34,10,3,5,2,2,0.09042553,Q0_25,0,0,2
9,377,29480,78,74,3,5,2,2,0.20744681,Q0_25,0,1,2
9,377,95668,253,287,3,5,3,3,0.67287234,Q50_75,0,2,3
9,377,97782,259,139,3,5,3,3,0.68882979,Q50_75,0,2,3
9,377,116468,308,352,3,6,3,3,0.81914894,Q75_100,0,0,3
9,377,126269,334,351,3,6,3,3,0.88829787,Q75_100,0,0,3
9,377,30155,79,372,3,5,2,3,0.21010638,Q0_25,0,0,3
9,377,68524,181,287,3,5,3,3,0.48138298,Q25_50,0,0,3
9,377,112327,297,358,3,6,3,3,0.78989362,Q75_100,0,0,3
9,377,67199,178,93,3,5,3,2,0.47340426,Q25_50,0,1,2
9,377,71969,190,339,3,5,3,3,0.50531915,Q50_75,0,0,3
9,377,141513,375,138,3,6,3,3,0.99734043,Q75_100,0,0,3
9,377,22954,60,334,3,5,2,3,0.15957447,Q0_25,0,1,3
9,377,8909,23,238,3,4,2,3,0.06117021,Q0_25,0,1,3
9,377,85984,228,28,3,5,3,2,0.60638298,Q50_75,0,1,2
9,377,39473,104,265,3,5,3,3,0.27659574,Q25_50,0,2,3
9,377,23593,62,219,3,5,2,3,0.16489362,Q0_25,0,1,3
9,377,20336,53,355,3,5,2,3,0.14095745,Q0_25,0,0,3
9,377,109252,289,299,3,6,3,3,0.76861702,Q75_100,0,1,3
9,377,114437,303,206,3,6,3,3,0.80585106,Q75_100,0,1,3
9,377,24171,64,43,3,5,2,2,0.17021277,Q0_25,0,0,2
9,377,11032,29,99,3,5,2,2,0.07712766,Q0_25,0,0,2
9,377,38266,101,189,3,5,3,3,0.26861702,Q25_50,0,2,3
9,377,80218,212,294,3,5,3,3,0.56382979,Q50_75,0,1,3
9,377,63532,168,196,3,5,3,3,0.44680851,Q25_50,0,0,3
9,377,92860,246,118,3,5,3,3,0.65425532,Q50_75,0,0,3
9,377,32427,86,5,3,5,2,1,0.2287234,Q0_25,0,0,1
9,377,42622,113,21,3,5,3,2,0.30053191,Q25_50,0,0,2
9,377,66620,176,268,3,5,3,3,0.46808511,Q25_50,0,1,3
9,377,128764,341,207,3,6,3,3,0.90691489,Q75_100,0,1,3
9,377,96110,254,352,3,5,3,3,0.67553191,Q50_75,0,0,3
9,377,27853,73,332,3,5,2,3,0.19414894,Q0_25,0,0,3
9,377,122946,326,44,3,6,3,2,0.86702128,Q75_100,0,0,2
9,377,87144,231,57,3,5,3,2,0.6143617,Q50_75,0,0,2
9,377,91257,242,23,3,5,3,2,0.64361702,Q50_75,0,0,2
9,377,26575,70,185,3,5,2,3,0.18617021,Q0_25,0,2,3
9,377,66931,177,202,3,5,3,3,0.47074468,Q25_50,0,2,3
9,377,120263,319,0,3,6,3,1,0.84840426,Q75_100,0,0,1
9,377,60474,160,154,3,5,3,3,0.42553191,Q25_50,0,1,3
9,377,97063,257,174,3,5,3,3,0.68351064,Q50_75,0,1,3
9,377,99045,262,271,3,5,3,3,0.69680851,Q50_75,0,1,3
9,377,115781,307,42,3,6,3,2,0.81648936,Q75_100,0,0,2
9,377,110154,292,70,3,6,3,2,0.77659574,Q75_100,0,0,2
9,377,71491,189,238,3,5,3,3,0.50265957,Q50_75,0,2,3
9,377,31579,83,288,3,5,2,3,0.22074468,Q0_25,0,1,3
9,377,86935,230,225,3,5,3,3,0.61170213,Q50_75,1,3,3
9,377,85303,226,101,3,5,3,3,0.60106383,Q50_75,0,0,3
9,377,52347,138,321,3,5,3,3,0.36702128,Q25_50,0,0,3
9,377,141462,375,87,3,6,3,2,0.99734043,Q75_100,0,0,2
9,377,138606,367,247,3,6,3,3,0.97606383,Q75_100,0,1,3
9,377,131375,348,179,3,6,3,3,0.92553191,Q75_100,0,1,3
9,377,106832,283,141,3,6,3,3,0.75265957,Q75_100,0,0,3
9,377,126075,334,157,3,6,3,3,0.88829787,Q75_100,0,0,3
9,377,69291,183,300,3,5,3,3,0.48670213,Q25_50,0,1,3
9,377,31928,84,260,3,5,2,3,0.22340426,Q0_25,0,2,3
9,377,117244,310,374,3,6,3,3,0.82446809,Q75_100,0,1,3
9,377,46610,123,239,3,5,3,3,0.32712766,Q25_50,0,2,3
9,377,75140,199,117,3,5,3,3,0.52925532,Q50_75,0,0,3
9,377,65949,174,351,3,5,3,3,0.46276596,Q25_50,0,0,3
9,377,107254,284,186,3,6,3,3,0.75531915,Q75_100,0,1,3
9,377,94654,251,27,3,5,3,2,0.66755319,Q50_75,0,1,2
9,377,110622,293,161,3,6,3,3,0.77925532,Q75_100,0,1,3
9,377,30767,81,230,3,5,2,3,0.21542553,Q0_25,0,1,3
9,377,123248,326,346,3,6,3,3,0.86702128,Q75_100,0,0,3
9,377,26756,70,366,3,5,2,3,0.18617021,Q0_25,0,0,3
9,377,116491,308,375,3,6,3,3,0.81914894,Q75_100,0,0,3
9,377,18671,49,198,3,5,2,3,0.13031915,Q0_25,0,1,3
9,377,99274,263,123,3,5,3,3,0.69946809,Q50_75,0,1,3
9,377,85047,225,222,3,5,3,3,0.59840426,Q50_75,0,2,3
9,377,20387,54,29,3,5,2,2,0.14361702,Q0_25,0,1,2
9,377,51967,137,318,3,5,3,3,0.3643617,Q25_50,0,0,3
9,377,11202,29,269,3,5,2,3,0.07712766,Q0_25,1,3,3
9,377,139565,370,75,3,6,3,2,0.98404255,Q75_100,0,0,2
9,377,50359,133,218,3,5,3,3,0.3537234,Q25_50,0,2,3
9,377,46642,123,271,3,5,3,3,0.32712766,Q25_50,0,1,3
9,377,74074,196,182,3,5,3,3,0.5212766,Q50_75,0,1,3
9,377,139591,370,101,3,6,3,3,0.98404255,Q75_100,0,0,3
9,377,132162,350,212,3,6,3,3,0.93085106,Q75_100,0,1,3
9,377,66757,177,28,3,5,3,2,0.47074468,Q25_50,0,1,2
9,377,7653,20,113,3,4,2,3,0.05319149,Q0_25,0,1,3
9,377,47851,126,349,3,5,3,3,0.33510638,Q25_50,0,0,3
9,377,77779,206,117,3,5,3,3,0.54787234,Q50_75,0,1,3
9,377,97688,259,45,3,5,3,2,0.68882979,Q50_75,0,0,2
9,377,16309,43,98,3,5,2,2,0.1143617,Q0_25,0,0,2
9,377,71533,189,280,3,5,3,3,0.50265957,Q50_75,0,1,3
9,377,32713,86,291,3,5,2,3,0.2287234,Q0_25,0,0,3
9,377,90031,238,305,3,5,3,3,0.63297872,Q50_75,0,0,3
9,377,133044,352,340,3,6,3,3,0.93617021,Q75_100,0,0,3
9,377,46735,123,364,3,5,3,3,0.32712766,Q25_50,0,0,3
9,377,65085,172,241,3,5,3,3,0.45744681,Q25_50,0,1,3
9,377,84424,223,353,3,5,3,3,0.59308511,Q50_75,0,0,3
9,377,3126,8,110,3,4,1,3,0.0212766,Q0_25,0,0,3
9,377,40608,107,269,3,5,3,3,0.28457447,Q25_50,0,2,3
9,377,55837,148,41,3,5,3,2,0.39361702,Q25_50,0,0,2
9,377,112350,298,4,3,6,3,1,0.79255319,Q75_100,1,1,1
9,377,104650,277,221,3,6,3,3,0.73670213,Q50_75,1,3,3
9,377,138131,366,149,3,6,3,3,0.97340426,Q75_100,0,0,3
9,377,55504,147,85,3,5,3,2,0.39095745,Q25_50,0,0,2
9,377,74259,196,367,3,5,3,3,0.5212766,Q50_75,0,0,3
9,377,45040,119,177,3,5,3,3,0.31648936,Q25_50,0,1,3
9,377,46102,122,108,3,5,3,3,0.32446809,Q25_50,0,2,3
9,377,119537,317,28,3,6,3,2,0.84308511,Q75_100,0,0,2
9,377,10557,28,1,3,5,2,1,0.07446809,Q0_25,0,0,1
9,377,94882,251,255,3,5,3,3,0.66755319,Q50_75,0,2,3
9,377,131291,348,95,3,6,3,2,0.92553191,Q75_100,0,0,2
9,377,55797,148,1,3,5,3,1,0.39361702,Q25_50,0,0,1
9,377,1232,3,101,3,4,1,3,0.00797872,Q0_25,0,0,3
9,377,102849,272,305,3,6,3,3,0.72340426,Q50_75,0,0,3
9,377,52921,140,141,3,5,3,3,0.37234043,Q25_50,0,0,3
9,377,91334,242,100,3,5,3,3,0.64361702,Q50_75,0,0,3
9,377,102326,271,159,3,6,3,3,0.72074468,Q50_75,0,0,3
9,377,121809,323,38,3,6,3,2,0.85904255,Q75_100,0,0,2
9,377,61045,161,348,3,5,3,3,0.42819149,Q25_50,0,0,3
9,377,124144,329,111,3,6,3,3,0.875,Q75_100,0,1,3
9,377,85328,226,126,3,5,3,3,0.60106383,Q50_75,0,0,3
9,377,117506,311,259,3,6,3,3,0.82712766,Q75_100,0,0,3
9,377,134021,355,186,3,6,3,3,0.94414894,Q75_100,0,0,3
9,377,18766,49,293,3,5,2,3,0.13031915,Q0_25,0,1,3
9,377,113146,300,46,3,6,3,2,0.79787234,Q75_100,0,0,2
9,377,51997,137,348,3,5,3,3,0.3643617,Q25_50,0,0,3
9,377,77170,204,262,3,5,3,3,0.54255319,Q50_75,0,1,3
9,377,63052,167,93,3,5,3,2,0.44414894,Q25_50,0,1,2
9,377,9808,26,6,3,4,2,1,0.06914894,Q0_25,1,1,1
9,377,53148,140,368,3,5,3,3,0.37234043,Q25_50,0,1,3
9,377,131033,347,214,3,6,3,3,0.92287234,Q75_100,0,1,3
9,377,89250,236,278,3,5,3,3,0.62765957,Q50_75,0,0,3
9,377,141929,376,177,3,6,3,3,1.0,Q75_100,0,0,3
9,377,80958,214,280,3,5,3,3,0.56914894,Q50_75,0,2,3
9,377,13302,35,107,3,5,2,3,0.09308511,Q0_25,0,1,3
9,377,90317,239,214,3,5,3,3,0.6356383,Q50_75,0,2,3
9,377,65517,173,296,3,5,3,3,0.46010638,Q25_50,0,0,3
9,377,25688,68,52,3,5,2,2,0.18085106,Q0_25,0,0,2
9,377,85793,227,214,3,5,3,3,0.6037234,Q50_75,0,2,3
9,377,22220,58,354,3,5,2,3,0.15425532,Q0_25,0,0,3
9,377,137510,364,282,3,6,3,3,0.96808511,Q75_100,0,0,3
9,377,37076,98,130,3,5,2,3,0.2606383,Q25_50,0,1,3
9,377,55163,146,121,3,5,3,3,0.38829787,Q25_50,0,1,3
9,377,133450,353,369,3,6,3,3,0.93882979,Q75_100,0,0,3
9,377,49366,130,356,3,5,3,3,0.34574468,Q25_50,0,0,3
9,377,58138,154,80,3,5,3,2,0.40957447,Q25_50,0,0,2
9,377,96383,255,248,3,5,3,3,0.67819149,Q50_75,0,1,3
9,377,137980,365,375,3,6,3,3,0.97074468,Q75_100,0,0,3
9,377,137335,364,107,3,6,3,3,0.96808511,Q75_100,0,0,3
9,377,3788,10,18,3,4,2,2,0.02659574,Q0_25,0,0,2
9,377,105735,280,175,3,6,3,3,0.74468085,Q50_75,0,1,3
9,377,120313,319,50,3,6,3,2,0.84840426,Q75_100,0,0,2
9,377,9811,26,9,3,4,2,1,0.06914894,Q0_25,0,0,1
9,377,72709,192,325,3,5,3,3,0.5106383,Q50_75,0,0,3
9,377,11590,30,280,3,5,2,3,0.07978723,Q0_25,0,1,3
9,377,124355,329,322,3,6,3,3,0.875,Q75_100,0,1,3
9,377,130095,345,30,3,6,3,2,0.91755319,Q75_100,0,0,2
9,377,2719,7,80,3,4,1,2,0.01861702,Q0_25,0,0,2
9,377,126648,335,353,3,6,3,3,0.89095745,Q75_100,0,1,3
9,377,89454,237,105,3,5,3,3,0.63031915,Q50_75,0,1,3
9,377,6099,16,67,3,4,2,2,0.04255319,Q0_25,0,1,2
9,377,76088,201,311,3,5,3,3,0.53457447,Q50_75,0,0,3
9,377,102130,270,340,3,6,3,3,0.71808511,Q50_75,0,0,3
9,377,97776,259,133,3,5,3,3,0.68882979,Q50_75,0,2,3
9,377,10130,26,328,3,5,2,3,0.06914894,Q0_25,0,0,3
9,377,6828,18,42,3,4,2,2,0.04787234,Q0_25,0,0,2
9,377,100047,265,142,3,6,3,3,0.70478723,Q50_75,0,0,3
9,377,70909,188,33,3,5,3,2,0.5,Q50_75,0,0,2
9,377,47384,125,259,3,5,3,3,0.33244681,Q25_50,0,1,3
9,377,116343,308,227,3,6,3,3,0.81914894,Q75_100,0,2,3
9,377,74697,198,51,3,5,3,2,0.52659574,Q50_75,0,0,2
9,377,74192,196,300,3,5,3,3,0.5212766,Q50_75,0,0,3
9,377,81509,216,77,3,5,3,2,0.57446809,Q50_75,0,1,2
9,377,105631,280,71,3,6,3,2,0.74468085,Q50_75,1,2,2
9,377,91971,243,360,3,5,3,3,0.6462766,Q50_75,0,2,3
9,377,58703,155,268,3,5,3,3,0.41223404,Q25_50,0,2,3
9,377,118808,315,53,3,6,3,2,0.83776596,Q75_100,0,0,2
9,377,42541,112,317,3,5,3,3,0.29787234,Q25_50,0,0,3
9,377,129290,342,356,3,6,3,3,0.90957447,Q75_100,0,0,3
9,377,78415,207,376,3,5,3,3,0.55053191,Q50_75,0,0,3
9,377,54670,145,5,3,5,3,1,0.3856383,Q25_50,0,0,1
9,377,110408,292,324,3,6,3,3,0.77659574,Q75_100,0,0,3
9,377,65356,173,135,3,5,3,3,0.46010638,Q25_50,0,1,3
9,377,100704,267,45,3,6,3,2,0.71010638,Q50_75,0,0,2
9,377,141722,375,347,3,6,3,3,0.99734043,Q75_100,0,0,3
9,377,90419,239,316,3,5,3,3,0.6356383,Q50_75,0,0,3
9,377,35227,93,166,3,5,2,3,0.24734043,Q0_25,0,2,3
9,377,81122,215,67,3,5,3,2,0.57180851,Q50_75,0,1,2
9,377,28281,75,6,3,5,2,1,0.19946809,Q0_25,0,0,1
9,377,38712,102,258,3,5,3,3,0.2712766,Q25_50,0,0,3
9,377,45646,121,29,3,5,3,2,0.32180851,Q25_50,0,0,2
9,377,86883,230,173,3,5,3,3,0.61170213,Q50_75,0,0,3
9,377,139146,369,33,3,6,3,2,0.98138298,Q75_100,0,0,2
9,377,99803,264,275,3,5,3,3,0.70212766,Q50_75,0,2,3
9,377,119291,316,159,3,6,3,3,0.84042553,Q75_100,0,0,3
9,377,121966,323,195,3,6,3,3,0.85904255,Q75_100,0,0,3
9,377,77437,205,152,3,5,3,3,0.54521277,Q50_75,0,1,3
9,377,47035,124,287,3,5,3,3,0.32978723,Q25_50,0,1,3
9,377,81228,215,173,3,5,3,3,0.57180851,Q50_75,0,0,3
9,377,27910,74,12,3,5,2,2,0.19680851,Q0_25,0,1,2
9,377,44995,119,132,3,5,3,3,0.31648936,Q25_50,1,3,3
9,377,43788,116,56,3,5,3,2,0.30851064,Q25_50,0,0,2
9,377,35044,92,360,3,5,2,3,0.24468085,Q0_25,0,1,3
9,377,135729,360,9,3,6,3,1,0.95744681,Q75_100,0,0,1
9,377,13191,34,373,3,5,2,3,0.09042553,Q0_25,0,0,3
9,377,95472,253,91,3,5,3,2,0.67287234,Q50_75,0,0,2
9,377,22010,58,144,3,5,2,3,0.15425532,Q0_25,0,2,3
9,377,4091,10,321,3,4,2,3,0.02659574,Q0_25,0,0,3
9,377,60539,160,219,3,5,3,3,0.42553191,Q25_50,0,0,3
9,377,95637,253,256,3,5,3,3,0.67287234,Q50_75,0,1,3
9,377,10268,27,89,3,5,2,2,0.07180851,Q0_25,0,0,2
9,377,104631,277,202,3,6,3,3,0.73670213,Q50_75,0,1,3
9,377,61960,164,132,3,5,3,3,0.43617021,Q25_50,0,1,3
9,377,5283,14,5,3,4,2,1,0.03723404,Q0_25,0,0,1
9,377,140600,372,356,3,6,3,3,0.9893617,Q75_100,0,2,3
9,377,92571,245,206,3,5,3,3,0.65159574,Q50_75,0,2,3
9,377,62674,166,92,3,5,3,2,0.44148936,Q25_50,0,0,2
9,377,14357,38,31,3,5,2,2,0.10106383,Q0_25,0,0,2
9,377,10041,26,239,3,5,2,3,0.06914894,Q0_25,0,2,3
9,377,123608,327,329,3,6,3,3,0.86968085,Q75_100,0,0,3
9,377,61012,161,315,3,5,3,3,0.42819149,Q25_50,0,0,3
9,377,108062,286,240,3,6,3,3,0.7606383,Q75_100,0,1,3
9,377,130851,347,32,3,6,3,2,0.92287234,Q75_100,0,0,2
9,377,73136,193,375,3,5,3,3,0.51329787,Q50_75,0,0,3
9,377,115139,305,154,3,6,3,3,0.81117021,Q75_100,0,1,3
9,377,101716,269,303,3,6,3,3,0.71542553,Q50_75,0,0,3
9,377,127625,338,199,3,6,3,3,0.89893617,Q75_100,0,1,3
9,377,99963,265,58,3,5,3,2,0.70478723,Q50_75,0,0,2
9,377,114703,304,95,3,6,3,2,0.80851064,Q75_100,0,0,2
9,377,68931,182,317,3,5,3,3,0.48404255,Q25_50,0,1,3
9,377,93277,247,158,3,5,3,3,0.65691489,Q50_75,0,1,3
9,377,69591,184,223,3,5,3,3,0.4893617,Q25_50,0,1,3
9,377,53813,142,279,3,5,3,3,0.37765957,Q25_50,0,1,3
9,377,17033,45,68,3,5,2,2,0.11968085,Q0_25,0,1,2
9,377,42503,112,279,3,5,3,3,0.29787234,Q25_50,0,0,3
9,377,136816,362,342,3,6,3,3,0.96276596,Q75_100,0,0,3
9,377,74043,196,151,3,5,3,3,0.5212766,Q50_75,0,0,3
9,377,138826,368,90,3,6,3,2,0.9787234,Q75_100,0,0,2
9,377,83265,220,325,3,5,3,3,0.58510638,Q50_75,0,1,3
9,377,115144,305,159,3,6,3,3,0.81117021,Q75_100,0,0,3
9,377,61430,162,356,3,5,3,3,0.43085106,Q25_50,0,0,3
9,377,52597,139,194,3,5,3,3,0.36968085,Q25_50,0,1,3
9,377,63663,168,327,3,5,3,3,0.44680851,Q25_50,0,1,3
9,377,48949,129,316,3,5,3,3,0.34308511,Q25_50,0,1,3
9,377,99961,265,56,3,5,3,2,0.70478723,Q50_75,0,0,2
9,377,29593,78,187,3,5,2,3,0.20744681,Q0_25,0,2,3
9,377,129409,343,98,3,6,3,2,0.91223404,Q75_100,0,0,2
9,377,56287,149,114,3,5,3,3,0.3962766,Q25_50,0,1,3
9,377,104408,276,356,3,6,3,3,0.73404255,Q50_75,0,1,3
9,377,70621,187,122,3,5,3,3,0.49734043,Q25_50,0,0,3
9,377,118329,313,328,3,6,3,3,0.83244681,Q75_100,0,1,3
9,377,123138,326,236,3,6,3,3,0.86702128,Q75_100,0,1,3
9,377,2661,7,22,3,4,1,2,0.01861702,Q0_25,0,0,2
9,377,33108,87,309,3,5,2,3,0.23138298,Q0_25,0,0,3
9,377,51375,136,103,3,5,3,3,0.36170213,Q25_50,0,1,3
9,377,32435,86,13,3,5,2,2,0.2287234,Q0_25,0,0,2
9,377,99001,262,227,3,5,3,3,0.69680851,Q50_75,0,1,3
9,377,92342,244,354,3,5,3,3,0.64893617,Q50_75,0,0,3
9,377,98443,261,46,3,5,3,2,0.69414894,Q50_75,0,0,2
9,377,86973,230,263,3,5,3,3,0.61170213,Q50_75,0,1,3
9,377,1974,5,89,3,4,1,2,0.01329787,Q0_25,0,0,2
9,377,107422,284,354,3,6,3,3,0.75531915,Q75_100,0,0,3
9,377,81372,215,317,3,5,3,3,0.57180851,Q50_75,0,0,3
9,377,137380,364,152,3,6,3,3,0.96808511,Q75_100,0,1,3
9,377,115241,305,256,3,6,3,3,0.81117021,Q75_100,0,1,3
9,377,11089,29,156,3,5,2,3,0.07712766,Q0_25,0,1,3
9,377,33865,89,312,3,5,2,3,0.23670213,Q0_25,0,0,3
9,377,25887,68,251,3,5,2,3,0.18085106,Q0_25,0,2,3
9,377,92758,246,16,3,5,3,2,0.65425532,Q50_75,0,0,2
9,377,17703,46,361,3,5,2,3,0.12234043,Q0_25,0,1,3
9,377,122541,325,16,3,6,3,2,0.8643617,Q75_100,0,0,2
9,377,69358,183,367,3,5,3,3,0.48670213,Q25_50,0,0,3
9,377,115433,306,71,3,6,3,2,0.81382979,Q75_100,1,2,2
9,377,114564,303,333,3,6,3,3,0.80585106,Q75_100,0,0,3
9,377,67892,180,32,3,5,3,2,0.4787234,Q25_50,0,1,2
9,377,56995,151,68,3,5,3,2,0.40159574,Q25_50,0,0,2
9,377,61878,164,50,3,5,3,2,0.43617021,Q25_50,0,0,2
9,377,13341,35,146,3,5,2,3,0.09308511,Q0_25,0,0,3
9,377,106110,281,173,3,6,3,3,0.74734043,Q50_75,0,0,3
9,377,81415,215,360,3,5,3,3,0.57180851,Q50_75,0,0,3
9,377,131252,348,56,3,6,3,2,0.92553191,Q75_100,0,0,2
9,377,15187,40,107,3,5,2,3,0.10638298,Q0_25,0,1,3
9,377,128392,340,212,3,6,3,3,0.90425532,Q75_100,0,2,3
9,377,8961,23,290,3,4,2,3,0.06117021,Q0_25,0,1,3
9,377,31151,82,237,3,5,2,3,0.21808511,Q0_25,0,2,3
9,377,9974,26,172,3,4,2,3,0.06914894,Q0_25,0,1,3
9,377,75992,201,215,3,5,3,3,0.53457447,Q50_75,0,0,3
9,377,107557,285,112,3,6,3,3,0.75797872,Q75_100,0,2,3
9,377,107338,284,270,3,6,3,3,0.75531915,Q75_100,0,1,3
9,377,64250,170,160,3,5,3,3,0.45212766,Q25_50,0,1,3
9,377,69570,184,202,3,5,3,3,0.4893617,Q25_50,0,0,3
9,377,42399,112,175,3,5,3,3,0.29787234,Q25_50,0,0,3
9,377,6265,16,233,3,4,2,3,0.04255319,Q0_25,0,1,3
9,377,134275,356,63,3,6,3,2,0.94680851,Q75_100,0,0,2
9,377,119490,316,358,3,6,3,3,0.84042553,Q75_100,0,0,3
9,377,21503,57,14,3,5,2,2,0.15159574,Q0_25,0,0,2
9,377,134666,357,77,3,6,3,2,0.94946809,Q75_100,0,0,2
9,377,5582,14,304,3,4,2,3,0.03723404,Q0_25,0,0,3
9,377,53060,140,280,3,5,3,3,0.37234043,Q25_50,0,2,3
9,377,56579,150,29,3,5,3,2,0.39893617,Q25_50,0,1,2
9,377,84044,222,350,3,5,3,3,0.59042553,Q50_75,0,0,3
9,377,95733,253,352,3,5,3,3,0.67287234,Q50_75,0,0,3
9,377,95340,252,336,3,5,3,3,0.67021277,Q50_75,0,0,3
9,377,18938,50,88,3,5,2,2,0.13297872,Q0_25,0,0,2
9,377,95445,253,64,3,5,3,2,0.67287234,Q50_75,0,1,2
9,377,46277,122,283,3,5,3,3,0.32446809,Q25_50,0,1,3
9,377,77219,204,311,3,5,3,3,0.54255319,Q50_75,0,0,3
9,377,7995,21,78,3,4,2,2,0.05585106,Q0_25,0,0,2
9,377,134033,355,198,3,6,3,3,0.94414894,Q75_100,0,0,3
9,377,90285,239,182,3,5,3,3,0.6356383,Q50_75,0,0,3
9,377,72374,191,367,3,5,3,3,0.50797872,Q50_75,0,0,3
9,377,34800,92,116,3,5,2,3,0.24468085,Q0_25,0,0,3
9,377,138972,368,236,3,6,3,3,0.9787234,Q75_100,0,1,3
9,377,4164,11,17,3,4,2,2,0.02925532,Q0_25,0,0,2
9,377,140181,371,314,3,6,3,3,0.98670213,Q75_100,0,1,3
9,377,125817,333,276,3,6,3,3,0.8856383,Q75_100,0,1,3
9,377,36611,97,42,3,5,2,2,0.25797872,Q25_50,0,0,2
9,377,5895,15,240,3,4,2,3,0.03989362,Q0_25,0,0,3
9,377,53694,142,160,3,5,3,3,0.37765957,Q25_50,0,1,3
9,377,96588,256,76,3,5,3,2,0.68085106,Q50_75,0,0,2
9,377,38590,102,136,3,5,3,3,0.2712766,Q25_50,0,1,3
9,377,48890,129,257,3,5,3,3,0.34308511,Q25_50,0,2,3
9,377,79443,210,273,3,5,3,3,0.55851064,Q50_75,0,1,3
9,377,65033,172,189,3,5,3,3,0.45744681,Q25_50,0,1,3
9,377,124928,331,141,3,6,3,3,0.88031915,Q75_100,0,0,3
9,377,139656,370,166,3,6,3,3,0.98404255,Q75_100,0,0,3
9,377,42194,111,347,3,5,3,3,0.29521277,Q25_50,0,0,3
9,377,109744,291,37,3,6,3,2,0.77393617,Q75_100,0,0,2
9,377,94586,250,336,3,5,3,3,0.66489362,Q50_75,0,0,3
9,377,116936,310,66,3,6,3,2,0.82446809,Q75_100,0,0,2
9,377,74496,197,227,3,5,3,3,0.52393617,Q50_75,0,1,3
9,377,92355,244,367,3,5,3,3,0.64893617,Q50_75,0,1,3
9,377,65097,172,253,3,5,3,3,0.45744681,Q25_50,0,1,3
9,377,50175,133,34,3,5,3,2,0.3537234,Q25_50,0,1,2
9,377,15749,41,292,3,5,2,3,0.10904255,Q0_25,0,1,3
9,377,72218,191,211,3,5,3,3,0.50797872,Q50_75,0,1,3
9,377,134766,357,177,3,6,3,3,0.94946809,Q75_100,0,0,3
9,377,119666,317,157,3,6,3,3,0.84308511,Q75_100,0,0,3
9,377,87605,232,141,3,5,3,3,0.61702128,Q50_75,0,0,3
9,377,106182,281,245,3,6,3,3,0.74734043,Q50_75,0,1,3
9,377,50556,134,38,3,5,3,2,0.35638298,Q25_50,0,0,2
9,377,35886,95,71,3,5,2,2,0.25265957,Q25_50,0,0,2
9,377,2487,6,225,3,4,1,3,0.01595745,Q0_25,0,1,3
9,377,63016,167,57,3,5,3,2,0.44414894,Q25_50,0,1,2
9,377,91729,243,118,3,5,3,3,0.6462766,Q50_75,0,1,3
9,377,11719,31,32,3,5,2,2,0.08244681,Q0_25,1,2,2
9,377,12259,32,195,3,5,2,3,0.08510638,Q0_25,0,1,3
9,377,49208,130,198,3,5,3,3,0.34574468,Q25_50,0,1,3
9,377,98201,260,181,3,5,3,3,0.69148936,Q50_75,0,0,3
9,377,135304,358,338,3,6,3,3,0.95212766,Q75_100,0,0,3
9,377,43753,116,21,3,5,3,2,0.30851064,Q25_50,0,0,2
9,377,113903,302,49,3,6,3,2,0.80319149,Q75_100,0,0,2
9,377,113947,302,93,3,6,3,2,0.80319149,Q75_100,0,0,2
9,377,47649,126,147,3,5,3,3,0.33510638,Q25_50,0,1,3
9,377,113657,301,180,3,6,3,3,0.80053191,Q75_100,0,0,3
9,377,20573,54,215,3,5,2,3,0.14361702,Q0_25,0,2,3
9,377,36330,96,138,3,5,2,3,0.25531915,Q25_50,0,0,3
9,377,86486,229,153,3,5,3,3,0.60904255,Q50_75,0,0,3
9,377,5180,13,279,3,4,2,3,0.03457447,Q0_25,0,1,3
9,377,134800,357,211,3,6,3,3,0.94946809,Q75_100,0,2,3
9,377,114078,302,224,3,6,3,3,0.80319149,Q75_100,0,1,3
9,377,98193,260,173,3,5,3,3,0.69148936,Q50_75,0,1,3
9,377,19378,51,151,3,5,2,3,0.1356383,Q0_25,0,0,3
9,377,40440,107,101,3,5,3,3,0.28457447,Q25_50,0,0,3
9,377,128216,340,36,3,6,3,2,0.90425532,Q75_100,0,0,2
9,377,67315,178,209,3,5,3,3,0.47340426,Q25_50,0,1,3
9,377,70588,187,89,3,5,3,2,0.49734043,Q25_50,0,0,2
9,377,126824,336,152,3,6,3,3,0.89361702,Q75_100,0,0,3
9,377,35420,93,359,3,5,2,3,0.24734043,Q0_25,0,0,3
9,377,20283,53,302,3,5,2,3,0.14095745,Q0_25,0,0,3
9,377,123665,328,9,3,6,3,1,0.87234043,Q75_100,0,0,1
9,377,28291,75,16,3,5,2,2,0.19946809,Q0_25,0,0,2
9,377,82365,218,179,3,5,3,3,0.57978723,Q50_75,0,1,3
9,377,112278,297,309,3,6,3,3,0.78989362,Q75_100,0,0,3
9,377,59740,158,174,3,5,3,3,0.42021277,Q25_50,0,2,3
9,377,90024,238,298,3,5,3,3,0.63297872,Q50_75,0,1,3
9,377,22579,59,336,3,5,2,3,0.15691489,Q0_25,0,0,3
9,377,59515,157,326,3,5,3,3,0.41755319,Q25_50,0,0,3
9,377,121451,322,57,3,6,3,2,0.85638298,Q75_100,0,1,2
9,377,113926,302,72,3,6,3,2,0.80319149,Q75_100,0,0,2
9,377,38368,101,291,3,5,3,3,0.26861702,Q25_50,0,2,3
9,377,38059,100,359,3,5,3,3,0.26595745,Q25_50,0,0,3
9,377,17089,45,124,3,5,2,3,0.11968085,Q0_25,0,2,3
9,377,110428,292,344,3,6,3,3,0.77659574,Q75_100,0,0,3
9,377,141188,374,190,3,6,3,3,0.99468085,Q75_100,0,1,3
9,377,42133,111,286,3,5,3,3,0.29521277,Q25_50,0,0,3
9,377,71878,190,248,3,5,3,3,0.50531915,Q50_75,0,2,3
9,377,38406,101,329,3,5,3,3,0.26861702,Q25_50,0,1,3
9,377,132390,351,63,3,6,3,2,0.93351064,Q75_100,0,0,2
9,377,28081,74,183,3,5,2,3,0.19680851,Q0_25,0,1,3
9,377,25012,66,130,3,5,2,3,0.17553191,Q0_25,0,1,3
9,377,8888,23,217,3,4,2,3,0.06117021,Q0_25,0,1,3
9,377,92508,245,143,3,5,3,3,0.65159574,Q50_75,0,2,3
9,377,81607,216,175,3,5,3,3,0.57446809,Q50_75,0,1,3
9,377,141762,376,10,3,6,3,2,1.0,Q75_100,0,0,2
9,377,140354,372,110,3,6,3,3,0.9893617,Q75_100,0,0,3
9,377,64469,171,2,3,5,3,1,0.45478723,Q25_50,0,0,1
9,377,131941,349,368,3,6,3,3,0.92819149,Q75_100,0,0,3
9,377,83219,220,279,3,5,3,3,0.58510638,Q50_75,0,1,3
9,377,55724,147,305,3,5,3,3,0.39095745,Q25_50,0,0,3
9,377,47818,126,316,3,5,3,3,0.33510638,Q25_50,0,0,3
9,377,134485,356,273,3,6,3,3,0.94680851,Q75_100,0,1,3
9,377,10374,27,195,3,5,2,3,0.07180851,Q0_25,0,1,3
9,377,61092,162,18,3,5,3,2,0.43085106,Q25_50,0,0,2
9,377,9385,24,337,3,4,2,3,0.06382979,Q0_25,0,0,3
9,377,30489,80,329,3,5,2,3,0.21276596,Q0_25,0,0,3
9,377,10768,28,212,3,5,2,3,0.07446809,Q0_25,0,2,3
9,377,138758,368,22,3,6,3,2,0.9787234,Q75_100,0,0,2
9,377,26985,71,218,3,5,2,3,0.18882979,Q0_25,0,1,3
9,377,59925,158,359,3,5,3,3,0.42021277,Q25_50,0,0,3
9,377,81453,216,21,3,5,3,2,0.57446809,Q50_75,0,1,2
9,377,127303,337,254,3,6,3,3,0.8962766,Q75_100,0,0,3
